"datetime","date","account_type","category","type","asset_class","name","symbol","shares","price","amount","fee","tax","currency","original_amount","original_currency","fx_rate","description","transaction_id","counterparty_name","counterparty_iban","payment_reference","mcc_code"
"2020-04-01T09:01:47.288389Z","2020-04-01","DEFAULT","CASH","CUSTOMER_INPAYMENT","","","","","","1000.000000","","","EUR","","","","Direct Debit Top up with DE89370400440532013000","049d29ec-6d52-4bc2-937e-7c5b70bc2293","","","",""
"2020-04-03T20:37:17.848749Z","2020-04-03","DEFAULT","CASH","CARD_TRANSACTION","","Apotheke am Markt","","","","-12.810000","","","EUR","","","","TR Card Transaction","f22cf8ae-b6a8-4702-8a6e-d0bd39f0328e","","","","5912"
"2020-04-04T10:13:48.352944Z","2020-04-04","DEFAULT","CASH","CARD_TRANSACTION","","Netflix.com","","","","-13.990000","","","EUR","","","","TR Card Transaction","cc649a24-fcb3-466c-9c25-72f2be93ff27","","","","4899"
"2020-04-09T17:13:42.279946Z","2020-04-09","DEFAULT","CASH","CARD_TRANSACTION","","Amazon.de","","","","-19.710000","","","EUR","","","","TR Card Transaction","6469da1e-1173-48b4-a7f7-0ab963a14b55","","","","5942"
"2020-04-16T13:08:32.517488Z","2020-04-16","DEFAULT","CASH","CARD_TRANSACTION","","MediaMarkt","","","","-88.890000","","","EUR","","","","TR Card Transaction","f3f56f6a-9cb0-47fa-aba7-893cb8940cc6","","","","5732"
"2020-04-17T18:24:38.490785Z","2020-04-17","DEFAULT","CASH","CARD_TRANSACTION","","Netflix.com","","","","-13.990000","","","EUR","","","","TR Card Transaction","94e624b8-8210-40fa-a2b4-1d9f6f96e7ee","","","","4899"
"2020-04-18T14:49:41.356699Z","2020-04-18","DEFAULT","CASH","TRANSFER_INSTANT_OUTBOUND","","","","","","-50.000000","","","EUR","","","","Outgoing transfer for Max Mustermann","67a788a3-a0d9-4fd7-b2da-a2290b5bec09","","","",""
"2020-04-20T09:55:40.312942Z","2020-04-20","DEFAULT","CASH","CARD_TRANSACTION","","Rossmann","","","","-13.680000","","","EUR","","","","TR Card Transaction","a8338202-d9ab-403c-9fc9-e0594bba2e68","","","","5912"
"2020-04-24T10:42:30.992842Z","2020-04-24","DEFAULT","CASH","CARD_TRANSACTION","","Apotheke am Markt","","","","-20.080000","","","EUR","","","","TR Card Transaction","6adc422d-7ee8-4890-bbd7-57ee91badd6d","","","","5912"
"2020-04-28T13:00:04.742225Z","2020-04-28","DEFAULT","CASH","CARD_TRANSACTION","","MediaMarkt","","","","-117.480000","","","EUR","","","","TR Card Transaction","480667d7-bfe0-4afc-805d-9bb427246102","","","","5732"
"2020-05-01T12:06:06.690993Z","2020-05-01","DEFAULT","CASH","CUSTOMER_INPAYMENT","","","","","","400.000000","","","EUR","","","","Direct Debit Top up with DE89370400440532013000","65ed1ac9-3b7e-4e56-a999-d36a07498099","","","",""
"2020-05-04T12:34:28.146991Z","2020-05-04","DEFAULT","TRADING","BUY","FUND","Core MSCI World USD (Acc)","IE00B4L5Y983","2.2912540000","43.6442","-100.00","","","EUR","","","","Savings plan execution IE00B4L5Y983 iShares III plc - iShares Core MSCI World UCITS ETF USD (Acc), quantity: 2.291254","db371a9a-52a8-4f0d-adcd-8f23cc1660e6","","","",""
"2020-05-06T21:30:13.906651Z","2020-05-06","DEFAULT","CASH","CARD_TRANSACTION","","Starbucks Darmstadt","","","","-4.830000","","","EUR","","","","TR Card Transaction","6835d5fa-ff1b-47d6-ad7f-06ed4ec1ec2b","","","","5814"
"2020-05-08T21:09:12.311120Z","2020-05-08","DEFAULT","CASH","CARD_TRANSACTION","","Apotheke am Markt","","","","-17.900000","","","EUR","","","","TR Card Transaction","f9db92c2-9d76-47ac-96ab-6c1b3907076d","","","","5912"
"2020-05-09T07:03:37.499948Z","2020-05-09","DEFAULT","CASH","CARD_TRANSACTION","","ALDI SUED","","","","-30.930000","","","EUR","","","","TR Card Transaction","e0434ddc-e132-451d-ab17-9e6a2e1a1e95","","","","5411"
"2020-05-10T11:04:38.071262Z","2020-05-10","DEFAULT","CASH","CARD_TRANSACTION","","Kino Darmstadt","","","","-9.400000","","","EUR","","","","TR Card Transaction","50fc96ba-52c1-4ee6-9015-95313d9b1c54","","","","7832"
"2020-05-18T15:59:42.108618Z","2020-05-18","DEFAULT","CASH","TRANSFER_INSTANT_OUTBOUND","","","","","","-300.000000","","","EUR","","","","Outgoing transfer for Max Mustermann","83d173f8-7df3-47fa-9f87-4192cf4946ca","","","",""
"2020-05-22T09:04:56.724586Z","2020-05-22","DEFAULT","CASH","CARD_TRANSACTION","","Netflix.com","","","","-13.990000","","","EUR","","","","TR Card Transaction","a70ccfd4-370f-4303-bd7e-1a201de4bec6","","","","4899"
"2020-05-22T14:10:47.463298Z","2020-05-22","DEFAULT","TRADING","BUY","STOCK","NVIDIA","US67066G1040","40.1346280000","7.474842","-300.00","-1.00","","EUR","","","","Buy trade US67066G1040 NVIDIA CORP.   DL-,001, quantity: 40.134628","78a6fb8d-35ca-4b50-bf27-7f52fa675bce","","","",""
"2020-05-24T07:57:22.220281Z","2020-05-24","DEFAULT","CASH","CARD_TRANSACTION","","DB Vertrieb GmbH","","","","-27.600000","","","EUR","","","","TR Card Transaction","28c6741a-fffe-449a-bb88-26e93eae28b1","","","","4112"
"2020-05-25T13:55:10.838742Z","2020-05-25","DEFAULT","CASH","CARD_TRANSACTION","","DM-Drogerie Markt","","","","-27.920000","","","EUR","","","","TR Card Transaction","87f8d7c5-04c1-4b27-9624-93651820bdcb","","","","5912"
"2020-05-28T13:14:01.692094Z","2020-05-28","DEFAULT","CASH","CARD_TRANSACTION","","Shell Tankstelle","","","","-43.990000","","","EUR","","","","TR Card Transaction","bd25db1c-da09-475d-a7e4-7f77c7e90dcd","","","","5541"
"2020-05-28T14:55:04.810891Z","2020-05-28","DEFAULT","CASH","CARD_TRANSACTION","","MCDONALDS 01271","","","","-8.980000","","","EUR","","","","TR Card Transaction","ec01c81e-83d9-4ea8-8002-80cd7d59ebb4","","","","5814"
"2020-06-01T12:23:27.073372Z","2020-06-01","DEFAULT","CASH","CUSTOMER_INPAYMENT_REVERSAL","","","","","","-500.000000","","","EUR","","","","Direct Debit Chargeback with DE89370400440532013000","ba5dd5b8-d74d-4460-827c-d38e6bc27545","","","",""
"2020-06-01T19:38:32.121263Z","2020-06-01","DEFAULT","CASH","CUSTOMER_INPAYMENT","","","","","","400.000000","","","EUR","","","","Direct Debit Top up with DE89370400440532013000","4d00ed6b-a483-4cc8-9513-744f8a857374","","","",""
"2020-06-02T09:46:57.314910Z","2020-06-02","DEFAULT","TRADING","BUY","FUND","Core MSCI World USD (Acc)","IE00B4L5Y983","2.3112620000","43.2664","-100.00","","","EUR","","","","Savings plan execution IE00B4L5Y983 iShares III plc - iShares Core MSCI World UCITS ETF USD (Acc), quantity: 2.311262","f18322d2-73e6-4c61-abaf-2be2a0db6584","","","",""
"2020-06-02T10:12:26.697229Z","2020-06-02","DEFAULT","TRADING","BUY","STOCK","Microsoft","US5949181045","0.1659370000","150.6592","-25.00","","","EUR","","","","Savings plan execution US5949181045 MICROSOFT  DL-,00000625, quantity: 0.165937","834c2d7d-def6-4500-a7f3-cdfbd7d99a06","","","",""
"2020-06-02T15:25:35.874224Z","2020-06-02","DEFAULT","CASH","CARD_TRANSACTION","","Rossmann","","","","-16.160000","","","EUR","","","","TR Card Transaction","f8e14045-1149-4bcb-814b-456beb8d7d38","","","","5912"
"2020-06-02T15:42:26.342027Z","2020-06-02","DEFAULT","TRADING","BUY","STOCK","Apple","US0378331005","0.4988890000","50.1113","-25.00","","","EUR","","","","Savings plan execution US0378331005 APPLE INC., quantity: 0.498889","b6aac634-7023-480f-8fac-c6bdd4426fc0","","","",""
"2020-06-02T16:39:20.695612Z","2020-06-02","DEFAULT","CASH","TRANSFER_INSTANT_INBOUND","","","","","","100.000000","","","EUR","","","","Incoming transfer from Max Mustermann","ac104b10-4b6e-4833-a293-47e78f2c2611","","","",""
"2020-06-02T18:44:18.581343Z","2020-06-02","DEFAULT","CASH","TRANSFER_INSTANT_INBOUND","","","","","","50.000000","","","EUR","","","","Incoming transfer from Max Mustermann","f290cd6d-49c4-4f37-b3c0-4262d2fc2e27","","","",""
"2020-06-09T06:57:48.902237Z","2020-06-09","DEFAULT","CASH","CARD_TRANSACTION","","Starbucks Darmstadt","","","","-4.740000","","","EUR","","","","TR Card Transaction","78ed7f90-e2ae-4a5f-94a0-1f7eb60b2072","","","","5814"
"2020-06-15T15:15:17.352161Z","2020-06-15","DEFAULT","CASH","TRANSFER_INSTANT_INBOUND","","","","","","50.000000","","","EUR","","","","Incoming transfer from Max Mustermann","7ac41435-3dd8-4983-ad87-5cd44955970a","","","",""
"2020-06-15T16:57:34.084491Z","2020-06-15","DEFAULT","CASH","CARD_TRANSACTION","","Shell Tankstelle","","","","-33.100000","","","EUR","","","","TR Card Transaction","78942586-7c2a-446c-81a9-dcc64901c82a","","","","5541"
"2020-06-15T21:40:15.287936Z","2020-06-15","DEFAULT","CASH","DIVIDEND","STOCK","Microsoft","US5949181045","0.1659370000","","0.110000","","-0.03","EUR","0.12","USD","0.907841","Cash Dividend for ISIN US5949181045","7bd9c976-df76-4fc0-9a02-49d360d28131","","","",""
"2020-06-18T17:19:48.408930Z","2020-06-18","DEFAULT","CASH","CARD_TRANSACTION","","Spotify","","","","-10.990000","","","EUR","","","","TR Card Transaction","3709170b-dbc9-4f92-a278-e5ac420c9ab5","","","","5815"
"2020-06-19T14:27:31.030434Z","2020-06-19","DEFAULT","CASH","CARD_TRANSACTION","","Starbucks Darmstadt","","","","-6.440000","","","EUR","","","","TR Card Transaction","6b1e24ce-b957-4e7f-93a3-11d260eae8be","","","","5814"
"2020-06-26T06:15:12.879995Z","2020-06-26","DEFAULT","CASH","TRANSFER_INSTANT_INBOUND","","","","","","550.000000","","","EUR","","","","Incoming transfer from Max Mustermann","b41b5bb4-33e9-47d4-8d3b-0da53643cfa4","","","",""
"2020-06-26T06:39:09.250132Z","2020-06-26","DEFAULT","TRADING","BUY","STOCK","Microsoft","US5949181045","3.1390700000","159.2828","-500.00","-1.00","","EUR","","","","Buy trade US5949181045 MICROSOFT  DL-,00000625, quantity: 3.139070","53525538-665d-48df-8df7-558c87c8a245","","","",""
"2020-06-26T12:29:44.268690Z","2020-06-26","DEFAULT","CASH","CARD_TRANSACTION","","Netto Marken-Discount","","","","-14.970000","","","EUR","","","","TR Card Transaction","8269dd7e-50f7-4157-9c09-70ba2b17544c","","","","5411"
"2020-06-30T07:22:34.449186Z","2020-06-30","DEFAULT","CASH","CARD_TRANSACTION","","Netto Marken-Discount","","","","-20.310000","","","EUR","","","","TR Card Transaction","b4014396-ba1c-4c8c-a332-5c087e544121","","","","5411"
"2020-06-30T15:54:43.629577Z","2020-06-30","DEFAULT","CASH","CARD_TRANSACTION","","Starbucks Darmstadt","","","","-4.510000","","","EUR","","","","TR Card Transaction","4ec93f7a-25c5-45d9-9289-a66c6946a81a","","","","5814"
"2020-07-01T19:11:46.547091Z","2020-07-01","DEFAULT","CASH","CARD_TRANSACTION","","Shell Tankstelle","","","","-58.290000","","","EUR","","","","TR Card Transaction","f92125be-ff14-4666-bf5a-3f24f9462cab","","","","5541"
"2020-07-01T19:52:31.110665Z","2020-07-01","DEFAULT","CASH","CUSTOMER_INPAYMENT","","","","","","300.000000","","","EUR","","","","Direct Debit Top up with DE89370400440532013000","b1fd576d-d203-427d-863b-c1c9c331aa37","","","",""
"2020-07-02T08:17:56.472700Z","2020-07-02","DEFAULT","TRADING","BUY","STOCK","Microsoft","US5949181045","0.1593600000","156.8773","-25.00","","","EUR","","","","Savings plan execution US5949181045 MICROSOFT  DL-,00000625, quantity: 0.159360","8b0d3262-d937-4243-9885-82bccf4fed08","","","",""
"2020-07-02T14:20:54.257420Z","2020-07-02","DEFAULT","TRADING","BUY","STOCK","Apple","US0378331005","0.4792390000","52.1660","-25.00","","","EUR","","","","Savings plan execution US0378331005 APPLE INC., quantity: 0.479239","8c099416-77df-4ddf-8194-80a4abd2996d","","","",""
"2020-07-02T21:29:27.865845Z","2020-07-02","DEFAULT","TRADING","BUY","FUND","Core MSCI World USD (Acc)","IE00B4L5Y983","2.3679280000","42.2310","-100.00","","","EUR","","","","Savings plan execution IE00B4L5Y983 iShares III plc - iShares Core MSCI World UCITS ETF USD (Acc), quantity: 2.367928","b14e6bc1-9ff3-4c03-b63d-d07103cea311","","","",""
"2020-07-05T12:05:15.755053Z","2020-07-05","DEFAULT","CASH","CARD_TRANSACTION","","REWE Darmstadt","","","","-24.700000","","","EUR","","","","TR Card Transaction","bd745bed-fd75-4474-a954-43eb5e332fc7","","","","5411"
"2020-07-07T17:27:47.577124Z","2020-07-07","DEFAULT","CASH","CARD_TRANSACTION","","MediaMarkt","","","","-83.270000","","","EUR","","","","TR Card Transaction","4b374814-bd5e-41ee-97fb-4b1cc1c135c1","","","","5732"
"2020-07-10T07:03:35.306327Z","2020-07-10","DEFAULT","CASH","CARD_TRANSACTION","","Apotheke am Markt","","","","-6.660000","","","EUR","","","","TR Card Transaction","d49cf203-51cb-4083-b5b7-9c4b8a1e30cc","","","","5912"
"2020-07-10T11:19:00.742411Z","2020-07-10","DEFAULT","CASH","CARD_TRANSACTION","","DB Vertrieb GmbH","","","","-59.010000","","","EUR","","","","TR Card Transaction","11069df8-414e-4cfd-8fa1-e4997f7d044f","","","","4112"
"2020-07-10T12:18:14.378411Z","2020-07-10","DEFAULT","CASH","TRANSFER_INSTANT_INBOUND","","","","","","100.000000","","","EUR","","","","Incoming transfer from Max Mustermann","65f09705-6760-4db0-a43f-76cdc4eb67ff","","","",""
"2020-07-11T06:36:18.492198Z","2020-07-11","DEFAULT","CASH","CARD_TRANSACTION","","Zalando SE","","","","-27.180000","","","EUR","","","","TR Card Transaction","cf0b3c0e-071e-41c9-bebb-b9d6a30f2a81","","","","5691"
"2020-07-13T07:09:09.850544Z","2020-07-13","DEFAULT","CASH","TRANSFER_INSTANT_INBOUND","","","","","","100.000000","","","EUR","","","","Incoming transfer from Max Mustermann","7150feb6-8ea5-4bf8-9a08-dbd5d0a99466","","","",""
"2020-07-13T15:05:15.124205Z","2020-07-13","DEFAULT","TRADING","BUY","FUND","Core MSCI World USD (Acc)","IE00B4L5Y983","1.1867340000","42.1324","-50.00","-1.00","","EUR","","","","Buy trade IE00B4L5Y983 iShares III plc - iShares Core MSCI World UCITS ETF USD (Acc), quantity: 1.186734","f2ca5231-fde2-46ed-b58b-c520ef1854b1","","","",""
"2020-07-15T09:48:13.655900Z","2020-07-15","DEFAULT","CASH","DIVIDEND","STOCK","NVIDIA","US67066G1040","40.1346280000","","0.360000","","-0.09","EUR","0.40","USD","0.890445","Cash Dividend for ISIN US67066G1040","50181acb-d180-4bdf-805d-1b216405f0ac","","","",""
"2020-07-16T21:18:02.242720Z","2020-07-16","DEFAULT","CASH","CARD_TRANSACTION","","REWE Darmstadt","","","","-20.160000","","","EUR","","","","TR Card Transaction","50ac37a4-c249-4d8f-80cf-17dda1839de0","","","","5411"
"2020-07-18T13:41:09.952538Z","2020-07-18","DEFAULT","CASH","CARD_TRANSACTION","","MCDONALDS 01271","","","","-9.250000","","","EUR","","","","TR Card Transaction","37985b52-2a62-45fb-a078-f9217fd5ddaa","","","","5814"
"2020-07-21T07:56:27.770214Z","2020-07-21","DEFAULT","CASH","CARD_TRANSACTION","","Shell Tankstelle","","","","-33.220000","","","EUR","","","","TR Card Transaction","91816c80-1389-4624-81c3-50005d28d44a","","","","5541"
"2020-07-23T11:30:33.683157Z","2020-07-23","DEFAULT","CASH","TRANSFER_INSTANT_INBOUND","","","","","","100.000000","","","EUR","","","","Incoming transfer from Max Mustermann","dfac8dd7-5804-4a57-870d-c1cabef18084","","","",""
"2020-07-23T20:58:17.190305Z","2020-07-23","DEFAULT","CASH","CARD_TRANSACTION","","ALDI SUED","","","","-31.470000","","","EUR","","","","TR Card Transaction","501e816f-09b2-4175-8a04-a83192dd91c2","","","","5411"
"2020-07-26T07:29:05.329795Z","2020-07-26","DEFAULT","CASH","CARD_TRANSACTION","","Spotify","","","","-10.990000","","","EUR","","","","TR Card Transaction","799b2c0a-3755-432e-adc8-0968636d7836","","","","5815"
"2020-07-28T07:13:17.575898Z","2020-07-28","DEFAULT","TRADING","BUY","FUND","FTSE All-World USD (Dist)","IE00B3RBWM25","2.1211250000","70.7172","-150.00","-1.00","","EUR","","","","Buy trade IE00B3RBWM25 Vanguard FTSE All-World UCITS ETF (USD) Distributing, quantity: 2.121125","81433b28-ad34-48f3-b47f-794bfc781c16","","","",""
"2020-07-28T21:40:28.796907Z","2020-07-28","DEFAULT","CASH","TRANSFER_INSTANT_INBOUND","","","","","","150.000000","","","EUR","","","","Incoming transfer from Max Mustermann","94d724f6-7deb-4fbe-bb2c-36af6190e5b9","","","",""
"2020-07-29T10:31:59.751413Z","2020-07-29","DEFAULT","CASH","TRANSFER_INSTANT_INBOUND","","","","","","50.000000","","","EUR","","","","Incoming transfer from Max Mustermann","617bbc02-68d6-47e9-9a6d-b76dcbcd8044","","","",""
"2020-07-29T11:19:35.014338Z","2020-07-29","DEFAULT","CASH","TRANSFER_INSTANT_INBOUND","","","","","","300.000000","","","EUR","","","","Incoming transfer from Max Mustermann","cc0e4769-c30a-4322-951d-ea583fb829b0","","","",""
"2020-07-29T15:32:45.286706Z","2020-07-29","DEFAULT","CASH","CARD_TRANSACTION","","Shell Tankstelle","","","","-67.880000","","","EUR","","","","TR Card Transaction","612859ae-ce64-44b3-a329-cca11c11fe20","","","","5541"
"2020-07-29T19:05:14.882277Z","2020-07-29","DEFAULT","TRADING","BUY","STOCK","SAP","DE0007164600","2.6127120000","114.8232","-300.00","-1.00","","EUR","","","","Buy trade DE0007164600 SAP SE O.N., quantity: 2.612712","43ed4d74-c0fc-49fb-a848-57d6f0ea28a1","","","",""
"2020-07-29T21:15:29.578043Z","2020-07-29","DEFAULT","CASH","CARD_TRANSACTION","","Netflix.com","","","","-13.990000","","","EUR","","","","TR Card Transaction","73ef8a02-3c22-415a-9200-ffb7bd5050ef","","","","4899"
"2020-07-30T19:21:59.825981Z","2020-07-30","DEFAULT","CASH","CARD_TRANSACTION","","Lidl sagt Danke","","","","-11.840000","","","EUR","","","","TR Card Transaction","b6d21f02-6e8c-4d64-b8fb-50381e0705e1","","","","5411"
"2020-08-01T16:55:12.731380Z","2020-08-01","DEFAULT","CASH","CARD_TRANSACTION","","Apotheke am Markt","","","","-11.920000","","","EUR","","","","TR Card Transaction","42d849b1-039a-4b71-b0fc-9064c8b00194","","","","5912"
"2020-08-01T21:22:21.578727Z","2020-08-01","DEFAULT","CASH","CUSTOMER_INPAYMENT","","","","","","500.000000","","","EUR","","","","Direct Debit Top up with DE89370400440532013000","d232c046-774d-414d-8c39-ed8e066a50e1","","","",""
"2020-08-03T10:31:02.132378Z","2020-08-03","DEFAULT","TRADING","BUY","STOCK","Apple","US0378331005","0.4827250000","51.7893","-25.00","","","EUR","","","","Savings plan execution US0378331005 APPLE INC., quantity: 0.482725","44241392-48c6-4954-8b62-79ce5c0fbecb","","","",""
"2020-08-03T16:55:06.916655Z","2020-08-03","DEFAULT","TRADING","BUY","STOCK","Microsoft","US5949181045","0.1553240000","160.9541","-25.00","","","EUR","","","","Savings plan execution US5949181045 MICROSOFT  DL-,00000625, quantity: 0.155324","1a5c9e15-53d0-45aa-aab6-aa70ad7b6933","","","",""
"2020-08-03T18:24:42.830884Z","2020-08-03","DEFAULT","TRADING","BUY","FUND","Core MSCI World USD (Acc)","IE00B4L5Y983","2.4314760000","41.1273","-100.00","","","EUR","","","","Savings plan execution IE00B4L5Y983 iShares III plc - iShares Core MSCI World UCITS ETF USD (Acc), quantity: 2.431476","2ad84c9e-1701-4752-a0a4-168ef6c8e3bf","","","",""
"2020-08-07T15:14:47.094769Z","2020-08-07","DEFAULT","CASH","CARD_TRANSACTION","","Starbucks Darmstadt","","","","-7.160000","","","EUR","","","","TR Card Transaction","7f23fd16-ee09-4565-b73c-40008362dfc1","","","","5814"
"2020-08-09T07:18:22.393049Z","2020-08-09","DEFAULT","CASH","CARD_TRANSACTION","","REWE Darmstadt","","","","-4.930000","","","EUR","","","","TR Card Transaction","30133d98-7636-4ea4-8097-c056c52153fb","","","","5411"
"2020-08-09T19:36:43.831016Z","2020-08-09","DEFAULT","CASH","CARD_TRANSACTION","","Netflix.com","","","","-13.990000","","","EUR","","","","TR Card Transaction","60c09e41-ce3e-46a8-a1e8-268c4989eaf3","","","","4899"
"2020-08-11T20:57:18.710526Z","2020-08-11","DEFAULT","CASH","CARD_TRANSACTION","","REWE Darmstadt","","","","-40.750000","","","EUR","","","","TR Card Transaction","7613be3f-b3db-45af-a59f-1ff6badfe84c","","","","5411"
"2020-08-15T06:36:55.719112Z","2020-08-15","DEFAULT","CASH","DIVIDEND","STOCK","Apple","US0378331005","1.4608530000","","0.310000","","-0.08","EUR","0.35","USD","0.891237","Cash Dividend for ISIN US0378331005","96256a68-9f6a-4659-a9e7-edf423ebbdb2","","","",""
"2020-08-20T19:11:12.138579Z","2020-08-20","DEFAULT","CASH","CARD_TRANSACTION","","DB Vertrieb GmbH","","","","-25.660000","","","EUR","","","","TR Card Transaction","daf3afbb-1f69-4713-818c-8f60fbace77a","","","","4112"
"2020-08-22T16:51:07.491081Z","2020-08-22","DEFAULT","CASH","CARD_TRANSACTION","","DB Vertrieb GmbH","","","","-47.070000","","","EUR","","","","TR Card Transaction","2b21ba93-8ae5-40f1-960d-ed863788ac56","","","","4112"
"2020-08-23T17:05:50.413741Z","2020-08-23","DEFAULT","CASH","CARD_TRANSACTION","","Spotify","","","","-10.990000","","","EUR","","","","TR Card Transaction","d84fb5d5-eba9-4da7-96be-ac6bea87c9bd","","","","5815"
"2020-08-26T20:58:44.316869Z","2020-08-26","DEFAULT","CASH","CARD_TRANSACTION","","Lidl sagt Danke","","","","-23.330000","","","EUR","","","","TR Card Transaction","de6513c8-cfd3-4d69-a6f3-9813f341b3e8","","","","5411"
"2020-08-27T09:15:56.563658Z","2020-08-27","DEFAULT","TRADING","BUY","FUND","Core MSCI World USD (Acc)","IE00B4L5Y983","1.2432630000","40.2168","-50.00","-1.00","","EUR","","","","Buy trade IE00B4L5Y983 iShares III plc - iShares Core MSCI World UCITS ETF USD (Acc), quantity: 1.243263","547b8ff7-f438-4952-87f6-55af3e20661a","","","",""
"2020-08-27T19:37:47.761894Z","2020-08-27","DEFAULT","CASH","CARD_TRANSACTION","","Shell Tankstelle","","","","-44.840000","","","EUR","","","","TR Card Transaction","8b05f097-2a32-4cd4-ad90-17a0a7353cc9","","","","5541"
"2020-09-01T08:42:13.672875Z","2020-09-01","DEFAULT","CASH","CUSTOMER_INPAYMENT","","","","","","400.000000","","","EUR","","","","Direct Debit Top up with DE89370400440532013000","ee416d87-9052-4bb7-a99d-55a2f6726556","","","",""
"2020-09-02T12:04:53.802325Z","2020-09-02","DEFAULT","TRADING","BUY","FUND","Core MSCI World USD (Acc)","IE00B4L5Y983","2.4086040000","41.5178","-100.00","","","EUR","","","","Savings plan execution IE00B4L5Y983 iShares III plc - iShares Core MSCI World UCITS ETF USD (Acc), quantity: 2.408604","e7b479bb-874a-4340-ae05-ad3b8ca2497c","","","",""
"2020-09-02T12:37:13.852547Z","2020-09-02","DEFAULT","TRADING","BUY","STOCK","Apple","US0378331005","0.5047260000","49.5318","-25.00","","","EUR","","","","Savings plan execution US0378331005 APPLE INC., quantity: 0.504726","e358dcdb-bce4-4b6f-a1d2-7da9471f85cf","","","",""
"2020-09-02T13:21:49.154721Z","2020-09-02","DEFAULT","TRADING","BUY","STOCK","Microsoft","US5949181045","0.1652500000","151.2856","-25.00","","","EUR","","","","Savings plan execution US5949181045 MICROSOFT  DL-,00000625, quantity: 0.165250","b8579750-1589-4a5b-b945-9a6fcf1dd057","","","",""
"2020-09-04T11:16:03.132915Z","2020-09-04","DEFAULT","CASH","CARD_TRANSACTION","","MediaMarkt","","","","-74.900000","","","EUR","","","","TR Card Transaction","137f06f1-03fe-432b-ad1b-2eb99893224a","","","","5732"
"2020-09-07T20:41:01.063780Z","2020-09-07","DEFAULT","TRADING","BUY","FUND","FTSE All-World USD (Dist)","IE00B3RBWM25","2.2337610000","67.1513","-150.00","-1.00","","EUR","","","","Buy trade IE00B3RBWM25 Vanguard FTSE All-World UCITS ETF (USD) Distributing, quantity: 2.233761","bd9f44e0-5301-40ac-bc63-0ea998a896a4","","","",""
"2020-09-11T12:27:28.931230Z","2020-09-11","DEFAULT","CASH","CARD_TRANSACTION","","Apotheke am Markt","","","","-19.140000","","","EUR","","","","TR Card Transaction","95bd24ee-6e42-4f78-9774-503090b5afb3","","","","5912"
"2020-09-11T20:25:26.765054Z","2020-09-11","DEFAULT","CASH","CARD_TRANSACTION","","Starbucks Darmstadt","","","","-6.070000","","","EUR","","","","TR Card Transaction","b78b671e-b58c-4bec-83df-523eb24ada6f","","","","5814"
"2020-09-12T21:04:05.872176Z","2020-09-12","DEFAULT","CASH","CARD_TRANSACTION","","Amazon.de","","","","-76.660000","","","EUR","","","","TR Card Transaction","65217530-785b-425b-b4cd-a47722932089","","","","5942"
"2020-09-14T07:18:38.327626Z","2020-09-14","DEFAULT","CASH","CARD_TRANSACTION","","Netto Marken-Discount","","","","-11.450000","","","EUR","","","","TR Card Transaction","3aa4b578-f6b9-4d36-b097-8dbd033b3861","","","","5411"
"2020-09-14T19:55:58.756086Z","2020-09-14","DEFAULT","CASH","TRANSFER_INSTANT_INBOUND","","","","","","50.000000","","","EUR","","","","Incoming transfer from Max Mustermann","ff1898c9-4eae-4d57-a12e-79d8c6b2d760","","","",""
"2020-09-15T14:01:11.286544Z","2020-09-15","DEFAULT","CASH","CARD_TRANSACTION","","Apotheke am Markt","","","","-4.550000","","","EUR","","","","TR Card Transaction","5163bb41-4b01-4b9c-a4ff-4b85875812d0","","","","5912"
"2020-09-15T17:07:48.292099Z","2020-09-15","DEFAULT","CASH","DIVIDEND","STOCK","Microsoft","US5949181045","3.7849410000","","2.500000","","-0.66","EUR","2.84","USD","0.879726","Cash Dividend for ISIN US5949181045","3746613c-408d-47a8-a92e-46f0a9f58cbb","","","",""
"2020-09-15T19:54:35.804711Z","2020-09-15","DEFAULT","CASH","DIVIDEND","FUND","FTSE All-World USD (Dist)","IE00B3RBWM25","4.3548860000","","1.740000","","-0.46","EUR","1.96","USD","0.889044","Cash Dividend for ISIN IE00B3RBWM25","c1a4ab3f-32e8-4f17-a77b-b06a91d5ef5e","","","",""
"2020-09-16T06:05:47.556251Z","2020-09-16","DEFAULT","TRADING","BUY","STOCK","NVIDIA","US67066G1040","19.5671360000","12.7765","-250.00","-1.00","","EUR","","","","Buy trade US67066G1040 NVIDIA CORP.   DL-,001, quantity: 19.567136","adc42c4d-7c50-41c9-9aa6-4d4b9213dafb","","","",""
"2020-09-16T18:04:09.776962Z","2020-09-16","DEFAULT","CASH","TRANSFER_INSTANT_INBOUND","","","","","","250.000000","","","EUR","","","","Incoming transfer from Max Mustermann","b629f719-9225-4055-9341-950ca2214854","","","",""
"2020-09-21T07:00:13.316061Z","2020-09-21","DEFAULT","CASH","CARD_TRANSACTION","","Zalando SE","","","","-56.890000","","","EUR","","","","TR Card Transaction","d29a9f08-8240-42d7-85d4-40e96d871c92","","","","5691"
"2020-09-21T15:02:14.414463Z","2020-09-21","DEFAULT","CASH","TRANSFER_INSTANT_INBOUND","","","","","","50.000000","","","EUR","","","","Incoming transfer from Max Mustermann","b6140664-c08a-4737-abc2-b3bbdb5bf2cd","","","",""
"2020-09-22T11:08:24.558453Z","2020-09-22","DEFAULT","CASH","TRANSFER_INSTANT_INBOUND","","","","","","100.000000","","","EUR","","","","Incoming transfer from Max Mustermann","27755a43-fc0d-4583-ad60-b95c9cbf214c","","","",""
"2020-09-22T13:32:35.873835Z","2020-09-22","DEFAULT","CASH","CARD_TRANSACTION","","Zalando SE","","","","-72.290000","","","EUR","","","","TR Card Transaction","1b3d8542-266a-4598-b5db-9cb9490965ff","","","","5691"
"2020-09-26T09:15:27.617476Z","2020-09-26","DEFAULT","CASH","CARD_TRANSACTION","","Amazon.de","","","","-14.350000","","","EUR","","","","TR Card Transaction","6ec7238b-6c78-47e0-a1c8-8fd047e7197b","","","","5942"
"2020-09-27T11:04:32.663984Z","2020-09-27","DEFAULT","CASH","CARD_TRANSACTION","","HEAG mobilo GmbH","","","","-3.710000","","","EUR","","","","TR Card Transaction","47bdfc9a-6f9d-4116-8908-c056a8365d78","","","","4111"
"2020-09-29T08:11:49.658452Z","2020-09-29","DEFAULT","CASH","CARD_TRANSACTION","","DM-Drogerie Markt","","","","-23.290000","","","EUR","","","","TR Card Transaction","3ac48757-66f9-4f7e-bbef-ad42f3119031","","","","5912"
"2020-09-30T10:28:04.491699Z","2020-09-30","DEFAULT","CASH","CARD_TRANSACTION","","MediaMarkt","","","","-133.950000","","","EUR","","","","TR Card Transaction","e083ee44-5beb-44ca-8281-c1c9807734ff","","","","5732"
"2020-09-30T16:55:40.331495Z","2020-09-30","DEFAULT","CASH","TRANSFER_INSTANT_INBOUND","","","","","","150.000000","","","EUR","","","","Incoming transfer from Max Mustermann","b0d8195e-2ffd-4eac-b9f7-e59286b1e9b9","","","",""
"2020-10-01T08:41:55.896840Z","2020-10-01","DEFAULT","CASH","CARD_TRANSACTION","","Amazon.de","","","","-67.880000","","","EUR","","","","TR Card Transaction","8535b2d4-556e-4d62-bdbd-bfc4f6989b1c","","","","5942"
"2020-10-01T17:32:04.325486Z","2020-10-01","DEFAULT","CASH","CUSTOMER_INPAYMENT","","","","","","300.000000","","","EUR","","","","Direct Debit Top up with DE89370400440532013000","2d48181c-67ba-41cc-a49e-78a5d424ae35","","","",""
"2020-10-02T07:28:58.849153Z","2020-10-02","DEFAULT","TRADING","BUY","FUND","Core MSCI World USD (Acc)","IE00B4L5Y983","2.4350870000","41.0663","-100.00","","","EUR","","","","Savings plan execution IE00B4L5Y983 iShares III plc - iShares Core MSCI World UCITS ETF USD (Acc), quantity: 2.435087","0428222c-fb62-43ca-a304-0cdd31808544","","","",""
"2020-10-02T10:03:28.108529Z","2020-10-02","DEFAULT","TRADING","BUY","STOCK","Microsoft","US5949181045","0.1326660000","188.4427","-25.00","","","EUR","","","","Savings plan execution US5949181045 MICROSOFT  DL-,00000625, quantity: 0.132666","2e292493-fc32-4f56-bca5-f33e71545729","","","",""
"2020-10-02T12:20:38.498733Z","2020-10-02","DEFAULT","TRADING","BUY","STOCK","Apple","US0378331005","0.4527860000","55.2137","-25.00","","","EUR","","","","Savings plan execution US0378331005 APPLE INC., quantity: 0.452786","273bdea5-5012-4c59-8ee5-04a0558213b5","","","",""
"2020-10-04T11:23:23.962526Z","2020-10-04","DEFAULT","CASH","CARD_TRANSACTION","","Kino Darmstadt","","","","-11.610000","","","EUR","","","","TR Card Transaction","1444ccc2-0562-4cfb-86a4-e14b9c376551","","","","7832"
"2020-10-15T18:09:10.189630Z","2020-10-15","DEFAULT","CASH","DIVIDEND","STOCK","NVIDIA","US67066G1040","59.7017640000","","0.520000","","-0.14","EUR","0.60","USD","0.874795","Cash Dividend for ISIN US67066G1040","f904913a-8a1b-45c8-a0f0-202c6fc0d23a","","","",""
"2020-10-18T13:19:51.822471Z","2020-10-18","DEFAULT","CASH","CARD_TRANSACTION","","Shell Tankstelle","","","","-39.360000","","","EUR","","","","TR Card Transaction","49977e22-5d3c-44a4-b24e-394975ce5fca","","","","5541"
"2020-10-19T18:32:33.438997Z","2020-10-19","DEFAULT","CASH","CARD_TRANSACTION","","Shell Tankstelle","","","","-60.780000","","","EUR","","","","TR Card Transaction","26132dff-39fb-4a57-ba56-b781f57b19ef","","","","5541"
"2020-10-24T18:05:23.235445Z","2020-10-24","DEFAULT","CASH","CARD_TRANSACTION","","Kino Darmstadt","","","","-10.870000","","","EUR","","","","TR Card Transaction","516b5215-6635-43b7-ab82-c7a70aae6543","","","","7832"
"2020-10-25T06:57:05.019927Z","2020-10-25","DEFAULT","CASH","TRANSFER_INSTANT_INBOUND","","","","","","50.000000","","","EUR","","","","Incoming transfer from Max Mustermann","9a182b3e-45ff-49af-9821-487ac1a7d639","","","",""
"2020-10-25T10:02:18.961959Z","2020-10-25","DEFAULT","CASH","TRANSFER_INSTANT_INBOUND","","","","","","50.000000","","","EUR","","","","Incoming transfer from Max Mustermann","75f4c220-d914-4850-b155-f4586ff87018","","","",""
"2020-10-25T14:13:53.156782Z","2020-10-25","DEFAULT","CASH","CARD_TRANSACTION","","Zalando SE","","","","-51.400000","","","EUR","","","","TR Card Transaction","54049798-c260-480e-98ca-28b42afcc45b","","","","5691"
"2020-10-25T21:44:53.145534Z","2020-10-25","DEFAULT","CASH","CARD_TRANSACTION","","HEAG mobilo GmbH","","","","-6.560000","","","EUR","","","","TR Card Transaction","1fda2341-87d9-4a3b-8eee-e9e70b554c98","","","","4111"
"2020-10-27T21:38:34.017233Z","2020-10-27","DEFAULT","CASH","CARD_TRANSACTION","","Netto Marken-Discount","","","","-21.240000","","","EUR","","","","TR Card Transaction","035c7ae8-a578-4771-a325-02ae27816d24","","","","5411"
"2020-10-28T19:11:42.700674Z","2020-10-28","DEFAULT","TRADING","SELL","STOCK","NVIDIA","US67066G1040","-19.7015820000","14.5659","286.97","-1.00","-27.82","EUR","","","","Sell trade US67066G1040 NVIDIA CORP.   DL-,001, quantity: 19.701582","c72ac4c2-739f-4731-b547-5ef6c989fbbd","","","",""
"2020-11-01T09:49:37.770899Z","2020-11-01","DEFAULT","CASH","CUSTOMER_INPAYMENT","","","","","","500.000000","","","EUR","","","","Direct Debit Top up with DE89370400440532013000","77dd3008-5498-48e5-aa30-763d80f4af72","","","",""
"2020-11-01T17:34:21.853025Z","2020-11-01","DEFAULT","CASH","CARD_TRANSACTION","","HEAG mobilo GmbH","","","","-3.270000","","","EUR","","","","TR Card Transaction","dfc94ba3-e8a5-4a8a-986c-cf2e389f3947","","","","4111"
"2020-11-02T07:48:41.200386Z","2020-11-02","DEFAULT","CASH","CARD_TRANSACTION","","Apotheke am Markt","","","","-13.940000","","","EUR","","","","TR Card Transaction","9bb215ea-6232-4415-bdcb-edac2b18a2eb","","","","5912"
"2020-11-02T07:55:41.348048Z","2020-11-02","DEFAULT","CASH","CARD_TRANSACTION","","DB Vertrieb GmbH","","","","-27.210000","","","EUR","","","","TR Card Transaction","e6c4a09b-de09-49e3-a86e-8702ef6b7c8a","","","","4112"
"2020-11-02T10:04:45.813894Z","2020-11-02","DEFAULT","TRADING","BUY","STOCK","Apple","US0378331005","0.4068940000","61.4410","-25.00","","","EUR","","","","Savings plan execution US0378331005 APPLE INC., quantity: 0.406894","ce8f4903-7cfb-4249-8ecd-2be6ec437f2e","","","",""
"2020-11-02T16:59:19.540418Z","2020-11-02","DEFAULT","TRADING","BUY","STOCK","Allianz","DE0008404005","0.3964660000","126.1141","-50.00","-1.00","","EUR","","","","Buy trade DE0008404005 ALLIANZ SE NA O.N., quantity: 0.396466","c4fbcd0a-d0cf-48ae-8539-30e69ccfe041","","","",""
"2020-11-02T20:02:18.211383Z","2020-11-02","DEFAULT","TRADING","BUY","STOCK","Microsoft","US5949181045","0.1308590000","191.0458","-25.00","","","EUR","","","","Savings plan execution US5949181045 MICROSOFT  DL-,00000625, quantity: 0.130859","ea6dc2a2-e41b-4d00-83d6-7cfdf6375f23","","","",""
"2020-11-02T21:40:11.850916Z","2020-11-02","DEFAULT","TRADING","BUY","FUND","Core MSCI World USD (Acc)","IE00B4L5Y983","2.7651410000","36.1645","-100.00","","","EUR","","","","Savings plan execution IE00B4L5Y983 iShares III plc - iShares Core MSCI World UCITS ETF USD (Acc), quantity: 2.765141","a03bccd6-85a7-4284-8316-8644eacdb03c","","","",""
"2020-11-05T16:06:05.343848Z","2020-11-05","DEFAULT","CASH","CARD_TRANSACTION","","Rossmann","","","","-14.550000","","","EUR","","","","TR Card Transaction","c251e13c-db47-4326-8209-57e2502a6d00","","","","5912"
"2020-11-08T18:23:32.840010Z","2020-11-08","DEFAULT","CASH","CARD_TRANSACTION","","ALDI SUED","","","","-6.700000","","","EUR","","","","TR Card Transaction","2054e408-e7fb-40d0-8df4-fd87fad6359f","","","","5411"
"2020-11-13T14:45:28.224993Z","2020-11-13","DEFAULT","CASH","CARD_TRANSACTION","","Apotheke am Markt","","","","-6.470000","","","EUR","","","","TR Card Transaction","68fb17e1-c73e-4c23-9d2d-ae0c6b94a97c","","","","5912"
"2020-11-15T08:35:34.304466Z","2020-11-15","DEFAULT","CASH","CARD_TRANSACTION","","HEAG mobilo GmbH","","","","-5.940000","","","EUR","","","","TR Card Transaction","f7c5c4a9-e065-45e7-ab92-eaeba3989d7e","","","","4111"
"2020-11-15T20:05:51.715054Z","2020-11-15","DEFAULT","CASH","DIVIDEND","STOCK","Apple","US0378331005","2.8252590000","","0.600000","","-0.16","EUR","0.68","USD","0.875870","Cash Dividend for ISIN US0378331005","d61676ba-c6ba-4564-ad4f-65b19244a82a","","","",""
"2020-11-17T17:29:51.578443Z","2020-11-17","DEFAULT","CASH","CARD_TRANSACTION","","Zalando SE","","","","-21.840000","","","EUR","","","","TR Card Transaction","7a1f05e0-2435-4a12-ba40-f9fd5a74d1dd","","","","5691"
"2020-11-30T15:30:15.843776Z","2020-11-30","DEFAULT","TRADING","BUY","FUND","Core S&P 500 USD (Acc)","IE00B5BMR087","0.4817090000","311.3912","-150.00","-1.00","","EUR","","","","Buy trade IE00B5BMR087 iShares VII plc - iShares Core S&P 500 UCITS ETF USD (Acc), quantity: 0.481709","3d5f0862-ab08-4157-b6a2-90bdef0543b9","","","",""
"2020-12-01T20:26:30.487002Z","2020-12-01","DEFAULT","CASH","CUSTOMER_INPAYMENT","","","","","","300.000000","","","EUR","","","","Direct Debit Top up with DE89370400440532013000","4b5e5d07-72fd-4d75-9852-dae596203d37","","","",""
"2020-12-02T16:15:29.128473Z","2020-12-02","DEFAULT","TRADING","BUY","STOCK","Microsoft","US5949181045","0.1321320000","189.2053","-25.00","","","EUR","","","","Savings plan execution US5949181045 MICROSOFT  DL-,00000625, quantity: 0.132132","8866fb5c-0959-47a7-9487-a0c29934fb18","","","",""
"2020-12-02T17:25:08.797615Z","2020-12-02","DEFAULT","TRADING","BUY","FUND","Core MSCI World USD (Acc)","IE00B4L5Y983","2.7419370000","36.4706","-100.00","","","EUR","","","","Savings plan execution IE00B4L5Y983 iShares III plc - iShares Core MSCI World UCITS ETF USD (Acc), quantity: 2.741937","a09ce301-af77-4677-b20f-c4dc77d6eb5e","","","",""
"2020-12-02T17:32:35.111341Z","2020-12-02","DEFAULT","TRADING","BUY","STOCK","Apple","US0378331005","0.4288580000","58.2943","-25.00","","","EUR","","","","Savings plan execution US0378331005 APPLE INC., quantity: 0.428858","b76b4c17-debe-423b-b606-8983fccf28a7","","","",""
"2020-12-02T18:55:39.438446Z","2020-12-02","DEFAULT","CASH","CARD_TRANSACTION","","Netto Marken-Discount","","","","-3.160000","","","EUR","","","","TR Card Transaction","1dd63552-d629-4479-bd4b-c65298dc01e7","","","","5411"
"2020-12-03T11:31:32.489491Z","2020-12-03","DEFAULT","CASH","CARD_TRANSACTION","","HEAG mobilo GmbH","","","","-3.550000","","","EUR","","","","TR Card Transaction","6f2b7af8-037c-421d-b8df-5380d937ebec","","","","4111"
"2020-12-09T09:08:06.413037Z","2020-12-09","DEFAULT","CASH","CARD_TRANSACTION","","Apotheke am Markt","","","","-9.870000","","","EUR","","","","TR Card Transaction","28de836f-b947-440b-b4d7-87a19e170e9f","","","","5912"
"2020-12-11T10:20:59.642848Z","2020-12-11","DEFAULT","TRADING","BUY","CRYPTO","Bitcoin","BTC","0.0528500000","9460.6715","-500.00","-1.00","","EUR","","","","Buy trade XF000BTC0017 Bitcoin, quantity: 0.052850","521f64fa-ba3b-4ac4-adb0-d4aa6a6dad06","","","",""
"2020-12-11T21:33:29.156175Z","2020-12-11","DEFAULT","CASH","TRANSFER_INSTANT_INBOUND","","","","","","100.000000","","","EUR","","","","Incoming transfer from Max Mustermann","29383c90-880b-4117-99d6-4ad52c97cc89","","","",""
"2020-12-14T06:38:30.278428Z","2020-12-14","DEFAULT","TRADING","BUY","CRYPTO","Bitcoin","BTC","0.0329080000","9116.2256","-300.00","-1.00","","EUR","","","","Buy trade XF000BTC0017 Bitcoin, quantity: 0.032908","0318be12-ed81-4996-92cb-94827296bf5b","","","",""
"2020-12-14T09:26:37.322623Z","2020-12-14","DEFAULT","CASH","TRANSFER_INSTANT_INBOUND","","","","","","300.000000","","","EUR","","","","Incoming transfer from Max Mustermann","7426c328-56ab-46ab-ac38-19359c873dc5","","","",""
"2020-12-15T09:12:01.462462Z","2020-12-15","DEFAULT","CASH","DIVIDEND","FUND","FTSE All-World USD (Dist)","IE00B3RBWM25","4.3548860000","","1.700000","","-0.45","EUR","1.96","USD","0.866748","Cash Dividend for ISIN IE00B3RBWM25","26d2e042-44ee-446e-a1bf-2cf4e75b091d","","","",""
"2020-12-15T18:09:52.713793Z","2020-12-15","DEFAULT","CASH","DIVIDEND","STOCK","Microsoft","US5949181045","4.1805980000","","2.720000","","-0.72","EUR","3.14","USD","0.865314","Cash Dividend for ISIN US5949181045","4165e9ea-43df-4a98-af50-52df903743b9","","","",""
"2020-12-16T07:45:08.543878Z","2020-12-16","DEFAULT","CASH","TRANSFER_INSTANT_INBOUND","","","","","","50.000000","","","EUR","","","","Incoming transfer from Max Mustermann","c3903a9c-ef26-4e04-9573-1edddce462d0","","","",""
"2020-12-16T12:35:20.694395Z","2020-12-16","DEFAULT","CASH","CARD_TRANSACTION","","Zalando SE","","","","-81.100000","","","EUR","","","","TR Card Transaction","3f0f70f0-a881-47a4-8345-8955b9e8faf6","","","","5691"
"2020-12-17T14:39:30.201603Z","2020-12-17","DEFAULT","CASH","CARD_TRANSACTION","","Apotheke am Markt","","","","-11.440000","","","EUR","","","","TR Card Transaction","d3b6e24e-c3e0-4f99-872a-e773bcfc6859","","","","5912"
"2020-12-20T18:57:25.858130Z","2020-12-20","DEFAULT","CASH","CARD_TRANSACTION","","Pizzeria Da Mario","","","","-18.620000","","","EUR","","","","TR Card Transaction","89bece9f-e0ef-4d98-b47b-145fccde6574","","","","5812"
"2020-12-21T20:41:16.783641Z","2020-12-21","DEFAULT","CASH","TRANSFER_INSTANT_INBOUND","","","","","","200.000000","","","EUR","","","","Incoming transfer from Max Mustermann","2c8201ea-27d1-46ae-82d7-fd6f0592a44e","","","",""
"2020-12-21T21:13:12.868170Z","2020-12-21","DEFAULT","TRADING","BUY","STOCK","Alphabet (A)","US02079K3059","2.9630650000","50.6232","-150.00","-1.00","","EUR","","","","Buy trade US02079K3059 ALPHABET INC.CL.A DL-,001, quantity: 2.963065","6551771d-0397-486f-8447-116113368992","","","",""
"2020-12-22T13:40:14.055040Z","2020-12-22","DEFAULT","CASH","CARD_TRANSACTION","","Starbucks Darmstadt","","","","-4.250000","","","EUR","","","","TR Card Transaction","cb713966-47fa-4a68-8588-4805dc0e061b","","","","5814"
"2020-12-25T08:41:36.243500Z","2020-12-25","DEFAULT","CASH","CARD_TRANSACTION","","ALDI SUED","","","","-36.690000","","","EUR","","","","TR Card Transaction","29ab6ece-93ce-4f0e-aaa9-984df2ac5983","","","","5411"
"2020-12-28T06:19:36.632063Z","2020-12-28","DEFAULT","CASH","TRANSFER_INSTANT_INBOUND","","","","","","100.000000","","","EUR","","","","Incoming transfer from Max Mustermann","8fefff15-77f7-4685-b035-7f3e157eb1df","","","",""
"2020-12-28T09:59:21.298384Z","2020-12-28","DEFAULT","CASH","CARD_TRANSACTION","","DB Vertrieb GmbH","","","","-53.710000","","","EUR","","","","TR Card Transaction","73656d45-6788-4488-9bf3-33feb33d9d28","","","","4112"
"2020-12-29T12:51:07.346747Z","2020-12-29","DEFAULT","CASH","CARD_TRANSACTION","","Kino Darmstadt","","","","-11.340000","","","EUR","","","","TR Card Transaction","f95c7386-a4eb-491d-be4d-6f1d3c0d1073","","","","7832"
"2020-12-30T12:11:39.897734Z","2020-12-30","DEFAULT","CASH","CARD_TRANSACTION","","DB Vertrieb GmbH","","","","-37.960000","","","EUR","","","","TR Card Transaction","c5a16348-b53e-4265-ae6f-d7b28d7ffc74","","","","4112"
"2021-01-01T06:16:24.246961Z","2021-01-01","DEFAULT","CASH","CUSTOMER_INPAYMENT","","","","","","300.000000","","","EUR","","","","Direct Debit Top up with DE89370400440532013000","76b96885-3dff-49db-bab1-7d6b3d6fbca6","","","",""
"2021-01-01T07:42:07.488002Z","2021-01-01","DEFAULT","TRADING","SELL","STOCK","SAP","DE0007164600","-0.8621950000","100.1191","86.32","-1.00","","EUR","","","","Sell trade DE0007164600 SAP SE O.N., quantity: 0.862195","05281c76-5a3b-4b26-9891-f4c5ae2e7ed3","","","",""
"2021-01-01T14:21:19.610754Z","2021-01-01","DEFAULT","CASH","TAX_OPTIMIZATION","","","","","","0.000000","","7.25","EUR","","","","Tax Optimisation","07191d8f-cced-43f8-adb7-e20ddd5c9b65","","","",""
"2021-01-03T15:23:39.231577Z","2021-01-03","DEFAULT","CASH","CARD_TRANSACTION","","Netto Marken-Discount","","","","-16.690000","","","EUR","","","","TR Card Transaction","6924b096-3da0-4c3a-8c08-f7bb335ee6cf","","","","5411"
"2021-01-04T08:33:28.553829Z","2021-01-04","DEFAULT","TRADING","BUY","STOCK","Microsoft","US5949181045","0.1453190000","172.0350","-25.00","","","EUR","","","","Savings plan execution US5949181045 MICROSOFT  DL-,00000625, quantity: 0.145319","52740e98-82c9-46f9-9c80-e88c1681f9ca","","","",""
"2021-01-04T12:48:15.713390Z","2021-01-04","DEFAULT","TRADING","BUY","STOCK","Apple","US0378331005","0.4485720000","55.7324","-25.00","","","EUR","","","","Savings plan execution US0378331005 APPLE INC., quantity: 0.448572","3301d607-8f0f-4c17-8d5a-b60324315d80","","","",""
"2021-01-04T17:26:44.575914Z","2021-01-04","DEFAULT","TRADING","BUY","FUND","Core MSCI World USD (Acc)","IE00B4L5Y983","2.8114140000","35.5693","-100.00","","","EUR","","","","Savings plan execution IE00B4L5Y983 iShares III plc - iShares Core MSCI World UCITS ETF USD (Acc), quantity: 2.811414","a990c568-5fef-4b29-8f86-9a7f69623f7e","","","",""
"2021-01-04T21:48:34.840952Z","2021-01-04","DEFAULT","TRADING","BUY","FUND","FTSE All-World USD (Dist)","IE00B3RBWM25","0.7471090000","66.9247","-50.00","","","EUR","","","","Savings plan execution IE00B3RBWM25 Vanguard FTSE All-World UCITS ETF (USD) Distributing, quantity: 0.747109","957d341b-c36b-4755-b109-ff34c909a377","","","",""
"2021-01-09T07:27:22.734406Z","2021-01-09","DEFAULT","CASH","CARD_TRANSACTION","","MCDONALDS 01271","","","","-10.780000","","","EUR","","","","TR Card Transaction","6008e3dc-0776-4a7b-a722-ac919ad7d025","","","","5814"
"2021-01-10T21:02:18.428728Z","2021-01-10","DEFAULT","CASH","CARD_TRANSACTION","","Lidl sagt Danke","","","","-34.560000","","","EUR","","","","TR Card Transaction","d5652a0a-d4f9-49c1-98ed-9e4c698c11b3","","","","5411"
"2021-01-12T10:41:55.364663Z","2021-01-12","DEFAULT","CASH","CARD_TRANSACTION","","Lidl sagt Danke","","","","-24.850000","","","EUR","","","","TR Card Transaction","1cbc5f7a-425e-4340-9605-144be9cbbe7c","","","","5411"
"2021-01-15T09:02:51.692267Z","2021-01-15","DEFAULT","CASH","DIVIDEND","STOCK","NVIDIA","US67066G1040","40.0001820000","","0.360000","","-0.09","EUR","0.42","USD","0.860869","Cash Dividend for ISIN US67066G1040","fb5de900-001c-4356-b7e9-7c4f372f9895","","","",""
"2021-01-17T07:15:47.046385Z","2021-01-17","DEFAULT","CASH","CARD_TRANSACTION","","ALDI SUED","","","","-20.070000","","","EUR","","","","TR Card Transaction","8e367b15-ff2c-4f87-acde-bcccd163d028","","","","5411"
"2021-01-18T13:52:58.767051Z","2021-01-18","DEFAULT","CASH","CARD_TRANSACTION","","Kino Darmstadt","","","","-13.970000","","","EUR","","","","TR Card Transaction","87913c58-e781-48b7-aa8d-514187fc6aa0","","","","7832"
"2021-01-20T11:40:43.447952Z","2021-01-20","DEFAULT","CASH","CARD_TRANSACTION","","Apotheke am Markt","","","","-23.920000","","","EUR","","","","TR Card Transaction","4ac0090e-ea56-4fa9-a831-806261efc11c","","","","5912"
"2021-01-24T19:35:33.140606Z","2021-01-24","DEFAULT","CASH","CARD_TRANSACTION","","ALDI SUED","","","","-24.250000","","","EUR","","","","TR Card Transaction","5dee31ed-d68b-413a-8452-fc5085c9ba21","","","","5411"
"2021-01-26T06:13:59.199254Z","2021-01-26","DEFAULT","CASH","CARD_TRANSACTION","","DB Vertrieb GmbH","","","","-57.810000","","","EUR","","","","TR Card Transaction","ba45b4b4-e386-41cc-af12-c63030df5d48","","","","4112"
"2021-01-26T07:55:04.197303Z","2021-01-26","DEFAULT","CASH","TRANSFER_INSTANT_INBOUND","","","","","","350.000000","","","EUR","","","","Incoming transfer from Max Mustermann","8c1226d5-ec1b-4b4c-94d9-bf0f28d69990","","","",""
"2021-01-26T12:30:13.911709Z","2021-01-26","DEFAULT","TRADING","BUY","CRYPTO","XRP","XRP","622.2951260000","0.482086","-300.00","-1.00","","EUR","","","","Buy trade XF000XRP0018 XRP, quantity: 622.295126","afd6b50a-9eb8-4ed1-880a-ad6555f726a3","","","",""
"2021-01-31T07:36:55.232022Z","2021-01-31","DEFAULT","CASH","TRANSFER_INSTANT_INBOUND","","","","","","50.000000","","","EUR","","","","Incoming transfer from Max Mustermann","8ecc4c94-4dc8-41f2-b664-b7792af2bbe2","","","",""
"2021-01-31T10:01:16.580189Z","2021-01-31","DEFAULT","CASH","CARD_TRANSACTION","","Amazon.de","","","","-30.530000","","","EUR","","","","TR Card Transaction","d26cf652-63e5-4717-a1c2-e25ddcab586e","","","","5942"
"2021-02-01T12:21:14.398290Z","2021-02-01","DEFAULT","CASH","CUSTOMER_INPAYMENT","","","","","","300.000000","","","EUR","","","","Direct Debit Top up with DE89370400440532013000","4ee22ae0-8eb9-4066-9534-334bcb11a94e","","","",""
"2021-02-02T17:10:08.755303Z","2021-02-02","DEFAULT","TRADING","BUY","STOCK","Apple","US0378331005","0.4234230000","59.0426","-25.00","","","EUR","","","","Savings plan execution US0378331005 APPLE INC., quantity: 0.423423","638dfb99-71c9-4921-9ba9-a8339acfbff9","","","",""
"2021-02-02T21:11:58.932566Z","2021-02-02","DEFAULT","TRADING","BUY","STOCK","Microsoft","US5949181045","0.1410830000","177.2013","-25.00","","","EUR","","","","Savings plan execution US5949181045 MICROSOFT  DL-,00000625, quantity: 0.141083","b472f8dd-dff1-4209-b491-b8d24d3080f5","","","",""
"2021-02-02T21:29:10.768367Z","2021-02-02","DEFAULT","TRADING","BUY","FUND","FTSE All-World USD (Dist)","IE00B3RBWM25","0.7577100000","65.9883","-50.00","","","EUR","","","","Savings plan execution IE00B3RBWM25 Vanguard FTSE All-World UCITS ETF (USD) Distributing, quantity: 0.757710","5c9c3df0-586b-4692-8f4a-82f348c985e8","","","",""
"2021-02-02T21:46:41.775520Z","2021-02-02","DEFAULT","TRADING","BUY","FUND","Core MSCI World USD (Acc)","IE00B4L5Y983","2.7764050000","36.0178","-100.00","","","EUR","","","","Savings plan execution IE00B4L5Y983 iShares III plc - iShares Core MSCI World UCITS ETF USD (Acc), quantity: 2.776405","76a5db7c-4431-4908-b998-e40338ff4192","","","",""
"2021-02-03T13:04:45.158366Z","2021-02-03","DEFAULT","CASH","CARD_TRANSACTION","","REWE Darmstadt","","","","-20.320000","","","EUR","","","","TR Card Transaction","97a302df-95f1-45b1-a76b-5f5c5645d5ce","","","","5411"
"2021-02-05T06:01:33.757273Z","2021-02-05","DEFAULT","CASH","TRANSFER_INSTANT_INBOUND","","","","","","150.000000","","","EUR","","","","Incoming transfer from Max Mustermann","832b2a73-9f09-48b1-b589-bf907c03159d","","","",""
"2021-02-05T14:34:18.017975Z","2021-02-05","DEFAULT","TRADING","BUY","FUND","Core S&P 500 USD (Acc)","IE00B5BMR087","0.5743660000","348.2102","-200.00","-1.00","","EUR","","","","Buy trade IE00B5BMR087 iShares VII plc - iShares Core S&P 500 UCITS ETF USD (Acc), quantity: 0.574366","13a8e312-8df7-4c42-91a8-045bd4caff8f","","","",""
"2021-02-10T08:31:54.454987Z","2021-02-10","DEFAULT","CASH","TRANSFER_INBOUND","","","","","","100.000000","","","EUR","","","","Incoming transfer from Max Mustermann (DE02100500000024290661)","00471ef3-c8fd-4656-acdd-c85fbb37840c","","","",""
"2021-02-10T18:24:35.499127Z","2021-02-10","DEFAULT","CASH","CARD_TRANSACTION","","ALDI SUED","","","","-7.370000","","","EUR","","","","TR Card Transaction","0987258c-89a2-45d5-9e9d-a4a9da573971","","","","5411"
"2021-02-15T13:36:53.890704Z","2021-02-15","DEFAULT","CASH","DIVIDEND","STOCK","Apple","US0378331005","4.1261120000","","0.900000","","-0.24","EUR","1.05","USD","0.855861","Cash Dividend for ISIN US0378331005","13f1e612-cb85-4b1e-8b05-34ac87eaa456","","","",""
"2021-02-15T18:59:04.313814Z","2021-02-15","DEFAULT","TRADING","SELL","STOCK","NVIDIA","US67066G1040","-13.2000600000","17.8941","236.20","-1.00","-30.22","EUR","","","","Sell trade US67066G1040 NVIDIA CORP.   DL-,001, quantity: 13.200060","a8393d68-3464-4a42-a618-f286be9cfdd4","","","",""
"2021-02-17T08:21:38.806360Z","2021-02-17","DEFAULT","CASH","CARD_TRANSACTION","","Netflix.com","","","","-13.990000","","","EUR","","","","TR Card Transaction","ec8601aa-3686-475e-b818-583d57f9e7f8","","","","4899"
"2021-02-23T08:11:27.470646Z","2021-02-23","DEFAULT","CASH","CARD_TRANSACTION","","Pizzeria Da Mario","","","","-14.350000","","","EUR","","","","TR Card Transaction","b8cdbfd8-db92-44d6-82e4-d572dd316421","","","","5812"
"2021-02-24T06:18:26.406637Z","2021-02-24","DEFAULT","CASH","CARD_TRANSACTION","","HEAG mobilo GmbH","","","","-6.920000","","","EUR","","","","TR Card Transaction","00d001fd-5b60-49b0-a15f-fc04d596f5c6","","","","4111"
"2021-03-01T12:29:06.142071Z","2021-03-01","DEFAULT","CASH","CUSTOMER_INPAYMENT","","","","","","500.000000","","","EUR","","","","Direct Debit Top up with DE89370400440532013000","03ca0b62-859c-4ba5-974f-8d7c1d2719f3","","","",""
"2021-03-02T10:19:20.632512Z","2021-03-02","DEFAULT","TRADING","BUY","FUND","FTSE All-World USD (Dist)","IE00B3RBWM25","0.7615810000","65.6529","-50.00","","","EUR","","","","Savings plan execution IE00B3RBWM25 Vanguard FTSE All-World UCITS ETF (USD) Distributing, quantity: 0.761581","f278d11f-5a11-4bc1-b797-a8a1a89f96ac","","","",""
"2021-03-02T12:30:20.186266Z","2021-03-02","DEFAULT","TRADING","BUY","STOCK","Apple","US0378331005","0.3790030000","65.9625","-25.00","","","EUR","","","","Savings plan execution US0378331005 APPLE INC., quantity: 0.379003","b5559674-65e7-4983-8cb8-4ba4c395e170","","","",""
"2021-03-02T16:28:21.451533Z","2021-03-02","DEFAULT","TRADING","BUY","FUND","Core MSCI World USD (Acc)","IE00B4L5Y983","2.7050080000","36.9685","-100.00","","","EUR","","","","Savings plan execution IE00B4L5Y983 iShares III plc - iShares Core MSCI World UCITS ETF USD (Acc), quantity: 2.705008","d6d73779-0cf3-4d4c-b889-d02f2e89e1c5","","","",""
"2021-03-02T18:20:18.770571Z","2021-03-02","DEFAULT","TRADING","BUY","STOCK","Microsoft","US5949181045","0.1343430000","186.0904","-25.00","","","EUR","","","","Savings plan execution US5949181045 MICROSOFT  DL-,00000625, quantity: 0.134343","7542bd8c-b8ec-48ab-ae82-f4878544ba2e","","","",""
"2021-03-02T21:36:50.254200Z","2021-03-02","DEFAULT","TRADING","BUY","CRYPTO","Bitcoin","BTC","0.0016130000","15497.6591","-25.00","","","EUR","","","","Savings plan execution XF000BTC0017 Bitcoin, quantity: 0.001613","5ee74049-0ee0-4663-bc24-9f7e4b748107","","","",""
"2021-03-06T18:04:28.626979Z","2021-03-06","DEFAULT","CASH","CARD_TRANSACTION","","DM-Drogerie Markt","","","","-22.030000","","","EUR","","","","TR Card Transaction","1796f17c-e873-4963-b16e-06912d668f63","","","","5912"
"2021-03-10T10:22:01.506222Z","2021-03-10","DEFAULT","CASH","CARD_TRANSACTION","","Shell Tankstelle","","","","-60.890000","","","EUR","","","","TR Card Transaction","a9aab7e0-5d26-41d2-bb63-9afdf74d5bd6","","","","5541"
"2021-03-10T13:28:23.410133Z","2021-03-10","DEFAULT","TRADING","SELL","STOCK","Allianz","DE0008404005","-0.1308340000","167.7734","21.95","-1.00","-1.44","EUR","","","","Sell trade DE0008404005 ALLIANZ SE NA O.N., quantity: 0.130834","94974a4e-521b-4183-8bd6-7955c9764db5","","","",""
"2021-03-10T16:50:27.111090Z","2021-03-10","DEFAULT","TRADING","BUY","CRYPTO","XRP","XRP","978.5521880000","0.510959","-500.00","-1.00","","EUR","","","","Buy trade XF000XRP0018 XRP, quantity: 978.552188","777cf3b7-8a0a-40c6-936b-cd5da41c5187","","","",""
"2021-03-11T16:29:50.216916Z","2021-03-11","DEFAULT","CASH","CARD_TRANSACTION","","DM-Drogerie Markt","","","","-11.750000","","","EUR","","","","TR Card Transaction","a042def3-8d8b-469d-92d3-02cd7317594f","","","","5912"
"2021-03-12T09:01:54.359743Z","2021-03-12","DEFAULT","CASH","CARD_TRANSACTION","","Lidl sagt Danke","","","","-12.610000","","","EUR","","","","TR Card Transaction","cd33e87b-3dd5-454e-9ad8-9e1ec978771e","","","","5411"
"2021-03-14T11:40:42.453125Z","2021-03-14","DEFAULT","CASH","TRANSFER_INSTANT_INBOUND","","","","","","50.000000","","","EUR","","","","Incoming transfer from Max Mustermann","d8dc2cd1-ed91-403b-8183-9fb6ec41635d","","","",""
"2021-03-14T18:01:47.643937Z","2021-03-14","DEFAULT","CASH","CARD_TRANSACTION","","Spotify","","","","-10.990000","","","EUR","","","","TR Card Transaction","f2b1332c-ae5b-4e8a-945c-1bbaa72d15ee","","","","5815"
"2021-03-14T19:29:14.836507Z","2021-03-14","DEFAULT","CASH","CARD_TRANSACTION","","Rossmann","","","","-9.610000","","","EUR","","","","TR Card Transaction","ca0155ba-fe55-40c2-a4e9-f95c7b504bd2","","","","5912"
"2021-03-15T08:36:06.838338Z","2021-03-15","DEFAULT","TRADING","BUY","STOCK","Allianz","DE0008404005","0.6012500000","166.3201","-100.00","-1.00","","EUR","","","","Buy trade DE0008404005 ALLIANZ SE NA O.N., quantity: 0.601250","1a168337-3c4a-4282-bc9f-16f3a57d0aa1","","","",""
"2021-03-15T14:48:45.848014Z","2021-03-15","DEFAULT","CASH","TRANSFER_INSTANT_INBOUND","","","","","","100.000000","","","EUR","","","","Incoming transfer from Max Mustermann","6a740080-76a0-4f64-8c19-3bac1d7ec97c","","","",""
"2021-03-15T16:12:29.119490Z","2021-03-15","DEFAULT","CASH","DIVIDEND","STOCK","Microsoft","US5949181045","4.6013430000","","3.120000","","-0.82","EUR","3.66","USD","0.852593","Cash Dividend for ISIN US5949181045","fb0996a9-24a0-4efd-ae6b-8684253d141b","","","",""
"2021-03-15T21:33:40.328628Z","2021-03-15","DEFAULT","CASH","DIVIDEND","FUND","FTSE All-World USD (Dist)","IE00B3RBWM25","6.6212860000","","2.700000","","-0.71","EUR","3.16","USD","0.854101","Cash Dividend for ISIN IE00B3RBWM25","9519799a-1e26-4c03-a569-b202a51a5d98","","","",""
"2021-03-17T16:07:15.320214Z","2021-03-17","DEFAULT","CASH","CARD_TRANSACTION","","Lidl sagt Danke","","","","-24.510000","","","EUR","","","","TR Card Transaction","b2fabbd6-3aa4-4d42-95ba-e0a50fc14d9c","","","","5411"
"2021-03-24T14:14:34.302692Z","2021-03-24","DEFAULT","CASH","CARD_TRANSACTION","","Starbucks Darmstadt","","","","-5.460000","","","EUR","","","","TR Card Transaction","f50cba9a-0f32-4a6e-9b71-ba2624f706f2","","","","5814"
"2021-03-28T07:28:16.365509Z","2021-03-28","DEFAULT","CASH","CARD_TRANSACTION","","Starbucks Darmstadt","","","","-5.490000","","","EUR","","","","TR Card Transaction","a1c29b56-d139-43ca-ab77-74cebc7486d4","","","","5814"
"2021-03-29T17:55:45.639905Z","2021-03-29","DEFAULT","CASH","TRANSFER_INSTANT_INBOUND","","","","","","50.000000","","","EUR","","","","Incoming transfer from Max Mustermann","96d304a9-a252-4765-8f74-5e79431fd001","","","",""
"2021-03-29T19:10:39.145998Z","2021-03-29","DEFAULT","CASH","CARD_TRANSACTION","","MCDONALDS 01271","","","","-13.110000","","","EUR","","","","TR Card Transaction","8c971e48-eaff-4c38-9a63-76fe12da0e55","","","","5814"
"2021-03-31T09:08:48.823856Z","2021-03-31","DEFAULT","CASH","CARD_TRANSACTION","","Kino Darmstadt","","","","-13.930000","","","EUR","","","","TR Card Transaction","147cfda2-596b-43ae-8756-8df3b01e238b","","","","7832"
"2021-04-01T10:44:55.139136Z","2021-04-01","DEFAULT","CASH","CUSTOMER_INPAYMENT","","","","","","500.000000","","","EUR","","","","Direct Debit Top up with DE89370400440532013000","9ffd5810-d77c-434a-9ef4-9ea9f630c381","","","",""
"2021-04-02T08:25:32.786224Z","2021-04-02","DEFAULT","TRADING","BUY","STOCK","Microsoft","US5949181045","0.1250710000","199.8859","-25.00","","","EUR","","","","Savings plan execution US5949181045 MICROSOFT  DL-,00000625, quantity: 0.125071","5289c66a-421e-4d1a-aec4-9dfd16b3a880","","","",""
"2021-04-02T08:46:29.665678Z","2021-04-02","DEFAULT","CASH","TRANSFER_INBOUND","","","","","","250.000000","","","EUR","","","","Incoming transfer from Max Mustermann (DE02100500000024290661)","47d9f292-d2cc-4b8c-8c81-3c44e7c63885","","","",""
"2021-04-02T14:40:26.393396Z","2021-04-02","DEFAULT","TRADING","BUY","FUND","FTSE All-World USD (Dist)","IE00B3RBWM25","0.7935630000","63.0070","-50.00","","","EUR","","","","Savings plan execution IE00B3RBWM25 Vanguard FTSE All-World UCITS ETF (USD) Distributing, quantity: 0.793563","581f31bd-e748-4f0b-9784-da10c37d5439","","","",""
"2021-04-02T14:44:59.919933Z","2021-04-02","DEFAULT","TRADING","BUY","CRYPTO","Bitcoin","BTC","0.0017260000","14485.0884","-25.00","","","EUR","","","","Savings plan execution XF000BTC0017 Bitcoin, quantity: 0.001726","884ee0ec-c18c-4b11-a512-a473270db383","","","",""
"2021-04-02T20:04:40.833197Z","2021-04-02","DEFAULT","TRADING","BUY","STOCK","Apple","US0378331005","0.3949010000","63.3070","-25.00","","","EUR","","","","Savings plan execution US0378331005 APPLE INC., quantity: 0.394901","5d756f92-ee64-4474-a1f8-b6f4e42006b4","","","",""
"2021-04-02T21:09:36.663121Z","2021-04-02","DEFAULT","TRADING","BUY","FUND","Core MSCI World USD (Acc)","IE00B4L5Y983","2.6360580000","37.9354","-100.00","","","EUR","","","","Savings plan execution IE00B4L5Y983 iShares III plc - iShares Core MSCI World UCITS ETF USD (Acc), quantity: 2.636058","44912d14-1b37-4a7f-94b7-7b24db7ab782","","","",""
"2021-04-12T08:08:37.237178Z","2021-04-12","DEFAULT","CASH","TRANSFER_INBOUND","","","","","","200.000000","","","EUR","","","","Incoming transfer from Max Mustermann (DE02100500000024290661)","04ca562d-be8b-4792-89dc-ba97ab947ba5","","","",""
"2021-04-13T19:44:08.500905Z","2021-04-13","DEFAULT","TRADING","SELL","STOCK","SAP","DE0007164600","-0.4376290000","115.8372","50.69","-1.00","-0.12","EUR","","","","Sell trade DE0007164600 SAP SE O.N., quantity: 0.437629","46b7e3ab-e314-4a58-8180-72497dc30f6d","","","",""
"2021-04-15T10:04:33.590653Z","2021-04-15","DEFAULT","CASH","DIVIDEND","STOCK","NVIDIA","US67066G1040","26.8001220000","","0.240000","","-0.06","EUR","0.28","USD","0.864902","Cash Dividend for ISIN US67066G1040","73956460-03ef-4a5e-b723-6819a6d134eb","","","",""
"2021-04-15T20:22:46.223404Z","2021-04-15","DEFAULT","CASH","TRANSFER_INSTANT_OUTBOUND","","","","","","-100.000000","","","EUR","","","","Outgoing transfer for Max Mustermann","3759a893-90ca-44ba-ba77-df6b7c6211d7","","","",""
"2021-04-23T16:08:24.902628Z","2021-04-23","DEFAULT","CASH","CARD_TRANSACTION","","REWE Darmstadt","","","","-44.450000","","","EUR","","","","TR Card Transaction","84b0495d-a3d0-4535-98d6-9d67e025e627","","","","5411"
"2021-04-24T07:59:03.994763Z","2021-04-24","DEFAULT","CASH","CARD_TRANSACTION","","REWE Darmstadt","","","","-14.010000","","","EUR","","","","TR Card Transaction","6bdd6aaf-c084-474c-b47c-c929e9a1c6c2","","","","5411"
"2021-04-24T08:01:37.070813Z","2021-04-24","DEFAULT","CASH","CARD_TRANSACTION","","Rossmann","","","","-19.540000","","","EUR","","","","TR Card Transaction","3bb09f44-06d8-4879-a463-b994ccbb3b2e","","","","5912"
"2021-04-24T19:27:44.421818Z","2021-04-24","DEFAULT","CASH","CARD_TRANSACTION","","Spotify","","","","-10.990000","","","EUR","","","","TR Card Transaction","7c56b742-d790-4885-9b97-c5a1a25c3750","","","","5815"
"2021-04-30T17:33:33.821021Z","2021-04-30","DEFAULT","CASH","CARD_TRANSACTION","","Rossmann","","","","-13.420000","","","EUR","","","","TR Card Transaction","ee2f68cd-c8e3-44fe-86f2-e693732a8ece","","","","5912"
"2021-05-01T14:46:56.123791Z","2021-05-01","DEFAULT","CASH","CUSTOMER_INPAYMENT","","","","","","500.000000","","","EUR","","","","Direct Debit Top up with DE89370400440532013000","e9ad1917-4162-4a59-8641-2a5adea3c1f6","","","",""
"2021-05-03T07:30:23.401583Z","2021-05-03","DEFAULT","TRADING","BUY","STOCK","Apple","US0378331005","1.4722590000","67.9228","-100.00","-1.00","","EUR","","","","Buy trade US0378331005 APPLE INC., quantity: 1.472259","ccb43ebd-e5db-45b0-852f-ad23b0220e01","","","",""
"2021-05-03T07:35:51.958343Z","2021-05-03","DEFAULT","CASH","CARD_TRANSACTION","","Rossmann","","","","-23.420000","","","EUR","","","","TR Card Transaction","54d411d1-d887-4392-839c-40957ec3b065","","","","5912"
"2021-05-03T08:31:29.535593Z","2021-05-03","DEFAULT","TRADING","BUY","FUND","Core MSCI World USD (Acc)","IE00B4L5Y983","2.6633520000","37.5467","-100.00","","","EUR","","","","Savings plan execution IE00B4L5Y983 iShares III plc - iShares Core MSCI World UCITS ETF USD (Acc), quantity: 2.663352","6d48b007-18ec-4c49-8f4f-66a5c9f9fa96","","","",""
"2021-05-03T09:14:47.533541Z","2021-05-03","DEFAULT","TRADING","BUY","CRYPTO","Bitcoin","BTC","0.0014290000","17499.1882","-25.01","","","EUR","","","","Savings plan execution XF000BTC0017 Bitcoin, quantity: 0.001429","1bcc3a96-1c07-485e-9d62-a818a01dac35","","","",""
"2021-05-03T09:57:36.706866Z","2021-05-03","DEFAULT","TRADING","BUY","STOCK","Microsoft","US5949181045","0.1136370000","219.9981","-25.00","","","EUR","","","","Savings plan execution US5949181045 MICROSOFT  DL-,00000625, quantity: 0.113637","fd0c8eba-0255-438c-80c8-0fd1df3c646d","","","",""
"2021-05-03T11:23:10.267508Z","2021-05-03","DEFAULT","TRADING","BUY","STOCK","Apple","US0378331005","0.3680650000","67.9228","-25.00","","","EUR","","","","Savings plan execution US0378331005 APPLE INC., quantity: 0.368065","1c1b289a-a437-41e5-b9f2-5c892bcd6482","","","",""
"2021-05-03T17:03:31.901104Z","2021-05-03","DEFAULT","TRADING","BUY","FUND","FTSE All-World USD (Dist)","IE00B3RBWM25","0.7979570000","62.6601","-50.00","","","EUR","","","","Savings plan execution IE00B3RBWM25 Vanguard FTSE All-World UCITS ETF (USD) Distributing, quantity: 0.797957","f1124762-a3e6-490c-9b17-36cf4a91758f","","","",""
"2021-05-04T07:11:14.843409Z","2021-05-04","DEFAULT","CASH","CARD_TRANSACTION","","Kino Darmstadt","","","","-12.370000","","","EUR","","","","TR Card Transaction","cf4d828f-ccbd-4cff-9d7e-cfc57a70da5f","","","","7832"
"2021-05-04T08:36:23.125200Z","2021-05-04","DEFAULT","CASH","CARD_TRANSACTION","","HEAG mobilo GmbH","","","","-3.960000","","","EUR","","","","TR Card Transaction","857e718d-1064-4153-b164-b7b35ca7dd9e","","","","4111"
"2021-05-10T06:48:42.394552Z","2021-05-10","DEFAULT","CASH","TRANSFER_INBOUND","","","","","","200.000000","","","EUR","","","","Incoming transfer from Max Mustermann (DE02100500000024290661)","35adc0fb-876e-4a56-be66-459d8f83656e","","","",""
"2021-05-11T19:31:03.149289Z","2021-05-11","DEFAULT","CASH","CARD_TRANSACTION","","Kino Darmstadt","","","","-13.920000","","","EUR","","","","TR Card Transaction","c799cfb7-bce5-4376-affb-496fd9ec888b","","","","7832"
"2021-05-13T18:04:37.595403Z","2021-05-13","DEFAULT","CASH","CARD_TRANSACTION","","DM-Drogerie Markt","","","","-19.840000","","","EUR","","","","TR Card Transaction","cf8fabed-f8ce-490d-bbc8-cc1d0a5b2862","","","","5912"
"2021-05-15T09:09:06.172359Z","2021-05-15","DEFAULT","CASH","DIVIDEND","STOCK","SAP","DE0007164600","1.3128880000","","3.060000","","-0.81","EUR","","","","Cash Dividend for ISIN DE0007164600","2fc5eed4-3ab0-4b68-b905-a1920f5f5a13","","","",""
"2021-05-15T12:08:49.807557Z","2021-05-15","DEFAULT","CASH","DIVIDEND","STOCK","Allianz","DE0008404005","0.8668820000","","11.030000","","-2.91","EUR","","","","Cash Dividend for ISIN DE0008404005","c976fbe4-a860-4403-b257-306d150842a5","","","",""
"2021-05-15T20:17:14.078315Z","2021-05-15","DEFAULT","CASH","DIVIDEND","STOCK","Apple","US0378331005","6.7403400000","","1.450000","","-0.38","EUR","1.71","USD","0.848252","Cash Dividend for ISIN US0378331005","32c796fd-a01f-45fc-9ffb-2c4240f34e53","","","",""
"2021-05-25T08:57:54.869642Z","2021-05-25","DEFAULT","CASH","CARD_TRANSACTION","","Shell Tankstelle","","","","-62.370000","","","EUR","","","","TR Card Transaction","3bf555c7-2f9f-47a6-9fc6-1ee26d192bb0","","","","5541"
"2021-05-27T20:56:09.036332Z","2021-05-27","DEFAULT","CASH","CARD_TRANSACTION","","Rossmann","","","","-8.320000","","","EUR","","","","TR Card Transaction","02a361b7-891d-4a08-b2fa-fe07ece3e7b7","","","","5912"
"2021-05-31T17:30:34.819394Z","2021-05-31","DEFAULT","TRADING","BUY","CRYPTO","XRP","XRP","1039.9643830000","0.480786","-500.00","-1.00","","EUR","","","","Buy trade XF000XRP0018 XRP, quantity: 1039.964383","51019f0c-698c-4437-a5c4-9d69b37aed42","","","",""
"2021-06-01T06:20:38.229659Z","2021-06-01","DEFAULT","CASH","CUSTOMER_INPAYMENT","","","","","","300.000000","","","EUR","","","","Direct Debit Top up with DE89370400440532013000","28a7c3fa-1da9-4ed6-8698-10cb99e81412","","","",""
"2021-06-01T09:15:42.252867Z","2021-06-01","DEFAULT","CASH","CARD_TRANSACTION","","Starbucks Darmstadt","","","","-8.870000","","","EUR","","","","TR Card Transaction","c9721550-b138-4f73-bba1-40c66017ef4d","","","","5814"
"2021-06-01T21:33:22.804092Z","2021-06-01","DEFAULT","TRADING","BUY","STOCK","Coca-Cola","US1912161007","1.0500010000","47.6190","-50.00","-1.00","","EUR","","","","Buy trade US1912161007 COCA-COLA CO.   DL-,25, quantity: 1.050001","3925b8c3-5f2c-49e0-918f-8ce3916187ad","","","",""
"2021-06-02T07:48:14.603656Z","2021-06-02","DEFAULT","TRADING","BUY","FUND","Core MSCI World USD (Acc)","IE00B4L5Y983","2.8645570000","34.9094","-100.00","","","EUR","","","","Savings plan execution IE00B4L5Y983 iShares III plc - iShares Core MSCI World UCITS ETF USD (Acc), quantity: 2.864557","3475e3c6-77d0-4a3c-b125-f96c6b3cdccc","","","",""
"2021-06-02T11:11:15.621301Z","2021-06-02","DEFAULT","TRADING","BUY","STOCK","Apple","US0378331005","0.3312110000","75.4806","-25.00","","","EUR","","","","Savings plan execution US0378331005 APPLE INC., quantity: 0.331211","82a02437-5b23-45a7-ad04-9524d7f52785","","","",""
"2021-06-02T16:51:47.731514Z","2021-06-02","DEFAULT","TRADING","BUY","STOCK","Microsoft","US5949181045","0.1150890000","217.2240","-25.00","","","EUR","","","","Savings plan execution US5949181045 MICROSOFT  DL-,00000625, quantity: 0.115089","0151a19a-16c8-4c4d-89f8-3e526bf692b1","","","",""
"2021-06-02T17:58:37.029576Z","2021-06-02","DEFAULT","TRADING","BUY","CRYPTO","Bitcoin","BTC","0.0012120000","20628.6824","-25.00","","","EUR","","","","Savings plan execution XF000BTC0017 Bitcoin, quantity: 0.001212","0c9875ab-3f5f-40f5-a31f-0425be6d09ab","","","",""
"2021-06-02T18:22:59.879988Z","2021-06-02","DEFAULT","TRADING","BUY","FUND","FTSE All-World USD (Dist)","IE00B3RBWM25","0.7262910000","68.8430","-50.00","","","EUR","","","","Savings plan execution IE00B3RBWM25 Vanguard FTSE All-World UCITS ETF (USD) Distributing, quantity: 0.726291","6aed565e-0796-4f10-9c8f-1620ebcc3950","","","",""
"2021-06-03T11:31:02.094641Z","2021-06-03","DEFAULT","CASH","CARD_TRANSACTION","","Zalando SE","","","","-57.950000","","","EUR","","","","TR Card Transaction","a8bbd42d-077e-44c8-9df7-23396a451ca0","","","","5691"
"2021-06-12T06:44:36.410623Z","2021-06-12","DEFAULT","CASH","CARD_TRANSACTION","","DB Vertrieb GmbH","","","","-15.490000","","","EUR","","","","TR Card Transaction","ed6de14c-8ec1-425c-8367-d69eaac54ded","","","","4112"
"2021-06-12T16:58:51.641079Z","2021-06-12","DEFAULT","CASH","CARD_TRANSACTION","","MediaMarkt","","","","-20.990000","","","EUR","","","","TR Card Transaction","979bbea9-c5dc-421e-b155-42fe0b735acc","","","","5732"
"2021-06-15T14:13:15.726847Z","2021-06-15","DEFAULT","CASH","DIVIDEND","STOCK","Microsoft","US5949181045","4.9551400000","","3.340000","","-0.88","EUR","3.94","USD","0.847636","Cash Dividend for ISIN US5949181045","fde74716-3ff7-465f-a75e-ab904c03e317","","","",""
"2021-06-15T14:50:06.755408Z","2021-06-15","DEFAULT","CASH","DIVIDEND","STOCK","Alphabet (A)","US02079K3059","2.9630650000","","0.530000","","-0.14","EUR","0.63","USD","0.840059","Cash Dividend for ISIN US02079K3059","0a95d06c-a95f-4855-aa8d-5d8eb66bca0e","","","",""
"2021-06-15T18:28:46.440038Z","2021-06-15","DEFAULT","CASH","DIVIDEND","FUND","FTSE All-World USD (Dist)","IE00B3RBWM25","8.9390970000","","3.570000","","-0.94","EUR","4.26","USD","0.838729","Cash Dividend for ISIN IE00B3RBWM25","2829c99e-89b7-4878-a97a-08902ec4f690","","","",""
"2021-06-18T11:56:24.168720Z","2021-06-18","DEFAULT","CASH","CARD_TRANSACTION","","Netto Marken-Discount","","","","-3.710000","","","EUR","","","","TR Card Transaction","3f865dd6-570a-4e98-8a13-9fb0b1a48231","","","","5411"
"2021-06-24T21:12:06.026985Z","2021-06-24","DEFAULT","CASH","CARD_TRANSACTION","","Netflix.com","","","","-13.990000","","","EUR","","","","TR Card Transaction","8bb31de1-4e7a-4605-94cb-e80835e3756a","","","","4899"
"2021-06-26T18:11:23.928506Z","2021-06-26","DEFAULT","CASH","CARD_TRANSACTION","","Pizzeria Da Mario","","","","-14.100000","","","EUR","","","","TR Card Transaction","20a3a8b2-6468-4adc-81e6-0ca21d91bdca","","","","5812"
"2021-06-30T21:36:56.247088Z","2021-06-30","DEFAULT","CASH","CARD_TRANSACTION","","Apotheke am Markt","","","","-18.430000","","","EUR","","","","TR Card Transaction","2355c7f0-8ee5-4859-bdc7-abfb3d4ff635","","","","5912"
"2021-07-01T07:32:36.944195Z","2021-07-01","DEFAULT","CASH","CUSTOMER_INPAYMENT","","","","","","500.000000","","","EUR","","","","Direct Debit Top up with DE89370400440532013000","246551c2-aab6-43c8-92a1-0c3c74d9f3e9","","","",""
"2021-07-01T20:11:10.222182Z","2021-07-01","DEFAULT","CASH","CARD_TRANSACTION","","DM-Drogerie Markt","","","","-5.370000","","","EUR","","","","TR Card Transaction","473b191e-3c58-47da-8f55-826d837cf168","","","","5912"
"2021-07-02T08:05:24.583390Z","2021-07-02","DEFAULT","TRADING","BUY","STOCK","Microsoft","US5949181045","0.1103800000","226.4901","-25.00","","","EUR","","","","Savings plan execution US5949181045 MICROSOFT  DL-,00000625, quantity: 0.110380","0a215750-5ef5-4bc6-87d5-67a89a0db753","","","",""
"2021-07-02T10:53:38.270413Z","2021-07-02","DEFAULT","TRADING","BUY","FUND","FTSE All-World USD (Dist)","IE00B3RBWM25","0.7151310000","69.9172","-50.00","","","EUR","","","","Savings plan execution IE00B3RBWM25 Vanguard FTSE All-World UCITS ETF (USD) Distributing, quantity: 0.715131","6ac7f4e9-ec6b-4bc5-9a7b-7d9a5bb6ad7d","","","",""
"2021-07-02T16:58:46.958580Z","2021-07-02","DEFAULT","TRADING","BUY","STOCK","Apple","US0378331005","0.3875980000","64.4997","-25.00","","","EUR","","","","Savings plan execution US0378331005 APPLE INC., quantity: 0.387598","1c436ead-123d-4e1c-8fe4-765d7382270b","","","",""
"2021-07-02T18:35:20.898235Z","2021-07-02","DEFAULT","TRADING","BUY","CRYPTO","Bitcoin","BTC","0.0011300000","22124.0343","-25.00","","","EUR","","","","Savings plan execution XF000BTC0017 Bitcoin, quantity: 0.001130","b2bf86c0-f4af-44ff-9c01-9dc845d67723","","","",""
"2021-07-02T19:12:52.657694Z","2021-07-02","DEFAULT","TRADING","BUY","FUND","Core MSCI World USD (Acc)","IE00B4L5Y983","2.5710740000","38.8943","-100.00","","","EUR","","","","Savings plan execution IE00B4L5Y983 iShares III plc - iShares Core MSCI World UCITS ETF USD (Acc), quantity: 2.571074","a8995973-d45c-413d-b1dc-9bd278d6469a","","","",""
"2021-07-05T14:24:41.509172Z","2021-07-05","DEFAULT","CASH","CARD_TRANSACTION","","Amazon.de","","","","-71.210000","","","EUR","","","","TR Card Transaction","98778d67-71b3-4bbc-bbb2-81fe2995fb41","","","","5942"
"2021-07-05T15:55:34.922889Z","2021-07-05","DEFAULT","CASH","CARD_TRANSACTION","","MediaMarkt","","","","-159.220000","","","EUR","","","","TR Card Transaction","db591e92-c2aa-4395-bc43-8f15dd1012bd","","","","5732"
"2021-07-08T21:54:44.718119Z","2021-07-08","DEFAULT","CASH","CARD_TRANSACTION","","DB Vertrieb GmbH","","","","-24.860000","","","EUR","","","","TR Card Transaction","b8599da5-98ae-4acb-ad8e-e11b395302df","","","","4112"
"2021-07-13T06:11:12.917693Z","2021-07-13","DEFAULT","CASH","CARD_TRANSACTION","","Kino Darmstadt","","","","-13.400000","","","EUR","","","","TR Card Transaction","35c51df0-782f-4941-998e-f384f5671416","","","","7832"
"2021-07-14T20:32:25.666275Z","2021-07-14","DEFAULT","CASH","CARD_TRANSACTION","","MCDONALDS 01271","","","","-7.740000","","","EUR","","","","TR Card Transaction","a4ccf089-4765-4699-9ef1-4c9ea81abb3e","","","","5814"
"2021-07-15T14:47:53.722312Z","2021-07-15","DEFAULT","CASH","DIVIDEND","STOCK","Coca-Cola","US1912161007","1.0500010000","","0.450000","","-0.12","EUR","0.53","USD","0.843070","Cash Dividend for ISIN US1912161007","97a97b52-8471-4eb8-bc1b-d85c47b52133","","","",""
"2021-07-15T21:37:35.366749Z","2021-07-15","DEFAULT","CASH","DIVIDEND","STOCK","NVIDIA","US67066G1040","26.8001220000","","0.240000","","-0.06","EUR","0.28","USD","0.855395","Cash Dividend for ISIN US67066G1040","164bcea3-c678-48e2-a05f-8e87d5578a8b","","","",""
"2021-07-17T19:32:01.906630Z","2021-07-17","DEFAULT","CASH","CARD_TRANSACTION","","MCDONALDS 01271","","","","-7.690000","","","EUR","","","","TR Card Transaction","a55654bd-a52d-4fcf-970a-bb3e8179beb9","","","","5814"
"2021-07-18T06:14:16.637894Z","2021-07-18","DEFAULT","CASH","CARD_TRANSACTION","","DM-Drogerie Markt","","","","-20.130000","","","EUR","","","","TR Card Transaction","919d173d-14d7-4a1e-ba70-3c9660804975","","","","5912"
"2021-07-20T06:32:42.884247Z","2021-07-20","DEFAULT","CASH","CARD_TRANSACTION","","Spotify","","","","-10.990000","","","EUR","","","","TR Card Transaction","382713b4-3a0c-4bb4-88b9-f553e150b3cb","","","","5815"
"2021-07-21T14:40:20.903339Z","2021-07-21","DEFAULT","CASH","CARD_TRANSACTION","","Zalando SE","","","","-24.470000","","","EUR","","","","TR Card Transaction","330c2e87-88e4-49ed-ad3c-ea9e5d3eb8ad","","","","5691"
"2021-07-22T07:51:54.841339Z","2021-07-22","DEFAULT","CASH","CARD_TRANSACTION","","Kino Darmstadt","","","","-12.830000","","","EUR","","","","TR Card Transaction","07151271-9d7c-47c2-ae8f-8cf9e312a705","","","","7832"
"2021-07-23T14:58:26.424252Z","2021-07-23","DEFAULT","CASH","CARD_TRANSACTION","","Zalando SE","","","","-89.820000","","","EUR","","","","TR Card Transaction","e7a66f7d-477e-41e1-b717-9e82ea7a9639","","","","5691"
"2021-07-26T11:53:42.919071Z","2021-07-26","DEFAULT","CASH","CARD_TRANSACTION","","Kino Darmstadt","","","","-10.500000","","","EUR","","","","TR Card Transaction","76189d6a-bae8-4e95-85fa-a975c1d3598e","","","","7832"
"2021-07-29T15:29:54.123502Z","2021-07-29","DEFAULT","CASH","CARD_TRANSACTION","","Amazon.de","","","","-26.760000","","","EUR","","","","TR Card Transaction","f9834727-19c5-4029-809f-8e4ea9966c99","","","","5942"
"2021-07-30T18:33:19.433174Z","2021-07-30","DEFAULT","CASH","CARD_TRANSACTION","","MCDONALDS 01271","","","","-10.000000","","","EUR","","","","TR Card Transaction","b477573b-822a-470a-a6ee-b738cee6d1d8","","","","5814"
"2021-07-31T11:49:05.511265Z","2021-07-31","DEFAULT","CASH","CARD_TRANSACTION","","MCDONALDS 01271","","","","-8.430000","","","EUR","","","","TR Card Transaction","d4327063-2b8f-43ae-bdd5-f49292392f60","","","","5814"
"2021-07-31T20:09:20.904285Z","2021-07-31","DEFAULT","CASH","TRANSFER_INSTANT_INBOUND","","","","","","50.000000","","","EUR","","","","Incoming transfer from Max Mustermann","961e5675-b184-4524-9348-1bb6473ee77b","","","",""
"2021-08-01T06:28:17.219553Z","2021-08-01","DEFAULT","CASH","CUSTOMER_INPAYMENT","","","","","","300.000000","","","EUR","","","","Direct Debit Top up with DE89370400440532013000","ced87b14-cec4-4e70-9ff1-f931f0187e1a","","","",""
"2021-08-02T08:08:39.454779Z","2021-08-02","DEFAULT","TRADING","BUY","FUND","FTSE All-World USD (Dist)","IE00B3RBWM25","0.6884120000","72.6309","-50.00","","","EUR","","","","Savings plan execution IE00B3RBWM25 Vanguard FTSE All-World UCITS ETF (USD) Distributing, quantity: 0.688412","7e0f6103-c94c-415d-b072-58048c23119a","","","",""
"2021-08-02T12:01:43.004324Z","2021-08-02","DEFAULT","CASH","TRANSFER_INSTANT_INBOUND","","","","","","450.000000","","","EUR","","","","Incoming transfer from Max Mustermann","793b01a6-9245-4239-b85a-edbd4204d92c","","","",""
"2021-08-02T12:46:23.996219Z","2021-08-02","DEFAULT","TRADING","BUY","CRYPTO","Bitcoin","BTC","0.0013200000","18937.9542","-25.00","","","EUR","","","","Savings plan execution XF000BTC0017 Bitcoin, quantity: 0.001320","9a27ed93-706e-433e-979d-b1aef5634d8c","","","",""
"2021-08-02T13:14:44.919585Z","2021-08-02","DEFAULT","TRADING","BUY","CRYPTO","Bitcoin","BTC","0.0264020000","18937.9542","-500.00","-1.00","","EUR","","","","Buy trade XF000BTC0017 Bitcoin, quantity: 0.026402","2b89c921-13d3-412e-92ff-e87776054d30","","","",""
"2021-08-02T18:00:02.559711Z","2021-08-02","DEFAULT","TRADING","BUY","STOCK","Microsoft","US5949181045","0.1118320000","223.5498","-25.00","","","EUR","","","","Savings plan execution US5949181045 MICROSOFT  DL-,00000625, quantity: 0.111832","fd6081df-fdbe-417b-8fb4-a679dc76bbc7","","","",""
"2021-08-02T19:25:27.500590Z","2021-08-02","DEFAULT","TRADING","BUY","STOCK","Apple","US0378331005","0.3950670000","63.2805","-25.00","","","EUR","","","","Savings plan execution US0378331005 APPLE INC., quantity: 0.395067","ce01b81c-6e89-4b63-9502-041d8744188f","","","",""
"2021-08-02T21:50:48.817629Z","2021-08-02","DEFAULT","TRADING","BUY","FUND","Core MSCI World USD (Acc)","IE00B4L5Y983","2.5675430000","38.9477","-100.00","","","EUR","","","","Savings plan execution IE00B4L5Y983 iShares III plc - iShares Core MSCI World UCITS ETF USD (Acc), quantity: 2.567543","93463f09-c11b-4a85-8473-e1ba45665da2","","","",""
"2021-08-05T06:37:32.177193Z","2021-08-05","DEFAULT","CASH","CARD_TRANSACTION","","DM-Drogerie Markt","","","","-7.910000","","","EUR","","","","TR Card Transaction","a7f39f39-643f-42ec-a53b-52085fed239e","","","","5912"
"2021-08-05T18:01:14.235217Z","2021-08-05","DEFAULT","CASH","CARD_TRANSACTION","","MCDONALDS 01271","","","","-6.650000","","","EUR","","","","TR Card Transaction","58cc247f-8006-4317-b115-78a03de3e66f","","","","5814"
"2021-08-06T07:42:06.685315Z","2021-08-06","DEFAULT","CASH","CARD_TRANSACTION","","Apotheke am Markt","","","","-17.090000","","","EUR","","","","TR Card Transaction","dda763f1-9732-4ea2-9a86-d9e81f1ad3d2","","","","5912"
"2021-08-06T09:26:28.398724Z","2021-08-06","DEFAULT","CASH","CARD_TRANSACTION","","REWE Darmstadt","","","","-5.030000","","","EUR","","","","TR Card Transaction","845d8ed6-2525-4a12-b32b-5a923d1c1f53","","","","5411"
"2021-08-10T12:49:16.871889Z","2021-08-10","DEFAULT","CASH","CARD_TRANSACTION","","Netto Marken-Discount","","","","-13.450000","","","EUR","","","","TR Card Transaction","a34ab9ab-72d7-4496-9a4d-e323803d9cfc","","","","5411"
"2021-08-12T09:53:36.701520Z","2021-08-12","DEFAULT","TRADING","SELL","FUND","Core S&P 500 USD (Acc)","IE00B5BMR087","-0.2640190000","412.0675","108.79","-1.00","-5.62","EUR","","","","Sell trade IE00B5BMR087 iShares VII plc - iShares Core S&P 500 UCITS ETF USD (Acc), quantity: 0.264019","578f7a9b-1b33-43e0-8c3d-2e84a0409205","","","",""
"2021-08-13T20:18:16.486830Z","2021-08-13","DEFAULT","CASH","CARD_TRANSACTION","","Pizzeria Da Mario","","","","-26.820000","","","EUR","","","","TR Card Transaction","610047ef-f460-4eee-a4c8-d7ddba6156f9","","","","5812"
"2021-08-15T09:06:54.795034Z","2021-08-15","DEFAULT","CASH","DIVIDEND","STOCK","Apple","US0378331005","7.8542160000","","1.690000","","-0.45","EUR","2.00","USD","0.842538","Cash Dividend for ISIN US0378331005","3ba294ec-959e-496c-aa26-1fdb8827714f","","","",""
"2021-08-15T11:21:22.937980Z","2021-08-15","DEFAULT","CASH","TRANSFER_INBOUND","","","","","","100.000000","","","EUR","","","","Incoming transfer from Max Mustermann (DE02100500000024290661)","48f9b086-b60c-4d86-bf96-87698a0832aa","","","",""
"2021-08-16T14:53:24.723415Z","2021-08-16","DEFAULT","CASH","CARD_TRANSACTION","","Spotify","","","","-10.990000","","","EUR","","","","TR Card Transaction","1935c4c0-09b4-46cf-a773-42b03fda0d0d","","","","5815"
"2021-08-16T16:11:07.420245Z","2021-08-16","DEFAULT","CASH","CARD_TRANSACTION","","Lidl sagt Danke","","","","-14.920000","","","EUR","","","","TR Card Transaction","c1fb13c2-ba49-4838-80ca-875bdd51d6b9","","","","5411"
"2021-08-19T10:30:58.511833Z","2021-08-19","DEFAULT","CASH","CARD_TRANSACTION","","Amazon.de","","","","-52.020000","","","EUR","","","","TR Card Transaction","623779b2-e7b1-4910-a5b5-3a07fdc15072","","","","5942"
"2021-08-20T13:42:55.354733Z","2021-08-20","DEFAULT","CASH","CARD_TRANSACTION","","Kino Darmstadt","","","","-12.840000","","","EUR","","","","TR Card Transaction","50feb46c-885a-4801-a30c-47b730014332","","","","7832"
"2021-08-21T13:30:22.695951Z","2021-08-21","DEFAULT","CASH","CARD_TRANSACTION","","Netflix.com","","","","-13.990000","","","EUR","","","","TR Card Transaction","052f5715-7b49-487f-8477-9a32753e9c7e","","","","4899"
"2021-08-30T07:52:14.885331Z","2021-08-30","DEFAULT","CASH","CARD_TRANSACTION","","HEAG mobilo GmbH","","","","-4.420000","","","EUR","","","","TR Card Transaction","4af4f249-a294-4d2d-823c-40454614c557","","","","4111"
"2021-09-01T06:21:22.870196Z","2021-09-01","DEFAULT","CASH","CUSTOMER_INPAYMENT","","","","","","300.000000","","","EUR","","","","Direct Debit Top up with DE89370400440532013000","56596cea-bd34-41f8-aab2-518632062b79","","","",""
"2021-09-02T11:31:08.861760Z","2021-09-02","DEFAULT","TRADING","BUY","FUND","Core MSCI World USD (Acc)","IE00B4L5Y983","2.4506810000","40.8050","-100.00","","","EUR","","","","Savings plan execution IE00B4L5Y983 iShares III plc - iShares Core MSCI World UCITS ETF USD (Acc), quantity: 2.450681","c47f06a1-b0af-4ae1-bdbe-f0a796feb63a","","","",""
"2021-09-02T12:12:07.975402Z","2021-09-02","DEFAULT","TRADING","BUY","STOCK","Apple","US0378331005","0.4048990000","61.7438","-25.00","","","EUR","","","","Savings plan execution US0378331005 APPLE INC., quantity: 0.404899","b115769b-c1da-46e1-aad0-92bfc86caf7e","","","",""
"2021-09-02T12:45:21.113000Z","2021-09-02","DEFAULT","TRADING","BUY","CRYPTO","Bitcoin","BTC","0.0011270000","22174.5895","-24.99","","","EUR","","","","Savings plan execution XF000BTC0017 Bitcoin, quantity: 0.001127","e6fa2836-ab57-4f7a-9f9e-e5a5b502d0c3","","","",""
"2021-09-02T18:13:29.864607Z","2021-09-02","DEFAULT","TRADING","BUY","STOCK","Microsoft","US5949181045","0.1014780000","246.3599","-25.00","","","EUR","","","","Savings plan execution US5949181045 MICROSOFT  DL-,00000625, quantity: 0.101478","58a63bf9-24fb-4274-a51e-f66ae5cdeac4","","","",""
"2021-09-02T19:06:16.640524Z","2021-09-02","DEFAULT","TRADING","BUY","FUND","FTSE All-World USD (Dist)","IE00B3RBWM25","0.7294730000","68.5426","-50.00","","","EUR","","","","Savings plan execution IE00B3RBWM25 Vanguard FTSE All-World UCITS ETF (USD) Distributing, quantity: 0.729473","e74ef4d6-5446-45ce-8b1d-44357d3f12ac","","","",""
"2021-09-02T20:29:42.617942Z","2021-09-02","DEFAULT","CASH","CARD_TRANSACTION","","MediaMarkt","","","","-37.800000","","","EUR","","","","TR Card Transaction","3596f290-695b-452b-9785-384393530dc9","","","","5732"
"2021-09-07T16:18:28.843890Z","2021-09-07","DEFAULT","CASH","CARD_TRANSACTION","","Starbucks Darmstadt","","","","-5.370000","","","EUR","","","","TR Card Transaction","a704999a-a0ba-488e-ab68-98b4a4f6ac15","","","","5814"
"2021-09-08T10:45:41.186450Z","2021-09-08","DEFAULT","CASH","CARD_TRANSACTION","","DB Vertrieb GmbH","","","","-44.020000","","","EUR","","","","TR Card Transaction","d96ac3b3-4ee0-4635-843b-25cfde46e75c","","","","4112"
"2021-09-08T12:12:13.654487Z","2021-09-08","DEFAULT","CASH","CARD_TRANSACTION","","Apotheke am Markt","","","","-22.070000","","","EUR","","","","TR Card Transaction","c5deede2-0e47-4c19-a97b-0692d9f62238","","","","5912"
"2021-09-13T10:53:03.724141Z","2021-09-13","DEFAULT","CASH","CARD_TRANSACTION","","DB Vertrieb GmbH","","","","-43.850000","","","EUR","","","","TR Card Transaction","952b1b61-ffd2-446f-83df-f9a66b3a450f","","","","4112"
"2021-09-14T15:44:42.049261Z","2021-09-14","DEFAULT","CASH","CARD_TRANSACTION","","Apotheke am Markt","","","","-22.160000","","","EUR","","","","TR Card Transaction","0b01841a-bfa0-46a2-a584-cd4bcb246398","","","","5912"
"2021-09-14T18:15:32.822405Z","2021-09-14","DEFAULT","CASH","TRANSFER_INSTANT_INBOUND","","","","","","50.000000","","","EUR","","","","Incoming transfer from Max Mustermann","a5e64827-c8cd-40db-b744-dbe9244fa836","","","",""
"2021-09-15T06:47:16.212952Z","2021-09-15","DEFAULT","CASH","DIVIDEND","STOCK","Microsoft","US5949181045","5.2788300000","","3.540000","","-0.93","EUR","4.20","USD","0.843351","Cash Dividend for ISIN US5949181045","b718f92c-e81c-4280-a795-8e1f69357fb7","","","",""
"2021-09-15T12:18:28.186044Z","2021-09-15","DEFAULT","CASH","CARD_TRANSACTION","","MCDONALDS 01271","","","","-12.760000","","","EUR","","","","TR Card Transaction","a8182ca5-c048-4693-a2de-29991b4bd689","","","","5814"
"2021-09-15T17:48:37.573167Z","2021-09-15","DEFAULT","CASH","DIVIDEND","FUND","FTSE All-World USD (Dist)","IE00B3RBWM25","11.0721130000","","4.460000","","-1.18","EUR","5.28","USD","0.844984","Cash Dividend for ISIN IE00B3RBWM25","b3c22d2e-306b-4010-8005-7f54def474bf","","","",""
"2021-09-15T20:53:14.955762Z","2021-09-15","DEFAULT","CASH","DIVIDEND","STOCK","Alphabet (A)","US02079K3059","2.9630650000","","0.530000","","-0.14","EUR","0.63","USD","0.844719","Cash Dividend for ISIN US02079K3059","12a64608-2619-4540-b9d7-0c353ad157e0","","","",""
"2021-09-17T10:02:09.973737Z","2021-09-17","DEFAULT","CASH","CARD_TRANSACTION","","REWE Darmstadt","","","","-16.880000","","","EUR","","","","TR Card Transaction","a3340ef9-7129-4c56-b179-8f43b712b75b","","","","5411"
"2021-09-23T17:28:15.948433Z","2021-09-23","DEFAULT","CASH","TRANSFER_INBOUND","","","","","","250.000000","","","EUR","","","","Incoming transfer from Max Mustermann (DE02100500000024290661)","629e6e27-92ba-44d4-9611-45a23203abdb","","","",""
"2021-09-24T16:24:58.834883Z","2021-09-24","DEFAULT","CASH","CARD_TRANSACTION","","ALDI SUED","","","","-28.570000","","","EUR","","","","TR Card Transaction","86933a77-4547-482b-bf22-81546fa9e6db","","","","5411"
"2021-09-25T17:32:51.533447Z","2021-09-25","DEFAULT","CASH","CARD_TRANSACTION","","DB Vertrieb GmbH","","","","-10.260000","","","EUR","","","","TR Card Transaction","6052c9c1-fadc-4b2c-8c26-7bd9716b8fa5","","","","4112"
"2021-09-27T12:42:40.811159Z","2021-09-27","DEFAULT","CASH","TRANSFER_INBOUND","","","","","","100.000000","","","EUR","","","","Incoming transfer from Max Mustermann (DE02100500000024290661)","5ad66532-d7d7-4e8d-bb52-9c009147f983","","","",""
"2021-09-30T08:04:03.186638Z","2021-09-30","DEFAULT","TRADING","BUY","CRYPTO","Bitcoin","BTC","0.0019800000","25251.2707","-50.00","-1.00","","EUR","","","","Buy trade XF000BTC0017 Bitcoin, quantity: 0.001980","46430986-8f64-4028-8f3f-07205dea7d6d","","","",""
"2021-10-01T06:41:46.648386Z","2021-10-01","DEFAULT","CASH","CARD_TRANSACTION","","Spotify","","","","-10.990000","","","EUR","","","","TR Card Transaction","399677e7-475f-409a-bec2-f54a300c70c7","","","","5815"
"2021-10-01T07:44:54.076115Z","2021-10-01","DEFAULT","CASH","CARD_TRANSACTION","","Lidl sagt Danke","","","","-27.190000","","","EUR","","","","TR Card Transaction","84c6404e-e8d9-4f69-9f04-a805008601e6","","","","5411"
"2021-10-01T19:24:28.660830Z","2021-10-01","DEFAULT","CASH","CUSTOMER_INPAYMENT","","","","","","400.000000","","","EUR","","","","Direct Debit Top up with DE89370400440532013000","5e24e9ec-68d3-4671-b1af-e9a08b516d5a","","","",""
"2021-10-02T15:48:59.458936Z","2021-10-02","DEFAULT","CASH","CARD_TRANSACTION","","DB Vertrieb GmbH","","","","-39.930000","","","EUR","","","","TR Card Transaction","1451e968-5a09-4629-a70b-ee837e0e015c","","","","4112"
"2021-10-04T08:19:13.784645Z","2021-10-04","DEFAULT","TRADING","BUY","CRYPTO","Bitcoin","BTC","0.0010660000","23450.1002","-25.00","","","EUR","","","","Savings plan execution XF000BTC0017 Bitcoin, quantity: 0.001066","08f07d70-424f-4a27-8387-b0cae5ed609f","","","",""
"2021-10-04T10:07:02.005274Z","2021-10-04","DEFAULT","TRADING","BUY","STOCK","Apple","US0378331005","0.4828230000","51.7788","-25.00","","","EUR","","","","Savings plan execution US0378331005 APPLE INC., quantity: 0.482823","9e850956-795d-43c9-8a38-e23a74c119b0","","","",""
"2021-10-04T10:10:11.231512Z","2021-10-04","DEFAULT","CASH","CARD_TRANSACTION","","MCDONALDS 01271","","","","-9.130000","","","EUR","","","","TR Card Transaction","dcc1c65c-bad4-4541-86e3-5a6f9df91d98","","","","5814"
"2021-10-04T15:40:09.312534Z","2021-10-04","DEFAULT","TRADING","BUY","FUND","Core MSCI World USD (Acc)","IE00B4L5Y983","2.4721660000","40.4504","-100.00","","","EUR","","","","Savings plan execution IE00B4L5Y983 iShares III plc - iShares Core MSCI World UCITS ETF USD (Acc), quantity: 2.472166","a584ca46-d4dc-4bdc-954c-3f12915d8c4f","","","",""
"2021-10-04T17:00:35.917259Z","2021-10-04","DEFAULT","TRADING","BUY","FUND","FTSE All-World USD (Dist)","IE00B3RBWM25","0.7148640000","69.9434","-50.00","","","EUR","","","","Savings plan execution IE00B3RBWM25 Vanguard FTSE All-World UCITS ETF (USD) Distributing, quantity: 0.714864","c6aa6134-2ae1-457f-92e6-804038082a6a","","","",""
"2021-10-04T18:34:35.992979Z","2021-10-04","DEFAULT","TRADING","BUY","STOCK","Microsoft","US5949181045","0.1056310000","236.6728","-25.00","","","EUR","","","","Savings plan execution US5949181045 MICROSOFT  DL-,00000625, quantity: 0.105631","cc3d052d-94ae-449b-9355-2d5144905c8c","","","",""
"2021-10-10T17:51:20.449112Z","2021-10-10","DEFAULT","CASH","CARD_TRANSACTION","","DM-Drogerie Markt","","","","-17.840000","","","EUR","","","","TR Card Transaction","dc95f49f-be44-42c3-bc0b-5cbdba3f5eb3","","","","5912"
"2021-10-12T15:31:35.114119Z","2021-10-12","DEFAULT","CASH","CARD_TRANSACTION","","Shell Tankstelle","","","","-44.350000","","","EUR","","","","TR Card Transaction","54a0f027-3fad-4bc1-8794-6e146b656407","","","","5541"
"2021-10-14T06:52:37.607021Z","2021-10-14","DEFAULT","CASH","CARD_TRANSACTION","","REWE Darmstadt","","","","-38.680000","","","EUR","","","","TR Card Transaction","4428b2ff-d466-4dc5-b970-da3df9425f07","","","","5411"
"2021-10-14T12:58:02.578388Z","2021-10-14","DEFAULT","CASH","CARD_TRANSACTION","","Spotify","","","","-10.990000","","","EUR","","","","TR Card Transaction","52090306-577a-46fa-bfa5-111baec0c165","","","","5815"
"2021-10-15T10:47:46.506990Z","2021-10-15","DEFAULT","CASH","CARD_TRANSACTION","","Shell Tankstelle","","","","-36.370000","","","EUR","","","","TR Card Transaction","08d04447-c99c-4924-ac4c-4b7e9d3a3b73","","","","5541"
"2021-10-15T11:48:32.147189Z","2021-10-15","DEFAULT","CASH","CARD_TRANSACTION","","Starbucks Darmstadt","","","","-8.240000","","","EUR","","","","TR Card Transaction","d6ba8b9e-1900-40b7-89d0-ee89167d44f0","","","","5814"
"2021-10-15T15:08:29.525465Z","2021-10-15","DEFAULT","CASH","DIVIDEND","STOCK","NVIDIA","US67066G1040","26.8001220000","","0.230000","","-0.06","EUR","0.28","USD","0.838947","Cash Dividend for ISIN US67066G1040","8e5d9175-25bc-4ca9-94b4-ddc20aac3f10","","","",""
"2021-10-15T18:23:32.011106Z","2021-10-15","DEFAULT","CASH","DIVIDEND","STOCK","Coca-Cola","US1912161007","1.0500010000","","0.450000","","-0.12","EUR","0.53","USD","0.841305","Cash Dividend for ISIN US1912161007","1bcc7c1a-fcaa-466e-8d1d-9bca4c4d12c8","","","",""
"2021-10-20T17:37:41.941858Z","2021-10-20","DEFAULT","CASH","CARD_TRANSACTION","","Spotify","","","","-10.990000","","","EUR","","","","TR Card Transaction","555dd4ad-615d-4dad-a658-5ca837b4aac2","","","","5815"
"2021-10-27T07:57:36.153999Z","2021-10-27","DEFAULT","TRADING","BUY","STOCK","Tesla","US88160R1014","2.8067020000","35.6290","-100.00","-1.00","","EUR","","","","Buy trade US88160R1014 TESLA INC. DL -,001, quantity: 2.806702","3ce9b3f8-2a52-457c-a0e0-525d2e0f28dc","","","",""
"2021-10-27T18:38:36.668595Z","2021-10-27","DEFAULT","CASH","CARD_TRANSACTION","","Pizzeria Da Mario","","","","-33.220000","","","EUR","","","","TR Card Transaction","ed2bec06-4663-4cd4-ac7b-c779b02c8ef3","","","","5812"
"2021-10-30T14:10:46.718894Z","2021-10-30","DEFAULT","CASH","CARD_TRANSACTION","","Rossmann","","","","-16.330000","","","EUR","","","","TR Card Transaction","c1a1c4bf-bfd8-4d79-8d6f-ccabb513f5f4","","","","5912"
"2021-11-01T09:05:30.691423Z","2021-11-01","DEFAULT","CASH","CARD_TRANSACTION","","ALDI SUED","","","","-35.600000","","","EUR","","","","TR Card Transaction","89c8d082-89bd-4627-8ca6-f14eda81634e","","","","5411"
"2021-11-01T19:52:09.634924Z","2021-11-01","DEFAULT","CASH","CUSTOMER_INPAYMENT","","","","","","300.000000","","","EUR","","","","Direct Debit Top up with DE89370400440532013000","9f40a815-af8d-4ede-a269-56b0b21b592f","","","",""
"2021-11-02T07:44:33.449793Z","2021-11-02","DEFAULT","TRADING","BUY","FUND","FTSE All-World USD (Dist)","IE00B3RBWM25","0.6833400000","73.1700","-50.00","","","EUR","","","","Savings plan execution IE00B3RBWM25 Vanguard FTSE All-World UCITS ETF (USD) Distributing, quantity: 0.683340","ad4cb62c-24de-4f41-9df6-bf4091a38a1b","","","",""
"2021-11-02T09:27:08.266881Z","2021-11-02","DEFAULT","TRADING","BUY","CRYPTO","Bitcoin","BTC","0.0008560000","29208.3712","-25.00","","","EUR","","","","Savings plan execution XF000BTC0017 Bitcoin, quantity: 0.000856","3329898e-5815-4456-ba77-33d1854ac7b8","","","",""
"2021-11-02T13:51:30.827909Z","2021-11-02","DEFAULT","TRADING","BUY","STOCK","Apple","US0378331005","0.4805270000","52.0263","-25.00","","","EUR","","","","Savings plan execution US0378331005 APPLE INC., quantity: 0.480527","b7d207d0-d39b-47c9-b62f-a96c6d547556","","","",""
"2021-11-02T18:22:37.843706Z","2021-11-02","DEFAULT","TRADING","BUY","STOCK","Microsoft","US5949181045","0.0883050000","283.1104","-25.00","","","EUR","","","","Savings plan execution US5949181045 MICROSOFT  DL-,00000625, quantity: 0.088305","6b79149e-25b8-4494-b445-a9a75c554c07","","","",""
"2021-11-02T19:33:26.388368Z","2021-11-02","DEFAULT","TRADING","BUY","FUND","Core MSCI World USD (Acc)","IE00B4L5Y983","2.4237290000","41.2587","-100.00","","","EUR","","","","Savings plan execution IE00B4L5Y983 iShares III plc - iShares Core MSCI World UCITS ETF USD (Acc), quantity: 2.423729","64d95370-df08-4766-a79f-6b4b9e408a84","","","",""
"2021-11-04T16:26:23.111760Z","2021-11-04","DEFAULT","TRADING","SELL","FUND","Core MSCI World USD (Acc)","IE00B4L5Y983","-16.8711420000","41.7305","704.04","-1.00","-11.62","EUR","","","","Sell trade IE00B4L5Y983 iShares III plc - iShares Core MSCI World UCITS ETF USD (Acc), quantity: 16.871142","eda4652e-a995-484a-8957-b01514dd508e","","","",""
"2021-11-11T06:51:05.863245Z","2021-11-11","DEFAULT","CASH","CARD_TRANSACTION","","Rossmann","","","","-10.950000","","","EUR","","","","TR Card Transaction","e3ee8d9a-35f4-414a-9b9e-98066d944908","","","","5912"
"2021-11-12T08:38:02.759687Z","2021-11-12","DEFAULT","TRADING","BUY","STOCK","SAP","DE0007164600","1.2180680000","123.1458","-150.00","-1.00","","EUR","","","","Buy trade DE0007164600 SAP SE O.N., quantity: 1.218068","51aa9c11-c40e-4557-829c-c7999777f237","","","",""
"2021-11-15T08:17:49.418836Z","2021-11-15","DEFAULT","CASH","CUSTOMER_INPAYMENT_REVERSAL","","","","","","-300.000000","","","EUR","","","","Direct Debit Chargeback with DE89370400440532013000","ea768d7e-a0b9-466e-821a-d867de4c8da1","","","",""
"2021-11-15T13:39:10.706765Z","2021-11-15","DEFAULT","CASH","CARD_TRANSACTION","","Kino Darmstadt","","","","-11.580000","","","EUR","","","","TR Card Transaction","c7297975-cef1-4631-8f04-7744e35bfb6b","","","","7832"
"2021-11-15T15:12:02.822041Z","2021-11-15","DEFAULT","CASH","DIVIDEND","STOCK","Apple","US0378331005","9.2224650000","","1.990000","","-0.52","EUR","2.35","USD","0.846390","Cash Dividend for ISIN US0378331005","6c95de84-4ced-445f-9d9d-77697494388b","","","",""
"2021-11-16T06:47:45.071950Z","2021-11-16","DEFAULT","CASH","CARD_TRANSACTION","","MediaMarkt","","","","-52.060000","","","EUR","","","","TR Card Transaction","ca09f657-f2d5-4e45-821f-8ad6cd27abf1","","","","5732"
"2021-11-17T14:14:38.203974Z","2021-11-17","DEFAULT","CASH","CARD_TRANSACTION","","Amazon.de","","","","-77.360000","","","EUR","","","","TR Card Transaction","4a884eab-6a63-4607-95b7-dffd28e1c549","","","","5942"
"2021-11-20T18:36:30.807369Z","2021-11-20","DEFAULT","CASH","CARD_TRANSACTION","","Pizzeria Da Mario","","","","-27.970000","","","EUR","","","","TR Card Transaction","3cb014b8-59f0-4ac5-9447-4746ba8b15b4","","","","5812"
"2021-11-21T06:30:07.270343Z","2021-11-21","DEFAULT","CASH","CARD_TRANSACTION","","Shell Tankstelle","","","","-65.860000","","","EUR","","","","TR Card Transaction","08bd4e31-19c2-4e0c-9f85-c1fba7a29103","","","","5541"
"2021-11-22T17:33:34.010195Z","2021-11-22","DEFAULT","CASH","CARD_TRANSACTION","","HEAG mobilo GmbH","","","","-4.660000","","","EUR","","","","TR Card Transaction","d9008dc7-9ad7-44f9-b848-5c66154d4a61","","","","4111"
"2021-11-24T12:31:47.209365Z","2021-11-24","DEFAULT","CASH","CARD_TRANSACTION","","MediaMarkt","","","","-64.780000","","","EUR","","","","TR Card Transaction","49cd2a1a-e3b5-4a68-bfff-3e63b36d8bdd","","","","5732"
"2021-11-26T07:54:30.389227Z","2021-11-26","DEFAULT","CASH","TRANSFER_INSTANT_INBOUND","","","","","","100.000000","","","EUR","","","","Incoming transfer from Max Mustermann","50426e20-579c-43d3-965a-e0411f389b72","","","",""
"2021-11-26T14:25:14.786609Z","2021-11-26","DEFAULT","CASH","CARD_TRANSACTION","","MediaMarkt","","","","-175.720000","","","EUR","","","","TR Card Transaction","f43eaebc-4c10-4fa5-a89a-05fa889fc908","","","","5732"
"2021-11-26T16:31:57.923782Z","2021-11-26","DEFAULT","CASH","CARD_TRANSACTION","","Zalando SE","","","","-62.970000","","","EUR","","","","TR Card Transaction","c3cb7430-09ca-423d-9d81-5e756298e426","","","","5691"
"2021-11-26T21:11:48.960502Z","2021-11-26","DEFAULT","CASH","TRANSFER_INSTANT_INBOUND","","","","","","200.000000","","","EUR","","","","Incoming transfer from Max Mustermann","df333be6-3d2f-47f2-b806-c7d077363d15","","","",""
"2021-12-01T14:15:17.494241Z","2021-12-01","DEFAULT","CASH","CUSTOMER_INPAYMENT","","","","","","500.000000","","","EUR","","","","Direct Debit Top up with DE89370400440532013000","6a5cffd4-2a4e-4da6-99a5-665edb59d1af","","","",""
"2021-12-02T09:46:17.843146Z","2021-12-02","DEFAULT","TRADING","BUY","STOCK","Microsoft","US5949181045","0.0749760000","333.4379","-25.00","","","EUR","","","","Savings plan execution US5949181045 MICROSOFT  DL-,00000625, quantity: 0.074976","e788e6f0-0cd1-4956-84fb-0c889cbf32ca","","","",""
"2021-12-02T10:36:43.239669Z","2021-12-02","DEFAULT","TRADING","BUY","STOCK","Apple","US0378331005","0.4516770000","55.3493","-25.00","","","EUR","","","","Savings plan execution US0378331005 APPLE INC., quantity: 0.451677","e3813fc9-17e5-411c-b12b-e8b3c11684fc","","","",""
"2021-12-02T13:35:27.897904Z","2021-12-02","DEFAULT","TRADING","BUY","CRYPTO","Bitcoin","BTC","0.0005880000","42551.5436","-25.02","","","EUR","","","","Savings plan execution XF000BTC0017 Bitcoin, quantity: 0.000588","8280ea93-3b82-41bf-be36-abfe077d6a5d","","","",""
"2021-12-02T14:28:11.599166Z","2021-12-02","DEFAULT","TRADING","BUY","FUND","FTSE All-World USD (Dist)","IE00B3RBWM25","0.6743280000","74.1479","-50.00","","","EUR","","","","Savings plan execution IE00B3RBWM25 Vanguard FTSE All-World UCITS ETF (USD) Distributing, quantity: 0.674328","f9b9e471-bd8e-4ed0-b56f-0e680a77bbad","","","",""
"2021-12-02T17:23:54.420051Z","2021-12-02","DEFAULT","TRADING","BUY","FUND","Core MSCI World USD (Acc)","IE00B4L5Y983","2.6736290000","37.4023","-100.00","","","EUR","","","","Savings plan execution IE00B4L5Y983 iShares III plc - iShares Core MSCI World UCITS ETF USD (Acc), quantity: 2.673629","b444c4e2-59a6-4a3e-97ff-5355e09c698d","","","",""
"2021-12-09T15:22:20.705893Z","2021-12-09","DEFAULT","CASH","CARD_TRANSACTION","","Apotheke am Markt","","","","-7.670000","","","EUR","","","","TR Card Transaction","68148997-6d2b-416d-b1b0-956cf176301d","","","","5912"
"2021-12-12T08:05:10.360317Z","2021-12-12","DEFAULT","CASH","CARD_TRANSACTION","","MediaMarkt","","","","-89.880000","","","EUR","","","","TR Card Transaction","c1c9bcbe-e0c6-4e29-b2db-c30110008339","","","","5732"
"2021-12-15T08:06:16.648127Z","2021-12-15","DEFAULT","CASH","DIVIDEND","STOCK","Alphabet (A)","US02079K3059","2.9630650000","","0.530000","","-0.14","EUR","0.63","USD","0.845426","Cash Dividend for ISIN US02079K3059","d95d5fc8-925b-4bba-bfb0-22485e683f14","","","",""
"2021-12-15T08:13:10.416332Z","2021-12-15","DEFAULT","TRADING","BUY","STOCK","SAP","DE0007164600","2.5552030000","117.4075","-300.00","-1.00","","EUR","","","","Buy trade DE0007164600 SAP SE O.N., quantity: 2.555203","65755838-401c-41a5-a508-100156c51406","","","",""
"2021-12-15T14:47:44.786159Z","2021-12-15","DEFAULT","CASH","TRANSFER_INSTANT_INBOUND","","","","","","100.000000","","","EUR","","","","Incoming transfer from Max Mustermann","fe58fa04-e9cf-45fe-a5a4-28352e067b81","","","",""
"2021-12-15T18:19:14.259414Z","2021-12-15","DEFAULT","CASH","DIVIDEND","STOCK","Coca-Cola","US1912161007","1.0500010000","","0.440000","","-0.12","EUR","0.53","USD","0.833113","Cash Dividend for ISIN US1912161007","807d73a5-2881-494b-9833-e1d27b3886c2","","","",""
"2021-12-15T20:40:08.137654Z","2021-12-15","DEFAULT","CASH","DIVIDEND","FUND","FTSE All-World USD (Dist)","IE00B3RBWM25","13.1446450000","","5.300000","","-1.40","EUR","6.27","USD","0.844759","Cash Dividend for ISIN IE00B3RBWM25","496cce85-e074-4e45-be86-9ac3d2a01bfb","","","",""
"2021-12-15T21:35:03.027645Z","2021-12-15","DEFAULT","CASH","DIVIDEND","STOCK","Microsoft","US5949181045","5.5477420000","","3.670000","","-0.97","EUR","4.41","USD","0.831283","Cash Dividend for ISIN US5949181045","1727e6c7-6b7b-4b00-af11-30c963658070","","","",""
"2021-12-17T11:37:38.478720Z","2021-12-17","DEFAULT","CASH","CARD_TRANSACTION","","DM-Drogerie Markt","","","","-29.150000","","","EUR","","","","TR Card Transaction","1618ade2-f66c-44fe-b1fc-ea7619e50ba1","","","","5912"
"2021-12-17T13:51:05.463324Z","2021-12-17","DEFAULT","CASH","CARD_TRANSACTION","","MediaMarkt","","","","-95.470000","","","EUR","","","","TR Card Transaction","48453543-7d2d-4107-848c-2349882bb644","","","","5732"
"2021-12-17T15:58:22.505048Z","2021-12-17","DEFAULT","CASH","TRANSFER_INSTANT_INBOUND","","","","","","150.000000","","","EUR","","","","Incoming transfer from Max Mustermann","e5586b6e-b163-45a3-9510-91c2e2e61769","","","",""
"2021-12-25T19:12:54.071789Z","2021-12-25","DEFAULT","CASH","CARD_TRANSACTION","","Apotheke am Markt","","","","-20.980000","","","EUR","","","","TR Card Transaction","0f124b11-49d5-41b2-a50d-860ad440d3e3","","","","5912"
"2022-01-01T07:12:29.771041Z","2022-01-01","DEFAULT","CASH","CARD_TRANSACTION","","Starbucks Darmstadt","","","","-7.690000","","","EUR","","","","TR Card Transaction","724b7991-64b2-4b81-bd63-fbf3ed7ce35d","","","","5814"
"2022-01-01T13:24:49.464478Z","2022-01-01","DEFAULT","CASH","TAX_OPTIMIZATION","","","","","","0.000000","","1.18","EUR","","","","Tax Optimisation","ee750f2b-bd2f-40a8-8d47-59bd42144495","","","",""
"2022-01-01T14:52:24.868485Z","2022-01-01","DEFAULT","CASH","CUSTOMER_INPAYMENT","","","","","","300.000000","","","EUR","","","","Direct Debit Top up with DE89370400440532013000","9150b339-dd1f-43f0-86ba-113d63999045","","","",""
"2022-01-03T07:47:59.576276Z","2022-01-03","DEFAULT","TRADING","BUY","FUND","FTSE All-World USD (Dist)","IE00B3RBWM25","0.6213000000","80.4764","-50.00","","","EUR","","","","Savings plan execution IE00B3RBWM25 Vanguard FTSE All-World UCITS ETF (USD) Distributing, quantity: 0.621300","a3ccd8f2-b23b-434c-b289-b0739cc51818","","","",""
"2022-01-03T07:55:42.228367Z","2022-01-03","DEFAULT","TRADING","BUY","CRYPTO","Bitcoin","BTC","0.0005580000","44769.0445","-24.98","","","EUR","","","","Savings plan execution XF000BTC0017 Bitcoin, quantity: 0.000558","270a40c2-7f3d-436c-a34e-a93de9ae2f79","","","",""
"2022-01-03T09:15:40.455251Z","2022-01-03","DEFAULT","TRADING","BUY","CRYPTO","Ethereum","ETH","0.0628870000","318.0292","-20.00","","","EUR","","","","Savings plan execution XF000ETH0019 Ethereum, quantity: 0.062887","4e248657-5236-4ee0-9f18-1d7becb7870f","","","",""
"2022-01-03T09:16:30.669536Z","2022-01-03","DEFAULT","TRADING","BUY","STOCK","Apple","US0378331005","0.4292080000","58.2468","-25.00","","","EUR","","","","Savings plan execution US0378331005 APPLE INC., quantity: 0.429208","a59fa384-f86b-488d-a587-ed170b194547","","","",""
"2022-01-03T15:12:23.930631Z","2022-01-03","DEFAULT","TRADING","BUY","STOCK","Microsoft","US5949181045","0.0779790000","320.5972","-25.00","","","EUR","","","","Savings plan execution US5949181045 MICROSOFT  DL-,00000625, quantity: 0.077979","d0a28239-9bc6-4ee0-b0f4-e634bec88805","","","",""
"2022-01-03T16:10:40.763611Z","2022-01-03","DEFAULT","TRADING","BUY","FUND","Core MSCI World USD (Acc)","IE00B4L5Y983","2.6507570000","37.7251","-100.00","","","EUR","","","","Savings plan execution IE00B4L5Y983 iShares III plc - iShares Core MSCI World UCITS ETF USD (Acc), quantity: 2.650757","ba4a016f-7a28-466d-8fcf-75b3462fd667","","","",""
"2022-01-04T17:49:05.260804Z","2022-01-04","DEFAULT","TRADING","BUY","STOCK","Microsoft","US5949181045","0.7824570000","319.5066","-250.00","-1.00","","EUR","","","","Buy trade US5949181045 MICROSOFT  DL-,00000625, quantity: 0.782457","aaac01ff-fe42-4851-a029-8605309d6df6","","","",""
"2022-01-04T21:44:38.162520Z","2022-01-04","DEFAULT","CASH","TRANSFER_INSTANT_INBOUND","","","","","","200.000000","","","EUR","","","","Incoming transfer from Max Mustermann","68489cf8-dc40-4140-ab52-72114fc36f52","","","",""
"2022-01-06T17:51:57.460030Z","2022-01-06","DEFAULT","CASH","CARD_TRANSACTION","","Starbucks Darmstadt","","","","-5.580000","","","EUR","","","","TR Card Transaction","de64dc6a-7cc4-421f-b9c7-8b5f21234edf","","","","5814"
"2022-01-08T12:36:11.570027Z","2022-01-08","DEFAULT","CASH","CARD_TRANSACTION","","Apotheke am Markt","","","","-18.640000","","","EUR","","","","TR Card Transaction","2436ad63-c043-45f3-907b-25d5abe36e40","","","","5912"
"2022-01-10T15:52:16.567915Z","2022-01-10","DEFAULT","CASH","TRANSFER_INSTANT_INBOUND","","","","","","250.000000","","","EUR","","","","Incoming transfer from Max Mustermann","f604d5b1-4f67-4b53-934e-175e8a938f26","","","",""
"2022-01-10T17:29:00.813608Z","2022-01-10","DEFAULT","TRADING","BUY","STOCK","NVIDIA","US67066G1040","4.6905320000","42.6391","-200.00","-1.00","","EUR","","","","Buy trade US67066G1040 NVIDIA CORP.   DL-,001, quantity: 4.690532","e2a3885a-3ee8-438a-91e6-e03c3dbf5e5a","","","",""
"2022-01-14T07:12:06.508947Z","2022-01-14","DEFAULT","CASH","TRANSFER_INSTANT_INBOUND","","","","","","100.000000","","","EUR","","","","Incoming transfer from Max Mustermann","3f4f1adf-6994-4b40-ade5-9f0d15a9c6cf","","","",""
"2022-01-14T12:06:02.598749Z","2022-01-14","DEFAULT","TRADING","BUY","STOCK","NVIDIA","US67066G1040","2.4537590000","40.7538","-100.00","-1.00","","EUR","","","","Buy trade US67066G1040 NVIDIA CORP.   DL-,001, quantity: 2.453759","d9ddfb72-5c41-4387-9828-e2c0d044f969","","","",""
"2022-01-14T14:03:23.231444Z","2022-01-14","DEFAULT","CASH","CARD_TRANSACTION","","Spotify","","","","-10.990000","","","EUR","","","","TR Card Transaction","181e5fe0-7a54-452c-b28c-6cb402053e24","","","","5815"
"2022-01-15T21:59:56.872496Z","2022-01-15","DEFAULT","CASH","DIVIDEND","STOCK","NVIDIA","US67066G1040","33.9444130000","","0.320000","","-0.08","EUR","0.38","USD","0.834340","Cash Dividend for ISIN US67066G1040","fb312de5-eea5-45d5-a00c-481b4ca9bf0d","","","",""
"2022-01-16T19:52:23.832831Z","2022-01-16","DEFAULT","CASH","CARD_TRANSACTION","","Apotheke am Markt","","","","-19.610000","","","EUR","","","","TR Card Transaction","8e7ae4ca-6edd-4f96-89f3-72df8c9ef0d4","","","","5912"
"2022-01-17T09:06:46.242239Z","2022-01-17","DEFAULT","TRADING","BUY","STOCK","Alphabet (A)","US02079K3059","7.1430120000","69.9985","-500.00","-1.00","","EUR","","","","Buy trade US02079K3059 ALPHABET INC.CL.A DL-,001, quantity: 7.143012","fa3b9c4e-e69a-47c3-8af8-a340ad28f308","","","",""
"2022-01-17T13:36:40.993529Z","2022-01-17","DEFAULT","CASH","CARD_TRANSACTION","","MCDONALDS 01271","","","","-6.930000","","","EUR","","","","TR Card Transaction","55940960-0c97-465a-ba63-e53e11de4d5c","","","","5814"
"2022-01-17T15:04:13.544719Z","2022-01-17","DEFAULT","CASH","TRANSFER_INSTANT_INBOUND","","","","","","500.000000","","","EUR","","","","Incoming transfer from Max Mustermann","6392a300-25bc-4412-b4a2-51ce55fb9cf6","","","",""
"2022-01-20T16:35:20.885893Z","2022-01-20","DEFAULT","CASH","TRANSFER_INSTANT_INBOUND","","","","","","100.000000","","","EUR","","","","Incoming transfer from Max Mustermann","4bf9edca-eb89-4c87-b592-abc8ed201ad0","","","",""
"2022-01-20T17:26:48.664001Z","2022-01-20","DEFAULT","CASH","CARD_TRANSACTION","","Shell Tankstelle","","","","-67.340000","","","EUR","","","","TR Card Transaction","9cb76adb-798f-4a97-8c60-74dde957fbbd","","","","5541"
"2022-02-01T07:58:49.350632Z","2022-02-01","DEFAULT","CASH","CUSTOMER_INPAYMENT","","","","","","300.000000","","","EUR","","","","Direct Debit Top up with DE89370400440532013000","4170d994-5674-442d-80a7-3cbe3d672cbf","","","",""
"2022-02-02T06:40:49.662903Z","2022-02-02","DEFAULT","TRADING","BUY","FUND","FTSE All-World USD (Dist)","IE00B3RBWM25","0.5977950000","83.6407","-50.00","","","EUR","","","","Savings plan execution IE00B3RBWM25 Vanguard FTSE All-World UCITS ETF (USD) Distributing, quantity: 0.597795","c25565c6-6574-4f9a-a52b-898b98c68fef","","","",""
"2022-02-02T07:20:34.592354Z","2022-02-02","DEFAULT","TRADING","BUY","STOCK","Microsoft","US5949181045","0.0843760000","296.2920","-25.00","","","EUR","","","","Savings plan execution US5949181045 MICROSOFT  DL-,00000625, quantity: 0.084376","5a95c2a2-2d22-4e29-91bf-d04ae2584c94","","","",""
"2022-02-02T08:14:27.303859Z","2022-02-02","DEFAULT","CASH","CARD_TRANSACTION","","Shell Tankstelle","","","","-60.110000","","","EUR","","","","TR Card Transaction","b42ec78d-5f43-4075-b1bb-2ba26f059f09","","","","5541"
"2022-02-02T10:20:32.731663Z","2022-02-02","DEFAULT","TRADING","BUY","CRYPTO","Bitcoin","BTC","0.0004310000","58032.1446","-25.01","","","EUR","","","","Savings plan execution XF000BTC0017 Bitcoin, quantity: 0.000431","cfa73b39-a364-4db6-94fa-140a2d0cc515","","","",""
"2022-02-02T13:09:03.706357Z","2022-02-02","DEFAULT","TRADING","BUY","CRYPTO","Ethereum","ETH","0.0532240000","375.7686","-20.00","","","EUR","","","","Savings plan execution XF000ETH0019 Ethereum, quantity: 0.053224","ff1ec52b-3c58-4c2a-ba18-65c09d0af65a","","","",""
"2022-02-02T13:47:41.890742Z","2022-02-02","DEFAULT","TRADING","BUY","FUND","Core MSCI World USD (Acc)","IE00B4L5Y983","2.4326870000","41.1068","-100.00","","","EUR","","","","Savings plan execution IE00B4L5Y983 iShares III plc - iShares Core MSCI World UCITS ETF USD (Acc), quantity: 2.432687","08de8cfb-9333-42f9-bc12-7ab7428d7f21","","","",""
"2022-02-02T16:05:30.599198Z","2022-02-02","DEFAULT","CASH","CARD_TRANSACTION","","Spotify","","","","-10.990000","","","EUR","","","","TR Card Transaction","b06e6069-e53e-41d0-beb6-d61f0791d6d8","","","","5815"
"2022-02-02T18:03:19.549855Z","2022-02-02","DEFAULT","TRADING","BUY","STOCK","Apple","US0378331005","0.4554350000","54.8926","-25.00","","","EUR","","","","Savings plan execution US0378331005 APPLE INC., quantity: 0.455435","b835afdc-da92-4e3b-99a2-bc1747e92f61","","","",""
"2022-02-05T08:07:42.433672Z","2022-02-05","DEFAULT","CASH","CARD_TRANSACTION","","HEAG mobilo GmbH","","","","-6.020000","","","EUR","","","","TR Card Transaction","a0c23cc3-63cc-4dfd-9fa1-a958b684767b","","","","4111"
"2022-02-05T08:17:49.450956Z","2022-02-05","DEFAULT","CASH","CARD_TRANSACTION","","Kino Darmstadt","","","","-10.230000","","","EUR","","","","TR Card Transaction","d0aee2ed-a5a5-4597-9393-e0e2658b1d4f","","","","7832"
"2022-02-06T11:22:39.861493Z","2022-02-06","DEFAULT","CASH","CARD_TRANSACTION","","REWE Darmstadt","","","","-35.330000","","","EUR","","","","TR Card Transaction","e006a8f5-867c-48ca-8bd7-0646f7000a44","","","","5411"
"2022-02-06T13:12:43.391979Z","2022-02-06","DEFAULT","CASH","CARD_TRANSACTION","","Shell Tankstelle","","","","-54.930000","","","EUR","","","","TR Card Transaction","bac47d21-c60b-4a87-941c-3e1fc32494b6","","","","5541"
"2022-02-06T20:02:59.857915Z","2022-02-06","DEFAULT","CASH","TRANSFER_INSTANT_INBOUND","","","","","","100.000000","","","EUR","","","","Incoming transfer from Max Mustermann","5a2ac544-baef-4240-a19e-70fe63831171","","","",""
"2022-02-13T06:04:24.692451Z","2022-02-13","DEFAULT","CASH","TRANSFER_INSTANT_INBOUND","","","","","","50.000000","","","EUR","","","","Incoming transfer from Max Mustermann","e785b412-a55c-43ce-997f-32e8f43e7218","","","",""
"2022-02-13T06:18:55.926314Z","2022-02-13","DEFAULT","CASH","TRANSFER_INSTANT_INBOUND","","","","","","100.000000","","","EUR","","","","Incoming transfer from Max Mustermann","af83c74f-3ad3-426c-8618-58c681bfd04a","","","",""
"2022-02-13T14:42:54.957212Z","2022-02-13","DEFAULT","CASH","CARD_TRANSACTION","","Shell Tankstelle","","","","-56.190000","","","EUR","","","","TR Card Transaction","340a06c7-b602-4453-8e89-64c74a7b2241","","","","5541"
"2022-02-13T18:14:24.533243Z","2022-02-13","DEFAULT","CASH","CARD_TRANSACTION","","Amazon.de","","","","-70.230000","","","EUR","","","","TR Card Transaction","2e7e9f8e-ea37-491f-830c-46c1a08d17df","","","","5942"
"2022-02-14T20:35:59.747078Z","2022-02-14","DEFAULT","CASH","CARD_TRANSACTION","","Rossmann","","","","-6.570000","","","EUR","","","","TR Card Transaction","f95d3303-50f8-49b3-8a79-0de44eface4a","","","","5912"
"2022-02-15T17:43:22.372640Z","2022-02-15","DEFAULT","CASH","DIVIDEND","STOCK","Apple","US0378331005","10.5587850000","","2.370000","","-0.63","EUR","2.84","USD","0.833942","Cash Dividend for ISIN US0378331005","96bc5860-619a-49e2-8923-40ec79fdb4fe","","","",""
"2022-02-19T10:27:19.953926Z","2022-02-19","DEFAULT","CASH","CARD_TRANSACTION","","Starbucks Darmstadt","","","","-6.090000","","","EUR","","","","TR Card Transaction","1f99daa3-6020-4b73-9826-0a000f71d521","","","","5814"
"2022-02-22T11:20:04.584413Z","2022-02-22","DEFAULT","CASH","CARD_TRANSACTION","","DM-Drogerie Markt","","","","-20.370000","","","EUR","","","","TR Card Transaction","a894210c-8712-4709-9c71-f4031a984cc1","","","","5912"
"2022-02-24T12:06:08.193720Z","2022-02-24","DEFAULT","CASH","CARD_TRANSACTION","","Pizzeria Da Mario","","","","-15.500000","","","EUR","","","","TR Card Transaction","172ba386-77f4-46f8-a6a3-5ef22d7414ae","","","","5812"
"2022-02-25T06:22:05.721568Z","2022-02-25","DEFAULT","CASH","CARD_TRANSACTION","","Starbucks Darmstadt","","","","-5.150000","","","EUR","","","","TR Card Transaction","20d80725-62cf-446a-b1b6-11fa85b7d075","","","","5814"
"2022-02-26T17:11:54.406281Z","2022-02-26","DEFAULT","CASH","TRANSFER_INSTANT_INBOUND","","","","","","100.000000","","","EUR","","","","Incoming transfer from Max Mustermann","3d88fa86-2b39-410b-8943-3fd1c4838f51","","","",""
"2022-02-26T21:30:08.171742Z","2022-02-26","DEFAULT","CASH","CARD_TRANSACTION","","Zalando SE","","","","-69.840000","","","EUR","","","","TR Card Transaction","481f3a90-118c-4094-94c5-02fcf7a04231","","","","5691"
"2022-02-27T19:14:47.703950Z","2022-02-27","DEFAULT","CASH","CARD_TRANSACTION","","REWE Darmstadt","","","","-41.870000","","","EUR","","","","TR Card Transaction","7ea9c163-99be-483b-96fa-48dc7e98a292","","","","5411"
"2022-03-01T13:27:25.813920Z","2022-03-01","DEFAULT","CASH","CUSTOMER_INPAYMENT","","","","","","400.000000","","","EUR","","","","Direct Debit Top up with DE89370400440532013000","ff2de5ec-b755-430d-9db4-ca5458672480","","","",""
"2022-03-01T16:25:39.984758Z","2022-03-01","DEFAULT","TRADING","BUY","CRYPTO","XRP","XRP","223.6279240000","1.341514","-300.00","-1.00","","EUR","","","","Buy trade XF000XRP0018 XRP, quantity: 223.627924","37a4fdf8-3fbf-42e6-ac1d-071daf8a37dc","","","",""
"2022-03-02T07:12:18.460905Z","2022-03-02","DEFAULT","CASH","TRANSFER_INSTANT_INBOUND","","","","","","50.000000","","","EUR","","","","Incoming transfer from Max Mustermann","d65608df-9748-4a54-afaa-5fdfb7dd048b","","","",""
"2022-03-02T07:33:06.473546Z","2022-03-02","DEFAULT","TRADING","BUY","FUND","Core MSCI World USD (Acc)","IE00B4L5Y983","2.4536600000","40.7554","-100.00","","","EUR","","","","Savings plan execution IE00B4L5Y983 iShares III plc - iShares Core MSCI World UCITS ETF USD (Acc), quantity: 2.453660","e11f509a-a5e6-44ba-9e61-0829dec35141","","","",""
"2022-03-02T07:35:24.541198Z","2022-03-02","DEFAULT","TRADING","BUY","FUND","Core S&P 500 USD (Acc)","IE00B5BMR087","0.1101100000","454.0897","-50.00","","","EUR","","","","Savings plan execution IE00B5BMR087 iShares VII plc - iShares Core S&P 500 UCITS ETF USD (Acc), quantity: 0.110110","5364f19e-289d-4bda-8969-d27c07a42617","","","",""
"2022-03-02T10:29:53.677486Z","2022-03-02","DEFAULT","TRADING","BUY","CRYPTO","Bitcoin","BTC","0.0005300000","47150.1610","-24.99","","","EUR","","","","Savings plan execution XF000BTC0017 Bitcoin, quantity: 0.000530","00762f0b-9795-4f1c-afe8-f37b23c4a93d","","","",""
"2022-03-02T13:33:34.414828Z","2022-03-02","DEFAULT","TRADING","BUY","FUND","FTSE All-World USD (Dist)","IE00B3RBWM25","0.6165650000","81.0945","-50.00","","","EUR","","","","Savings plan execution IE00B3RBWM25 Vanguard FTSE All-World UCITS ETF (USD) Distributing, quantity: 0.616565","e63dc629-921a-49ee-8711-c7a6a96c13de","","","",""
"2022-03-02T15:29:10.442983Z","2022-03-02","DEFAULT","TRADING","BUY","STOCK","Microsoft","US5949181045","0.0808760000","309.1168","-25.00","","","EUR","","","","Savings plan execution US5949181045 MICROSOFT  DL-,00000625, quantity: 0.080876","3e355fe3-3745-4e0b-a6f2-531900b89775","","","",""
"2022-03-02T15:39:58.057196Z","2022-03-02","DEFAULT","CASH","TRANSFER_INSTANT_INBOUND","","","","","","50.000000","","","EUR","","","","Incoming transfer from Max Mustermann","1f73154f-775e-493f-9332-4bca75fc8e77","","","",""
"2022-03-02T18:56:19.811259Z","2022-03-02","DEFAULT","TRADING","BUY","STOCK","Apple","US0378331005","0.4566960000","54.7411","-25.00","","","EUR","","","","Savings plan execution US0378331005 APPLE INC., quantity: 0.456696","254a6572-bd76-4ef4-9560-4c2367207a4b","","","",""
"2022-03-02T20:05:46.524977Z","2022-03-02","DEFAULT","TRADING","BUY","CRYPTO","Ethereum","ETH","0.0324820000","615.7246","-20.00","","","EUR","","","","Savings plan execution XF000ETH0019 Ethereum, quantity: 0.032482","0f75807a-7acc-42a2-81ed-aace537e1ba0","","","",""
"2022-03-02T20:52:56.044476Z","2022-03-02","DEFAULT","CASH","TRANSFER_INSTANT_INBOUND","","","","","","100.000000","","","EUR","","","","Incoming transfer from Max Mustermann","c3e83165-a74a-4e25-a778-aa191412a320","","","",""
"2022-03-04T08:07:45.471228Z","2022-03-04","DEFAULT","CASH","CARD_TRANSACTION","","Pizzeria Da Mario","","","","-19.450000","","","EUR","","","","TR Card Transaction","064d2da3-eed5-42e1-806f-e037e233d5da","","","","5812"
"2022-03-04T11:45:46.129545Z","2022-03-04","DEFAULT","CASH","TRANSFER_INSTANT_INBOUND","","","","","","50.000000","","","EUR","","","","Incoming transfer from Max Mustermann","868619c2-de07-4980-ab1a-726ddb5b0a39","","","",""
"2022-03-10T06:15:56.573929Z","2022-03-10","DEFAULT","CASH","CARD_TRANSACTION","","MediaMarkt","","","","-137.000000","","","EUR","","","","TR Card Transaction","d7674b42-a5b6-4fa7-830c-a187efc643ca","","","","5732"
"2022-03-10T06:38:56.517437Z","2022-03-10","DEFAULT","TRADING","BUY","STOCK","Coca-Cola","US1912161007","0.7595130000","65.8317","-50.00","-1.00","","EUR","","","","Buy trade US1912161007 COCA-COLA CO.   DL-,25, quantity: 0.759513","a11c0c72-81b6-4a30-bb3e-b3499986b805","","","",""
"2022-03-10T20:26:28.083262Z","2022-03-10","DEFAULT","CASH","TRANSFER_INSTANT_INBOUND","","","","","","150.000000","","","EUR","","","","Incoming transfer from Max Mustermann","7a17d1f8-7e8e-45f5-87e7-b747f12aa233","","","",""
"2022-03-10T20:31:54.522864Z","2022-03-10","DEFAULT","CASH","TRANSFER_INSTANT_INBOUND","","","","","","50.000000","","","EUR","","","","Incoming transfer from Max Mustermann","082becab-43e0-4ec2-aaaf-67dd2a462dd5","","","",""
"2022-03-12T15:21:58.091962Z","2022-03-12","DEFAULT","CASH","CARD_TRANSACTION","","ALDI SUED","","","","-28.010000","","","EUR","","","","TR Card Transaction","fbc281d5-1588-4738-85d2-66f43f5abf9a","","","","5411"
"2022-03-13T11:29:47.607090Z","2022-03-13","DEFAULT","CASH","TRANSFER_INSTANT_INBOUND","","","","","","50.000000","","","EUR","","","","Incoming transfer from Max Mustermann","f0e4f12f-ec17-46af-8fd6-d4e48f98d037","","","",""
"2022-03-13T17:59:02.097649Z","2022-03-13","DEFAULT","CASH","CARD_TRANSACTION","","DB Vertrieb GmbH","","","","-40.170000","","","EUR","","","","TR Card Transaction","51976041-457d-4c7d-89f7-9c067c7ff043","","","","4112"
"2022-03-13T18:52:04.795284Z","2022-03-13","DEFAULT","CASH","CARD_TRANSACTION","","DB Vertrieb GmbH","","","","-25.460000","","","EUR","","","","TR Card Transaction","84521ee5-d650-4b1a-8d23-c556749f61b1","","","","4112"
"2022-03-15T08:30:46.722106Z","2022-03-15","DEFAULT","CASH","DIVIDEND","STOCK","Microsoft","US5949181045","6.5734300000","","4.600000","","-1.21","EUR","5.52","USD","0.833972","Cash Dividend for ISIN US5949181045","d7bcf7da-9e96-4d2d-85d4-07d5af0b8760","","","",""
"2022-03-15T15:27:38.888980Z","2022-03-15","DEFAULT","CASH","DIVIDEND","FUND","FTSE All-World USD (Dist)","IE00B3RBWM25","14.9803050000","","6.370000","","-1.68","EUR","7.55","USD","0.843882","Cash Dividend for ISIN IE00B3RBWM25","b99869fb-6b48-40da-b275-fee497d6aa5c","","","",""
"2022-03-18T09:47:54.217402Z","2022-03-18","DEFAULT","CASH","TRANSFER_INSTANT_INBOUND","","","","","","250.000000","","","EUR","","","","Incoming transfer from Max Mustermann","49435d7a-a653-41d4-8992-317b353d6ce2","","","",""
"2022-03-18T19:26:02.350006Z","2022-03-18","DEFAULT","TRADING","BUY","STOCK","Apple","US0378331005","3.6972540000","54.0942","-200.00","-1.00","","EUR","","","","Buy trade US0378331005 APPLE INC., quantity: 3.697254","ad4368e2-9d7c-4db0-b869-f61321442084","","","",""
"2022-03-24T19:59:47.058743Z","2022-03-24","DEFAULT","CASH","CARD_TRANSACTION","","Shell Tankstelle","","","","-61.360000","","","EUR","","","","TR Card Transaction","c4800e35-6727-47dc-a872-8aad7ad53724","","","","5541"
"2022-03-30T15:13:33.317003Z","2022-03-30","DEFAULT","CASH","CARD_TRANSACTION","","Starbucks Darmstadt","","","","-5.860000","","","EUR","","","","TR Card Transaction","650bb46b-8a91-4d96-afb4-5519f81f380c","","","","5814"
"2022-04-01T09:52:33.709589Z","2022-04-01","DEFAULT","CASH","CARD_TRANSACTION","","HEAG mobilo GmbH","","","","-3.320000","","","EUR","","","","TR Card Transaction","327d4626-7c7b-4659-8e42-e9b4e019afd0","","","","4111"
"2022-04-01T12:21:59.506957Z","2022-04-01","DEFAULT","CASH","CUSTOMER_INPAYMENT","","","","","","300.000000","","","EUR","","","","Direct Debit Top up with DE89370400440532013000","f2c53a92-0b82-46ea-abb8-78c947fa18dc","","","",""
"2022-04-02T09:00:19.977626Z","2022-04-02","DEFAULT","CASH","CARD_TRANSACTION","","Spotify","","","","-10.990000","","","EUR","","","","TR Card Transaction","314f71b7-f6c0-41fa-b87a-b8d066a4fcef","","","","5815"
"2022-04-04T06:39:35.539031Z","2022-04-04","DEFAULT","CASH","TRANSFER_INSTANT_INBOUND","","","","","","50.000000","","","EUR","","","","Incoming transfer from Max Mustermann","78647d13-4d9b-484f-b26d-d47c6c58a52a","","","",""
"2022-04-04T09:13:34.367335Z","2022-04-04","DEFAULT","TRADING","BUY","CRYPTO","Ethereum","ETH","0.0226860000","881.6102","-20.00","","","EUR","","","","Savings plan execution XF000ETH0019 Ethereum, quantity: 0.022686","775e24ff-e2fe-4a54-8661-4d077f5fac98","","","",""
"2022-04-04T10:10:17.120020Z","2022-04-04","DEFAULT","TRADING","BUY","CRYPTO","Bitcoin","BTC","0.0004580000","54562.9733","-24.99","","","EUR","","","","Savings plan execution XF000BTC0017 Bitcoin, quantity: 0.000458","8fbf5ddb-3da3-4e39-8039-a874802a31a3","","","",""
"2022-04-04T11:04:19.643052Z","2022-04-04","DEFAULT","CASH","CARD_TRANSACTION","","DB Vertrieb GmbH","","","","-38.280000","","","EUR","","","","TR Card Transaction","cc9ca7f8-c66a-48d7-9b72-145ba7599608","","","","4112"
"2022-04-04T14:34:20.810326Z","2022-04-04","DEFAULT","TRADING","BUY","STOCK","Apple","US0378331005","0.5022510000","49.7759","-25.00","","","EUR","","","","Savings plan execution US0378331005 APPLE INC., quantity: 0.502251","b0351d8a-ab4f-4188-a479-5b5d96000112","","","",""
"2022-04-04T15:01:36.795338Z","2022-04-04","DEFAULT","TRADING","BUY","FUND","Core MSCI World USD (Acc)","IE00B4L5Y983","2.3470530000","42.6066","-100.00","","","EUR","","","","Savings plan execution IE00B4L5Y983 iShares III plc - iShares Core MSCI World UCITS ETF USD (Acc), quantity: 2.347053","03ab314c-1920-40bb-a912-338f7c028e3e","","","",""
"2022-04-04T15:40:57.220039Z","2022-04-04","DEFAULT","TRADING","BUY","FUND","FTSE All-World USD (Dist)","IE00B3RBWM25","0.6194620000","80.7151","-50.00","","","EUR","","","","Savings plan execution IE00B3RBWM25 Vanguard FTSE All-World UCITS ETF (USD) Distributing, quantity: 0.619462","d119a39a-2dac-473c-8a31-a7f1b5e6ea5d","","","",""
"2022-04-04T16:12:12.300487Z","2022-04-04","DEFAULT","TRADING","BUY","FUND","Core S&P 500 USD (Acc)","IE00B5BMR087","0.1116900000","447.6689","-50.00","","","EUR","","","","Savings plan execution IE00B5BMR087 iShares VII plc - iShares Core S&P 500 UCITS ETF USD (Acc), quantity: 0.111690","bbe9d3da-7d61-49a0-bfe8-ad980f69806f","","","",""
"2022-04-04T20:42:07.285898Z","2022-04-04","DEFAULT","TRADING","BUY","STOCK","Microsoft","US5949181045","0.0786060000","318.0438","-25.00","","","EUR","","","","Savings plan execution US5949181045 MICROSOFT  DL-,00000625, quantity: 0.078606","c5e898fd-5d98-4a0e-b2bf-74620e59105b","","","",""
"2022-04-05T18:03:05.447181Z","2022-04-05","DEFAULT","CASH","TRANSFER_INSTANT_INBOUND","","","","","","100.000000","","","EUR","","","","Incoming transfer from Max Mustermann","baaf73f3-00dd-457b-8a91-b5fa10cb0e45","","","",""
"2022-04-05T18:11:45.625078Z","2022-04-05","DEFAULT","TRADING","BUY","STOCK","Microsoft","US5949181045","0.1589870000","314.4912","-50.00","-1.00","","EUR","","","","Buy trade US5949181045 MICROSOFT  DL-,00000625, quantity: 0.158987","8d0951b0-3ecc-4fa3-9fc5-3a79ee424a96","","","",""
"2022-04-08T20:30:14.993471Z","2022-04-08","DEFAULT","CASH","CARD_TRANSACTION","","Netto Marken-Discount","","","","-12.480000","","","EUR","","","","TR Card Transaction","fdbc1cc3-68c1-4943-b742-bf15d36d35dc","","","","5411"
"2022-04-09T16:50:55.925267Z","2022-04-09","DEFAULT","CASH","CARD_TRANSACTION","","Amazon.de","","","","-36.230000","","","EUR","","","","TR Card Transaction","8484e841-7b11-437b-bb56-b3296bc94490","","","","5942"
"2022-04-12T15:34:29.420286Z","2022-04-12","DEFAULT","CASH","TRANSFER_INSTANT_INBOUND","","","","","","50.000000","","","EUR","","","","Incoming transfer from Max Mustermann","5948d3d1-8566-4505-9dd7-6245228ae6de","","","",""
"2022-04-12T19:15:39.255528Z","2022-04-12","DEFAULT","CASH","CARD_TRANSACTION","","Apotheke am Markt","","","","-17.640000","","","EUR","","","","TR Card Transaction","b3e4d40d-fe76-47f7-81c7-8bd3769c478f","","","","5912"
"2022-04-15T11:19:25.072988Z","2022-04-15","DEFAULT","CASH","DIVIDEND","STOCK","Coca-Cola","US1912161007","1.8095140000","","0.820000","","-0.22","EUR","0.97","USD","0.849763","Cash Dividend for ISIN US1912161007","d4f78ac2-1620-4d67-93dd-0c1fa6ce3b15","","","",""
"2022-04-15T20:20:35.102397Z","2022-04-15","DEFAULT","CASH","DIVIDEND","STOCK","NVIDIA","US67066G1040","33.9444130000","","0.320000","","-0.08","EUR","0.38","USD","0.843055","Cash Dividend for ISIN US67066G1040","19197688-2a24-4159-b44a-f0136908f068","","","",""
"2022-04-18T10:28:34.305663Z","2022-04-18","DEFAULT","CASH","CARD_TRANSACTION","","REWE Darmstadt","","","","-34.800000","","","EUR","","","","TR Card Transaction","2627964f-9147-453c-9fa7-6c57fa2b6e77","","","","5411"
"2022-04-21T09:55:18.907730Z","2022-04-21","DEFAULT","TRADING","SELL","CRYPTO","Bitcoin","BTC","-0.0640920000","50391.4867","3229.69","-1.00","","EUR","","","","Sell trade XF000BTC0017 Bitcoin, quantity: 0.064092","493949d2-85a8-41f7-8a8d-8edb57ca5932","","","",""
"2022-04-21T10:54:18.065442Z","2022-04-21","DEFAULT","CASH","TRANSFER_INSTANT_INBOUND","","","","","","250.000000","","","EUR","","","","Incoming transfer from Max Mustermann","59f8e5aa-31de-48ea-8341-7a005b803498","","","",""
"2022-04-21T17:57:35.055708Z","2022-04-21","DEFAULT","TRADING","BUY","FUND","FTSE All-World USD (Dist)","IE00B3RBWM25","2.4719820000","80.9067","-200.00","-1.00","","EUR","","","","Buy trade IE00B3RBWM25 Vanguard FTSE All-World UCITS ETF (USD) Distributing, quantity: 2.471982","de34f317-18e7-4fb2-9034-0fde36e79e69","","","",""
"2022-04-25T08:41:01.150990Z","2022-04-25","DEFAULT","CASH","CARD_TRANSACTION","","DM-Drogerie Markt","","","","-5.760000","","","EUR","","","","TR Card Transaction","75fbfd75-0327-4ed9-9ba7-7eeb9292d83f","","","","5912"
"2022-04-29T14:26:59.572696Z","2022-04-29","DEFAULT","CASH","CARD_TRANSACTION","","Starbucks Darmstadt","","","","-7.560000","","","EUR","","","","TR Card Transaction","26b3336e-3a4a-43ea-a26d-21d69168f8ce","","","","5814"
"2022-05-01T08:09:46.766816Z","2022-05-01","DEFAULT","CASH","CUSTOMER_INPAYMENT","","","","","","500.000000","","","EUR","","","","Direct Debit Top up with DE89370400440532013000","7a1478ec-7eac-40c5-be6b-91104ac28f8a","","","",""
"2022-05-02T08:15:30.661297Z","2022-05-02","DEFAULT","TRADING","BUY","FUND","FTSE All-World USD (Dist)","IE00B3RBWM25","0.6172880000","80.9995","-50.00","","","EUR","","","","Savings plan execution IE00B3RBWM25 Vanguard FTSE All-World UCITS ETF (USD) Distributing, quantity: 0.617288","c4ecff83-2431-4eac-a0f1-46192348db17","","","",""
"2022-05-02T08:43:40.565389Z","2022-05-02","DEFAULT","TRADING","BUY","FUND","Core S&P 500 USD (Acc)","IE00B5BMR087","0.1107410000","451.5034","-50.00","","","EUR","","","","Savings plan execution IE00B5BMR087 iShares VII plc - iShares Core S&P 500 UCITS ETF USD (Acc), quantity: 0.110741","57c87ff8-5b61-4e91-97ea-850c6eede17e","","","",""
"2022-05-02T14:29:33.082034Z","2022-05-02","DEFAULT","TRADING","BUY","FUND","Core MSCI World USD (Acc)","IE00B4L5Y983","2.3095630000","43.2982","-100.00","","","EUR","","","","Savings plan execution IE00B4L5Y983 iShares III plc - iShares Core MSCI World UCITS ETF USD (Acc), quantity: 2.309563","f893b6f1-d4a5-4d7b-b0f1-4573fa2848e5","","","",""
"2022-05-02T15:39:03.947477Z","2022-05-02","DEFAULT","TRADING","BUY","STOCK","Apple","US0378331005","0.5142720000","48.6124","-25.00","","","EUR","","","","Savings plan execution US0378331005 APPLE INC., quantity: 0.514272","f1251739-037b-41db-b30b-9444044b0da3","","","",""
"2022-05-02T16:34:49.011307Z","2022-05-02","DEFAULT","TRADING","BUY","STOCK","Microsoft","US5949181045","0.0930390000","268.7058","-25.00","","","EUR","","","","Savings plan execution US5949181045 MICROSOFT  DL-,00000625, quantity: 0.093039","2c072256-fe9d-40f2-8a27-75023f15930d","","","",""
"2022-05-02T21:29:32.950067Z","2022-05-02","DEFAULT","TRADING","BUY","CRYPTO","Bitcoin","BTC","0.0004490000","55677.6936","-25.00","","","EUR","","","","Savings plan execution XF000BTC0017 Bitcoin, quantity: 0.000449","23ca6c1d-fec4-4683-b757-2350e9c6ef86","","","",""
"2022-05-02T21:36:46.347617Z","2022-05-02","DEFAULT","TRADING","BUY","CRYPTO","Ethereum","ETH","0.0306590000","652.3361","-20.00","","","EUR","","","","Savings plan execution XF000ETH0019 Ethereum, quantity: 0.030659","126f3161-a6a3-4422-8797-381d036814cf","","","",""
"2022-05-06T14:00:47.116968Z","2022-05-06","DEFAULT","CASH","CARD_TRANSACTION","","Pizzeria Da Mario","","","","-18.330000","","","EUR","","","","TR Card Transaction","438736c1-6ed3-4c73-a7c1-5f7357114be4","","","","5812"
"2022-05-07T11:16:50.734815Z","2022-05-07","DEFAULT","CASH","CARD_TRANSACTION","","Shell Tankstelle","","","","-44.790000","","","EUR","","","","TR Card Transaction","076e7ec6-fac7-4652-bc12-219389719c0f","","","","5541"
"2022-05-08T08:09:38.979309Z","2022-05-08","DEFAULT","CASH","CARD_TRANSACTION","","ALDI SUED","","","","-16.340000","","","EUR","","","","TR Card Transaction","8655f3c2-c17a-4b86-939c-aead019ce92e","","","","5411"
"2022-05-11T21:19:30.782395Z","2022-05-11","DEFAULT","TRADING","BUY","CRYPTO","Cardano","ADA","1043.7490330000","0.191617","-200.00","-1.00","","EUR","","","","Buy trade XF000ADA0010 Cardano, quantity: 1043.749033","bd7a2ed4-bf04-4040-a9ba-66aab4f9d1e1","","","",""
"2022-05-15T09:16:41.612553Z","2022-05-15","DEFAULT","CASH","DIVIDEND","STOCK","Allianz","DE0008404005","0.8668820000","","11.650000","","-3.07","EUR","","","","Cash Dividend for ISIN DE0008404005","4b257db7-6d54-4450-a2c8-ca6e19ed8b83","","","",""
"2022-05-15T14:21:17.280061Z","2022-05-15","DEFAULT","CASH","DIVIDEND","STOCK","Apple","US0378331005","15.7292580000","","3.600000","","-0.95","EUR","4.23","USD","0.852132","Cash Dividend for ISIN US0378331005","a00f5ad8-61a1-4147-b248-d21e44c13e49","","","",""
"2022-05-15T18:29:49.708094Z","2022-05-15","DEFAULT","CASH","DIVIDEND","STOCK","SAP","DE0007164600","5.0861590000","","12.530000","","-3.30","EUR","","","","Cash Dividend for ISIN DE0007164600","b1041099-6a4e-46fb-b4bb-6c2f5ead14d8","","","",""
"2022-05-17T09:43:28.368591Z","2022-05-17","DEFAULT","CASH","TRANSFER_INSTANT_OUTBOUND","","","","","","-50.000000","","","EUR","","","","Outgoing transfer for Max Mustermann","e918bff1-3dc8-4d56-97c7-5189a3bdfd0f","","","",""
"2022-05-20T11:57:07.729445Z","2022-05-20","DEFAULT","CASH","CARD_TRANSACTION","","MediaMarkt","","","","-163.590000","","","EUR","","","","TR Card Transaction","bf7b9e77-675a-4e13-8440-b1cc3f115cb9","","","","5732"
"2022-05-25T09:02:04.073832Z","2022-05-25","DEFAULT","CASH","CARD_TRANSACTION","","Shell Tankstelle","","","","-58.620000","","","EUR","","","","TR Card Transaction","25c023bd-6a94-4408-b5a2-b27972527c1a","","","","5541"
"2022-05-25T12:39:41.111410Z","2022-05-25","DEFAULT","CASH","CARD_TRANSACTION","","Apotheke am Markt","","","","-20.140000","","","EUR","","","","TR Card Transaction","dcae38e2-ac30-40ec-9759-72472fc8a952","","","","5912"
"2022-05-25T18:11:41.515959Z","2022-05-25","DEFAULT","TRADING","BUY","STOCK","Allianz","DE0008404005","1.1895780000","210.1586","-250.00","-1.00","","EUR","","","","Buy trade DE0008404005 ALLIANZ SE NA O.N., quantity: 1.189578","e2fbc943-86fe-4477-a241-a50534082409","","","",""
"2022-05-26T18:17:09.734061Z","2022-05-26","DEFAULT","CASH","CARD_TRANSACTION","","REWE Darmstadt","","","","-42.180000","","","EUR","","","","TR Card Transaction","487bbaf7-1b48-455e-8b00-0b0988387934","","","","5411"
"2022-05-26T21:30:27.423533Z","2022-05-26","DEFAULT","CASH","CUSTOMER_INPAYMENT_REVERSAL","","","","","","-500.000000","","","EUR","","","","Direct Debit Chargeback with DE89370400440532013000","406449b5-0e6d-49b6-8b15-3d9b0e869c14","","","",""
"2022-05-27T21:07:36.561307Z","2022-05-27","DEFAULT","CASH","CUSTOMER_INPAYMENT_REVERSAL","","","","","","-500.000000","","","EUR","","","","Direct Debit Chargeback with DE89370400440532013000","0f112d47-7ebc-4b6b-9145-6b8b505ad25c","","","",""
"2022-06-01T15:44:24.940007Z","2022-06-01","DEFAULT","CASH","CUSTOMER_INPAYMENT","","","","","","300.000000","","","EUR","","","","Direct Debit Top up with DE89370400440532013000","ce162e5b-8c58-4d6b-817d-bde3d88d6803","","","",""
"2022-06-02T06:46:37.250069Z","2022-06-02","DEFAULT","TRADING","BUY","FUND","FTSE All-World USD (Dist)","IE00B3RBWM25","0.6021460000","83.0363","-50.00","","","EUR","","","","Savings plan execution IE00B3RBWM25 Vanguard FTSE All-World UCITS ETF (USD) Distributing, quantity: 0.602146","a1dbdd76-4e01-44e0-a887-1ff0b6516172","","","",""
"2022-06-02T07:21:50.756035Z","2022-06-02","DEFAULT","TRADING","BUY","CRYPTO","Bitcoin","BTC","0.0004380000","57044.4089","-24.99","","","EUR","","","","Savings plan execution XF000BTC0017 Bitcoin, quantity: 0.000438","bb9e44d6-c548-43fc-acd9-b797585cec4c","","","",""
"2022-06-02T07:25:07.221960Z","2022-06-02","DEFAULT","TRADING","BUY","CRYPTO","Ethereum","ETH","0.0394860000","506.5090","-20.00","","","EUR","","","","Savings plan execution XF000ETH0019 Ethereum, quantity: 0.039486","aa6ec064-00d7-485f-be61-469babc6483a","","","",""
"2022-06-02T12:08:02.202472Z","2022-06-02","DEFAULT","TRADING","BUY","FUND","Core MSCI World USD (Acc)","IE00B4L5Y983","2.1413960000","46.6985","-100.00","","","EUR","","","","Savings plan execution IE00B4L5Y983 iShares III plc - iShares Core MSCI World UCITS ETF USD (Acc), quantity: 2.141396","4b6e1f3b-766b-4021-88c7-e734f68720b8","","","",""
"2022-06-02T15:31:34.874774Z","2022-06-02","DEFAULT","TRADING","BUY","STOCK","Apple","US0378331005","0.4522220000","55.2826","-25.00","","","EUR","","","","Savings plan execution US0378331005 APPLE INC., quantity: 0.452222","32af5391-997f-4bf2-80c9-831fb717cea1","","","",""
"2022-06-02T20:01:02.355766Z","2022-06-02","DEFAULT","TRADING","BUY","STOCK","Microsoft","US5949181045","0.0838640000","298.1012","-25.00","","","EUR","","","","Savings plan execution US5949181045 MICROSOFT  DL-,00000625, quantity: 0.083864","b4469ad4-134d-48ba-b434-80aae062db68","","","",""
"2022-06-02T21:24:04.831247Z","2022-06-02","DEFAULT","TRADING","BUY","FUND","Core S&P 500 USD (Acc)","IE00B5BMR087","0.1141490000","438.0247","-50.00","","","EUR","","","","Savings plan execution IE00B5BMR087 iShares VII plc - iShares Core S&P 500 UCITS ETF USD (Acc), quantity: 0.114149","78b63571-d1dd-45af-89b7-724cc8c9e999","","","",""
"2022-06-06T09:29:39.178980Z","2022-06-06","DEFAULT","CASH","CARD_TRANSACTION","","DB Vertrieb GmbH","","","","-50.860000","","","EUR","","","","TR Card Transaction","96e378d3-56cb-42b5-8bcb-86f0bda26ef8","","","","4112"
"2022-06-07T12:27:21.850941Z","2022-06-07","DEFAULT","CASH","CARD_TRANSACTION","","Starbucks Darmstadt","","","","-4.320000","","","EUR","","","","TR Card Transaction","b656e0cf-24e2-4402-b9eb-2d0b60c7d99d","","","","5814"
"2022-06-09T09:17:09.794348Z","2022-06-09","DEFAULT","CASH","CARD_TRANSACTION","","Rossmann","","","","-9.720000","","","EUR","","","","TR Card Transaction","9c84f404-c32b-427b-92be-ca55d27ff0a1","","","","5912"
"2022-06-12T06:11:59.093471Z","2022-06-12","DEFAULT","CASH","CARD_TRANSACTION","","Zalando SE","","","","-25.650000","","","EUR","","","","TR Card Transaction","340978eb-602d-486b-aed0-ed65cf2dbf1f","","","","5691"
"2022-06-15T08:40:52.820597Z","2022-06-15","DEFAULT","CASH","DIVIDEND","STOCK","Microsoft","US5949181045","6.9879260000","","4.990000","","-1.32","EUR","5.87","USD","0.849919","Cash Dividend for ISIN US5949181045","e49332e7-bbe2-42aa-b477-5aa22de13668","","","",""
"2022-06-15T09:39:23.904639Z","2022-06-15","DEFAULT","CASH","DIVIDEND","FUND","FTSE All-World USD (Dist)","IE00B3RBWM25","19.2911830000","","8.180000","","-2.16","EUR","9.72","USD","0.841516","Cash Dividend for ISIN IE00B3RBWM25","3d0b6647-e18f-447a-84b1-dbde43471a73","","","",""
"2022-06-15T19:00:35.247085Z","2022-06-15","DEFAULT","CASH","DIVIDEND","STOCK","Alphabet (A)","US02079K3059","10.1060770000","","1.910000","","-0.50","EUR","2.26","USD","0.843702","Cash Dividend for ISIN US02079K3059","da34c02e-4554-4f3a-abdb-9fa566b25f52","","","",""
"2022-06-21T13:46:28.621497Z","2022-06-21","DEFAULT","CASH","CARD_TRANSACTION","","Netto Marken-Discount","","","","-3.630000","","","EUR","","","","TR Card Transaction","2ce3c8fa-4b71-45d6-8ca5-2c622fbfccac","","","","5411"
"2022-06-22T09:15:47.432637Z","2022-06-22","DEFAULT","CASH","CARD_TRANSACTION","","Netto Marken-Discount","","","","-9.500000","","","EUR","","","","TR Card Transaction","967537b6-9e15-44ab-9702-d8a8192cc5f8","","","","5411"
"2022-06-25T09:54:29.480854Z","2022-06-25","DEFAULT","CASH","CARD_TRANSACTION","","ALDI SUED","","","","-14.100000","","","EUR","","","","TR Card Transaction","09383f78-cdf2-4ad5-ae0e-3d8efedd0d94","","","","5411"
"2022-06-25T10:02:44.596289Z","2022-06-25","DEFAULT","CASH","CARD_TRANSACTION","","Pizzeria Da Mario","","","","-16.650000","","","EUR","","","","TR Card Transaction","fbde9f8b-5a31-43f9-a49c-72eda1ad547c","","","","5812"
"2022-06-27T13:05:26.898602Z","2022-06-27","DEFAULT","CASH","CARD_TRANSACTION","","MediaMarkt","","","","-194.480000","","","EUR","","","","TR Card Transaction","cc6bd9fb-6855-4deb-afc4-58fa6887704c","","","","5732"
"2022-07-01T07:27:33.413474Z","2022-07-01","DEFAULT","CASH","CUSTOMER_INPAYMENT","","","","","","500.000000","","","EUR","","","","Direct Debit Top up with DE89370400440532013000","cecbe839-1381-4789-ad0d-32b2e2e40638","","","",""
"2022-07-02T19:13:08.375815Z","2022-07-02","DEFAULT","CASH","CARD_TRANSACTION","","Apotheke am Markt","","","","-19.810000","","","EUR","","","","TR Card Transaction","ae7385f2-7ca4-4001-a95f-3ea5b4916f39","","","","5912"
"2022-07-03T11:45:29.899596Z","2022-07-03","DEFAULT","CASH","CARD_TRANSACTION","","Zalando SE","","","","-66.830000","","","EUR","","","","TR Card Transaction","2a2da072-9d87-4cf1-b661-6a6b4104f645","","","","5691"
"2022-07-04T06:55:40.074132Z","2022-07-04","DEFAULT","TRADING","BUY","STOCK","Apple","US0378331005","0.4240060000","58.9615","-25.00","","","EUR","","","","Savings plan execution US0378331005 APPLE INC., quantity: 0.424006","50a0739d-5d12-4597-88d6-8329b639dff9","","","",""
"2022-07-04T07:18:27.789460Z","2022-07-04","DEFAULT","TRADING","BUY","CRYPTO","Bitcoin","BTC","0.0004570000","54653.2850","-24.98","","","EUR","","","","Savings plan execution XF000BTC0017 Bitcoin, quantity: 0.000457","25db2466-cd32-4ff2-aea5-a7258bd723c6","","","",""
"2022-07-04T14:44:39.568784Z","2022-07-04","DEFAULT","TRADING","BUY","CRYPTO","Ethereum","ETH","0.0356010000","561.7788","-20.00","","","EUR","","","","Savings plan execution XF000ETH0019 Ethereum, quantity: 0.035601","5351c8d1-914b-4613-9f42-c2f161014b92","","","",""
"2022-07-04T17:40:29.738094Z","2022-07-04","DEFAULT","TRADING","BUY","FUND","Core S&P 500 USD (Acc)","IE00B5BMR087","0.1104340000","452.7575","-50.00","","","EUR","","","","Savings plan execution IE00B5BMR087 iShares VII plc - iShares Core S&P 500 UCITS ETF USD (Acc), quantity: 0.110434","dc484457-0410-4cc3-8fa8-37d6a16a5049","","","",""
"2022-07-04T18:11:50.913888Z","2022-07-04","DEFAULT","TRADING","BUY","FUND","FTSE All-World USD (Dist)","IE00B3RBWM25","0.6121820000","81.6751","-50.00","","","EUR","","","","Savings plan execution IE00B3RBWM25 Vanguard FTSE All-World UCITS ETF (USD) Distributing, quantity: 0.612182","377fd42d-752c-457e-8088-a93142a4aa3a","","","",""
"2022-07-04T18:57:44.349077Z","2022-07-04","DEFAULT","TRADING","BUY","STOCK","Microsoft","US5949181045","0.0776890000","321.7972","-25.00","","","EUR","","","","Savings plan execution US5949181045 MICROSOFT  DL-,00000625, quantity: 0.077689","186ecf1f-c4d8-456e-aa35-5e04be17d58e","","","",""
"2022-07-04T20:49:08.916664Z","2022-07-04","DEFAULT","TRADING","BUY","FUND","Core MSCI World USD (Acc)","IE00B4L5Y983","2.2354190000","44.7343","-100.00","","","EUR","","","","Savings plan execution IE00B4L5Y983 iShares III plc - iShares Core MSCI World UCITS ETF USD (Acc), quantity: 2.235419","bb695951-b6f2-4d08-be4d-3cb9f885f47e","","","",""
"2022-07-08T12:48:47.797846Z","2022-07-08","DEFAULT","CASH","CARD_TRANSACTION","","MediaMarkt","","","","-176.160000","","","EUR","","","","TR Card Transaction","ca66c3eb-a851-48c6-856a-2a8afc26e637","","","","5732"
"2022-07-13T08:25:57.187497Z","2022-07-13","DEFAULT","TRADING","BUY","CRYPTO","Cardano","ADA","155.3490840000","0.321856","-50.00","-1.00","","EUR","","","","Buy trade XF000ADA0010 Cardano, quantity: 155.349084","9152673e-26dd-4a25-82b0-ea692a1c9209","","","",""
"2022-07-13T14:07:44.155141Z","2022-07-13","DEFAULT","CASH","CARD_TRANSACTION","","Lidl sagt Danke","","","","-6.500000","","","EUR","","","","TR Card Transaction","33fd616a-3f87-4cd1-a60b-5d61f10f1ace","","","","5411"
"2022-07-15T13:53:33.675987Z","2022-07-15","DEFAULT","CASH","DIVIDEND","STOCK","Coca-Cola","US1912161007","1.8095140000","","0.830000","","-0.22","EUR","0.97","USD","0.857880","Cash Dividend for ISIN US1912161007","ab13bfaa-bb5f-447c-8e77-0f2b19135120","","","",""
"2022-07-15T15:12:04.023107Z","2022-07-15","DEFAULT","CASH","DIVIDEND","STOCK","NVIDIA","US67066G1040","33.9444130000","","0.320000","","-0.08","EUR","0.38","USD","0.853338","Cash Dividend for ISIN US67066G1040","7f860079-9055-4d19-a575-eb19d11f0594","","","",""
"2022-07-15T16:41:41.825045Z","2022-07-15","DEFAULT","CASH","CARD_TRANSACTION","","HEAG mobilo GmbH","","","","-4.660000","","","EUR","","","","TR Card Transaction","e045e797-08d8-4825-83e6-b7642a18612f","","","","4111"
"2022-07-19T11:45:34.299102Z","2022-07-19","DEFAULT","CASH","CARD_TRANSACTION","","Rossmann","","","","-16.230000","","","EUR","","","","TR Card Transaction","b07ae983-2480-40d5-a92a-1c6cb85776c4","","","","5912"
"2022-07-24T16:41:45.309913Z","2022-07-24","DEFAULT","CASH","TRANSFER_INSTANT_OUTBOUND","","","","","","-300.000000","","","EUR","","","","Outgoing transfer for Max Mustermann","1e765e68-d370-45a3-ac83-498e3b568090","","","",""
"2022-07-24T20:59:20.163633Z","2022-07-24","DEFAULT","CASH","CARD_TRANSACTION","","Zalando SE","","","","-73.800000","","","EUR","","","","TR Card Transaction","b0068ef6-32f6-4ed9-8edf-90af84a9436b","","","","5691"
"2022-07-29T08:34:54.467096Z","2022-07-29","DEFAULT","CASH","CARD_TRANSACTION","","Pizzeria Da Mario","","","","-16.500000","","","EUR","","","","TR Card Transaction","f73cde37-dca2-4647-bdb1-5f1971f72a2c","","","","5812"
"2022-08-01T10:45:54.448413Z","2022-08-01","DEFAULT","CASH","CUSTOMER_INPAYMENT","","","","","","400.000000","","","EUR","","","","Direct Debit Top up with DE89370400440532013000","10aed8cc-1710-4a92-af3d-b6796ff74315","","","",""
"2022-08-02T06:26:40.958828Z","2022-08-02","DEFAULT","TRADING","BUY","CRYPTO","XRP","XRP","15.5430090000","3.216880","-50.00","-1.00","","EUR","","","","Buy trade XF000XRP0018 XRP, quantity: 15.543009","df338acb-5cec-49dc-ad0a-0208783f419b","","","",""
"2022-08-02T08:09:13.317960Z","2022-08-02","DEFAULT","TRADING","BUY","CRYPTO","Bitcoin","BTC","0.0004940000","50598.6748","-25.00","","","EUR","","","","Savings plan execution XF000BTC0017 Bitcoin, quantity: 0.000494","90811d38-08a7-4c26-a05d-203a3d7162d4","","","",""
"2022-08-02T08:13:46.930930Z","2022-08-02","DEFAULT","TRADING","BUY","FUND","Core MSCI World USD (Acc)","IE00B4L5Y983","2.0558160000","48.6425","-100.00","","","EUR","","","","Savings plan execution IE00B4L5Y983 iShares III plc - iShares Core MSCI World UCITS ETF USD (Acc), quantity: 2.055816","464cbbf9-418e-4b73-a543-7533a6d5cf52","","","",""
"2022-08-02T10:53:37.626981Z","2022-08-02","DEFAULT","TRADING","BUY","STOCK","Microsoft","US5949181045","0.0799190000","312.8177","-25.00","","","EUR","","","","Savings plan execution US5949181045 MICROSOFT  DL-,00000625, quantity: 0.079919","5bda9cb6-5b39-4bd8-8690-7358f6ab31e5","","","",""
"2022-08-02T19:46:57.434313Z","2022-08-02","DEFAULT","TRADING","BUY","STOCK","Apple","US0378331005","0.4185530000","59.7295","-25.00","","","EUR","","","","Savings plan execution US0378331005 APPLE INC., quantity: 0.418553","0d8599f4-3845-4a55-ab9a-c8c9c2098a26","","","",""
"2022-08-02T20:18:10.844809Z","2022-08-02","DEFAULT","TRADING","BUY","FUND","Core S&P 500 USD (Acc)","IE00B5BMR087","0.1074050000","465.5268","-50.00","","","EUR","","","","Savings plan execution IE00B5BMR087 iShares VII plc - iShares Core S&P 500 UCITS ETF USD (Acc), quantity: 0.107405","29d5f1c2-564a-4796-b708-89c99581bc7b","","","",""
"2022-08-02T20:47:26.842725Z","2022-08-02","DEFAULT","TRADING","BUY","FUND","FTSE All-World USD (Dist)","IE00B3RBWM25","0.6460850000","77.3893","-50.00","","","EUR","","","","Savings plan execution IE00B3RBWM25 Vanguard FTSE All-World UCITS ETF (USD) Distributing, quantity: 0.646085","1f88bfb0-8931-48bd-9b3d-dd7eba189747","","","",""
"2022-08-02T21:55:33.351709Z","2022-08-02","DEFAULT","TRADING","BUY","CRYPTO","Ethereum","ETH","0.0455380000","439.1906","-20.00","","","EUR","","","","Savings plan execution XF000ETH0019 Ethereum, quantity: 0.045538","eaabe151-4258-439b-a6af-5ca570ff1500","","","",""
"2022-08-03T21:02:52.866384Z","2022-08-03","DEFAULT","CASH","CARD_TRANSACTION","","Spotify","","","","-10.990000","","","EUR","","","","TR Card Transaction","7e655773-b229-4fa2-aaa3-8abc95df3a23","","","","5815"
"2022-08-10T07:09:20.483439Z","2022-08-10","DEFAULT","TRADING","SELL","STOCK","Tesla","US88160R1014","-0.9262120000","39.5443","36.63","-1.00","-0.96","EUR","","","","Sell trade US88160R1014 TESLA INC. DL -,001, quantity: 0.926212","668bc6d5-379b-4833-9d31-29b5913a4f61","","","",""
"2022-08-10T07:17:23.439892Z","2022-08-10","DEFAULT","CASH","CARD_TRANSACTION","","DM-Drogerie Markt","","","","-12.010000","","","EUR","","","","TR Card Transaction","a36f6a5d-d4a4-468b-8c05-c5c743aec941","","","","5912"
"2022-08-11T11:48:06.627847Z","2022-08-11","DEFAULT","CASH","CARD_TRANSACTION","","Lidl sagt Danke","","","","-19.440000","","","EUR","","","","TR Card Transaction","bdb6beb3-5f55-4716-86ac-10269eead54f","","","","5411"
"2022-08-11T16:52:54.718240Z","2022-08-11","DEFAULT","CASH","CARD_TRANSACTION","","Rossmann","","","","-14.510000","","","EUR","","","","TR Card Transaction","a87f2266-2428-4c3f-a974-f7193c59a492","","","","5912"
"2022-08-13T21:26:21.965641Z","2022-08-13","DEFAULT","CASH","CARD_TRANSACTION","","DB Vertrieb GmbH","","","","-28.020000","","","EUR","","","","TR Card Transaction","3bcc4761-e701-470e-b57b-fc8dcb1b7080","","","","4112"
"2022-08-15T09:26:29.960528Z","2022-08-15","DEFAULT","CASH","DIVIDEND","STOCK","Apple","US0378331005","17.0240390000","","3.910000","","-1.03","EUR","4.58","USD","0.854225","Cash Dividend for ISIN US0378331005","3750c50b-ffe6-4d14-80fe-cde867cc1aeb","","","",""
"2022-08-19T09:04:01.812323Z","2022-08-19","DEFAULT","CASH","CARD_TRANSACTION","","Lidl sagt Danke","","","","-16.590000","","","EUR","","","","TR Card Transaction","99400c5b-9a5a-4ca4-b139-a957663fa522","","","","5411"
"2022-08-22T12:37:57.209740Z","2022-08-22","DEFAULT","TRADING","SELL","STOCK","Microsoft","US5949181045","-1.7863840000","314.3824","561.61","-1.00","-50.87","EUR","","","","Sell trade US5949181045 MICROSOFT  DL-,00000625, quantity: 1.786384","d550051b-576d-4ae6-814f-082c32fa5b08","","","",""
"2022-08-23T11:54:32.818730Z","2022-08-23","DEFAULT","CASH","CARD_TRANSACTION","","MediaMarkt","","","","-79.350000","","","EUR","","","","TR Card Transaction","aba35640-1fa8-4403-998e-ea078ea28b1c","","","","5732"
"2022-08-24T09:59:13.965190Z","2022-08-24","DEFAULT","CASH","TRANSFER_INBOUND","","","","","","250.000000","","","EUR","","","","Incoming transfer from Max Mustermann (DE02100500000024290661)","c25edaf3-6bee-41bf-892c-507ebaa1060e","","","",""
"2022-08-24T12:18:10.945459Z","2022-08-24","DEFAULT","CASH","CARD_TRANSACTION","","REWE Darmstadt","","","","-25.210000","","","EUR","","","","TR Card Transaction","3dd9587b-3c3e-4115-a033-969daf8a732d","","","","5411"
"2022-08-27T16:07:29.115674Z","2022-08-27","DEFAULT","CASH","CARD_TRANSACTION","","Netto Marken-Discount","","","","-19.510000","","","EUR","","","","TR Card Transaction","f18df3f1-084a-4556-96f4-f723257b4126","","","","5411"
"2022-08-30T19:12:54.072990Z","2022-08-30","DEFAULT","CASH","CARD_TRANSACTION","","Netflix.com","","","","-13.990000","","","EUR","","","","TR Card Transaction","f026b47c-74a7-4593-a297-68ded75abd84","","","","4899"
"2022-08-31T09:25:28.548051Z","2022-08-31","DEFAULT","TRADING","SELL","CRYPTO","XRP","XRP","-2879.9826300000","2.9394","8465.43","-1.00","","EUR","","","","Sell trade XF000XRP0018 XRP, quantity: 2879.982630","d1ed7bd3-5798-4c72-aa25-47f4ff369b4d","","","",""
"2022-09-01T09:47:59.935778Z","2022-09-01","DEFAULT","CASH","CUSTOMER_INPAYMENT","","","","","","400.000000","","","EUR","","","","Direct Debit Top up with DE89370400440532013000","d4054fab-f46c-431e-b9a2-cf05ea34a844","","","",""
"2022-09-02T09:16:31.521429Z","2022-09-02","DEFAULT","TRADING","BUY","CRYPTO","Ethereum","ETH","0.0346470000","577.2495","-20.00","","","EUR","","","","Savings plan execution XF000ETH0019 Ethereum, quantity: 0.034647","cc27fc29-8d83-48ad-8359-b2b1c86179a7","","","",""
"2022-09-02T10:49:29.113284Z","2022-09-02","DEFAULT","TRADING","BUY","CRYPTO","Bitcoin","BTC","0.0006370000","39242.7013","-25.00","","","EUR","","","","Savings plan execution XF000BTC0017 Bitcoin, quantity: 0.000637","fe46c0dd-cfbc-4faa-846f-3a9d50061f42","","","",""
"2022-09-02T14:48:50.839892Z","2022-09-02","DEFAULT","TRADING","BUY","FUND","Core S&P 500 USD (Acc)","IE00B5BMR087","0.1023810000","488.3707","-50.00","","","EUR","","","","Savings plan execution IE00B5BMR087 iShares VII plc - iShares Core S&P 500 UCITS ETF USD (Acc), quantity: 0.102381","294d6f06-1312-4428-b4a7-d820a322c3e3","","","",""
"2022-09-02T18:07:14.878821Z","2022-09-02","DEFAULT","TRADING","BUY","FUND","Core MSCI World USD (Acc)","IE00B4L5Y983","2.1451160000","46.6175","-100.00","","","EUR","","","","Savings plan execution IE00B4L5Y983 iShares III plc - iShares Core MSCI World UCITS ETF USD (Acc), quantity: 2.145116","a8af7663-8e1e-432f-bf57-29e6557b3c39","","","",""
"2022-09-02T18:22:30.699061Z","2022-09-02","DEFAULT","TRADING","BUY","STOCK","Apple","US0378331005","0.3708020000","67.4215","-25.00","","","EUR","","","","Savings plan execution US0378331005 APPLE INC., quantity: 0.370802","802e7750-7e0e-4d1f-9b65-87c10084749f","","","",""
"2022-09-02T18:31:32.292438Z","2022-09-02","DEFAULT","TRADING","BUY","STOCK","Microsoft","US5949181045","0.0823630000","303.5329","-25.00","","","EUR","","","","Savings plan execution US5949181045 MICROSOFT  DL-,00000625, quantity: 0.082363","e5353669-28d0-4af1-9d77-6f808f558269","","","",""
"2022-09-02T19:46:31.292047Z","2022-09-02","DEFAULT","TRADING","BUY","FUND","FTSE All-World USD (Dist)","IE00B3RBWM25","0.6152310000","81.2703","-50.00","","","EUR","","","","Savings plan execution IE00B3RBWM25 Vanguard FTSE All-World UCITS ETF (USD) Distributing, quantity: 0.615231","fc82c217-68d1-467d-bd27-dc32a0eed074","","","",""
"2022-09-05T20:12:18.694255Z","2022-09-05","DEFAULT","CASH","CARD_TRANSACTION","","Kino Darmstadt","","","","-12.840000","","","EUR","","","","TR Card Transaction","7c860ac4-68c6-467a-8bff-1772be6c5782","","","","7832"
"2022-09-06T07:27:56.959383Z","2022-09-06","DEFAULT","CASH","CARD_TRANSACTION","","REWE Darmstadt","","","","-43.010000","","","EUR","","","","TR Card Transaction","6a52f788-1b39-4244-aa58-789ee5a7920e","","","","5411"
"2022-09-14T17:22:26.368332Z","2022-09-14","DEFAULT","CASH","CARD_TRANSACTION","","Spotify","","","","-10.990000","","","EUR","","","","TR Card Transaction","5a1348ce-14cc-40f0-91f6-3f12193f283b","","","","5815"
"2022-09-15T15:07:21.178026Z","2022-09-15","DEFAULT","CASH","DIVIDEND","STOCK","Microsoft","US5949181045","5.4415130000","","3.940000","","-1.04","EUR","4.57","USD","0.861139","Cash Dividend for ISIN US5949181045","f41061f2-092a-4f09-8714-03f3ed98e31c","","","",""
"2022-09-15T16:02:29.689719Z","2022-09-15","DEFAULT","CASH","DIVIDEND","STOCK","Alphabet (A)","US02079K3059","10.1060770000","","1.920000","","-0.51","EUR","2.26","USD","0.847773","Cash Dividend for ISIN US02079K3059","4fc14be0-fd9c-4fb7-afff-721d6404da73","","","",""
"2022-09-15T19:17:01.729765Z","2022-09-15","DEFAULT","CASH","DIVIDEND","FUND","FTSE All-World USD (Dist)","IE00B3RBWM25","21.1646810000","","9.230000","","-2.43","EUR","10.67","USD","0.864646","Cash Dividend for ISIN IE00B3RBWM25","4b504080-e5b8-4e7b-aa4b-4d094c67ba5e","","","",""
"2022-09-18T15:23:27.211559Z","2022-09-18","DEFAULT","CASH","CARD_TRANSACTION","","HEAG mobilo GmbH","","","","-3.430000","","","EUR","","","","TR Card Transaction","2bafdaea-d077-45f8-8068-bbd8ac564a0b","","","","4111"
"2022-09-22T15:27:42.566176Z","2022-09-22","DEFAULT","CASH","CARD_TRANSACTION","","DB Vertrieb GmbH","","","","-34.740000","","","EUR","","","","TR Card Transaction","70a35a15-4424-4e64-95af-1a745ecbb095","","","","4112"
"2022-09-23T06:40:45.541300Z","2022-09-23","DEFAULT","CASH","CARD_TRANSACTION","","Apotheke am Markt","","","","-7.790000","","","EUR","","","","TR Card Transaction","f0e0f5fc-963c-4f5f-98a6-9246fbb3254a","","","","5912"
"2022-09-29T13:25:15.119074Z","2022-09-29","DEFAULT","CASH","CARD_TRANSACTION","","Rossmann","","","","-7.900000","","","EUR","","","","TR Card Transaction","131e6e79-e225-4129-9495-d43ca9f49bbe","","","","5912"
"2022-09-30T07:12:10.285959Z","2022-09-30","DEFAULT","CASH","CARD_TRANSACTION","","Netflix.com","","","","-13.990000","","","EUR","","","","TR Card Transaction","f45cee03-9955-4123-8147-10865642edb0","","","","4899"
"2022-10-01T07:55:57.088006Z","2022-10-01","DEFAULT","CASH","CARD_TRANSACTION","","Zalando SE","","","","-74.760000","","","EUR","","","","TR Card Transaction","94737d6a-45cd-43e1-a9aa-9a814134d370","","","","5691"
"2022-10-01T08:57:26.940334Z","2022-10-01","DEFAULT","CASH","CARD_TRANSACTION","","HEAG mobilo GmbH","","","","-5.610000","","","EUR","","","","TR Card Transaction","70e002b8-3754-409a-8700-9c80943f1521","","","","4111"
"2022-10-01T11:41:54.044283Z","2022-10-01","DEFAULT","CASH","CUSTOMER_INPAYMENT","","","","","","500.000000","","","EUR","","","","Direct Debit Top up with DE89370400440532013000","c17344ae-7d2a-4083-bb0c-9d1ded8da9bb","","","",""
"2022-10-02T09:33:42.869250Z","2022-10-02","DEFAULT","CASH","CARD_TRANSACTION","","DM-Drogerie Markt","","","","-8.610000","","","EUR","","","","TR Card Transaction","1f814af0-b376-466b-a847-a894e2731c51","","","","5912"
"2022-10-02T14:31:56.094632Z","2022-10-02","DEFAULT","CASH","CARD_TRANSACTION","","MediaMarkt","","","","-190.690000","","","EUR","","","","TR Card Transaction","671a60e0-2f56-42ba-ae82-5776e4541f33","","","","5732"
"2022-10-03T07:31:34.392906Z","2022-10-03","DEFAULT","TRADING","BUY","CRYPTO","Bitcoin","BTC","0.0005900000","42354.7064","-24.99","","","EUR","","","","Savings plan execution XF000BTC0017 Bitcoin, quantity: 0.000590","38900209-377e-4d93-90f3-9e60f2147f97","","","",""
"2022-10-03T09:20:34.444366Z","2022-10-03","DEFAULT","TRADING","BUY","CRYPTO","Ethereum","ETH","0.0387530000","516.0834","-20.00","","","EUR","","","","Savings plan execution XF000ETH0019 Ethereum, quantity: 0.038753","84bca826-5e5d-439d-91f0-af2af7368c4a","","","",""
"2022-10-03T10:06:11.224509Z","2022-10-03","DEFAULT","TRADING","BUY","STOCK","Apple","US0378331005","0.2911040000","85.8801","-25.00","","","EUR","","","","Savings plan execution US0378331005 APPLE INC., quantity: 0.291104","8fc2f59a-d2b2-418e-9f19-91cef0fd0720","","","",""
"2022-10-03T10:23:30.750435Z","2022-10-03","DEFAULT","CASH","CARD_TRANSACTION","","Pizzeria Da Mario","","","","-32.230000","","","EUR","","","","TR Card Transaction","53219fef-d259-4992-87f3-768fb905c488","","","","5812"
"2022-10-03T13:59:27.228598Z","2022-10-03","DEFAULT","TRADING","BUY","FUND","Core S&P 500 USD (Acc)","IE00B5BMR087","0.1073960000","465.5682","-50.00","","","EUR","","","","Savings plan execution IE00B5BMR087 iShares VII plc - iShares Core S&P 500 UCITS ETF USD (Acc), quantity: 0.107396","22711813-0c60-4017-939c-7db1a12d758f","","","",""
"2022-10-03T14:28:26.266659Z","2022-10-03","DEFAULT","TRADING","BUY","STOCK","Microsoft","US5949181045","0.0904260000","276.4698","-25.00","","","EUR","","","","Savings plan execution US5949181045 MICROSOFT  DL-,00000625, quantity: 0.090426","bf5afecb-a08b-48a6-90f7-4e2ec07c15ad","","","",""
"2022-10-03T16:53:37.773048Z","2022-10-03","DEFAULT","TRADING","BUY","FUND","Core MSCI World USD (Acc)","IE00B4L5Y983","2.1335540000","46.8702","-100.00","","","EUR","","","","Savings plan execution IE00B4L5Y983 iShares III plc - iShares Core MSCI World UCITS ETF USD (Acc), quantity: 2.133554","c433add6-87d2-4b6a-bb7a-ea3fc6770d78","","","",""
"2022-10-03T18:51:47.780097Z","2022-10-03","DEFAULT","TRADING","BUY","FUND","FTSE All-World USD (Dist)","IE00B3RBWM25","0.5987050000","83.5136","-50.00","","","EUR","","","","Savings plan execution IE00B3RBWM25 Vanguard FTSE All-World UCITS ETF (USD) Distributing, quantity: 0.598705","3bef38a9-583f-4ef5-a2b3-9ab4f3fdd425","","","",""
"2022-10-07T15:05:59.862671Z","2022-10-07","DEFAULT","TRADING","SELL","STOCK","SAP","DE0007164600","-2.5430800000","95.3684","242.53","-1.00","","EUR","","","","Sell trade DE0007164600 SAP SE O.N., quantity: 2.543080","ab22a760-8c09-43c3-8043-8a3f249d9c88","","","",""
"2022-10-08T14:55:05.863185Z","2022-10-08","DEFAULT","CASH","CARD_TRANSACTION","","Netflix.com","","","","-13.990000","","","EUR","","","","TR Card Transaction","993d33e2-bad5-4d9a-aed7-9abceb297165","","","","4899"
"2022-10-08T16:56:51.803986Z","2022-10-08","DEFAULT","CASH","CARD_TRANSACTION","","Rossmann","","","","-23.070000","","","EUR","","","","TR Card Transaction","6fe9e332-0e7c-4a04-b4dd-770b8e49e57a","","","","5912"
"2022-10-08T19:59:53.348884Z","2022-10-08","DEFAULT","CASH","CARD_TRANSACTION","","Zalando SE","","","","-52.980000","","","EUR","","","","TR Card Transaction","fa8eaa79-44a6-46e5-93da-d112208fb4ad","","","","5691"
"2022-10-09T08:22:26.631364Z","2022-10-09","DEFAULT","CASH","CARD_TRANSACTION","","Rossmann","","","","-18.070000","","","EUR","","","","TR Card Transaction","f1eef379-e580-432d-bc40-c79d45b72d47","","","","5912"
"2022-10-10T10:00:25.209794Z","2022-10-10","DEFAULT","CASH","CARD_TRANSACTION","","Rossmann","","","","-16.490000","","","EUR","","","","TR Card Transaction","0f328c95-e307-4249-82aa-df54a83a0953","","","","5912"
"2022-10-11T19:50:20.473421Z","2022-10-11","DEFAULT","CASH","CARD_TRANSACTION","","DM-Drogerie Markt","","","","-25.710000","","","EUR","","","","TR Card Transaction","976fd7dd-20a3-46fe-85c1-26ede50f7b43","","","","5912"
"2022-10-12T13:01:01.967953Z","2022-10-12","DEFAULT","CASH","CARD_TRANSACTION","","Spotify","","","","-10.990000","","","EUR","","","","TR Card Transaction","6b80ce3c-7eed-4b27-bf6e-9f624f5c64cd","","","","5815"
"2022-10-12T13:58:05.484887Z","2022-10-12","DEFAULT","CASH","CARD_TRANSACTION","","Apotheke am Markt","","","","-17.590000","","","EUR","","","","TR Card Transaction","c92c2f96-0958-4c26-a109-ab671d4b7c1c","","","","5912"
"2022-10-12T19:23:11.412608Z","2022-10-12","DEFAULT","CASH","CARD_TRANSACTION","","DB Vertrieb GmbH","","","","-19.130000","","","EUR","","","","TR Card Transaction","602ab706-8654-4c18-960b-17e62241b59b","","","","4112"
"2022-10-13T17:10:36.123050Z","2022-10-13","DEFAULT","CASH","CARD_TRANSACTION","","Pizzeria Da Mario","","","","-15.430000","","","EUR","","","","TR Card Transaction","db08ee3f-425f-4de3-b809-90e7fc9dbb07","","","","5812"
"2022-10-15T14:18:47.518172Z","2022-10-15","DEFAULT","CASH","DIVIDEND","STOCK","NVIDIA","US67066G1040","33.9444130000","","0.330000","","-0.09","EUR","0.38","USD","0.870207","Cash Dividend for ISIN US67066G1040","b94f636a-21fe-4b7b-a9cd-02b195d32014","","","",""
"2022-10-15T19:54:13.629232Z","2022-10-15","DEFAULT","CASH","DIVIDEND","STOCK","Coca-Cola","US1912161007","1.8095140000","","0.830000","","-0.22","EUR","0.97","USD","0.858927","Cash Dividend for ISIN US1912161007","e5f5d732-8249-4b29-a2f1-b07695853301","","","",""
"2022-10-17T20:58:15.387593Z","2022-10-17","DEFAULT","TRADING","BUY","STOCK","Coca-Cola","US1912161007","1.7694300000","56.5154","-100.00","-1.00","","EUR","","","","Buy trade US1912161007 COCA-COLA CO.   DL-,25, quantity: 1.769430","cf4a6cbf-5d77-4682-b0aa-e2fa64aa2d59","","","",""
"2022-10-17T21:08:55.338947Z","2022-10-17","DEFAULT","CASH","CARD_TRANSACTION","","Shell Tankstelle","","","","-33.430000","","","EUR","","","","TR Card Transaction","b2ec5041-01b6-4dd3-b608-5d471d33c0f6","","","","5541"
"2022-10-18T07:03:21.976292Z","2022-10-18","DEFAULT","CASH","CARD_TRANSACTION","","Pizzeria Da Mario","","","","-13.680000","","","EUR","","","","TR Card Transaction","281bdb43-05c2-444d-9e51-d14bed4db653","","","","5812"
"2022-10-20T17:08:57.586741Z","2022-10-20","DEFAULT","CASH","CARD_TRANSACTION","","DB Vertrieb GmbH","","","","-58.850000","","","EUR","","","","TR Card Transaction","d6c0463a-cb77-4bde-83a1-c2d2f4d01af9","","","","4112"
"2022-10-22T09:20:02.134082Z","2022-10-22","DEFAULT","CASH","CARD_TRANSACTION","","Netflix.com","","","","-13.990000","","","EUR","","","","TR Card Transaction","2d91a840-bcb4-4da7-bb42-c9bde23705e1","","","","4899"
"2022-10-25T10:35:54.967681Z","2022-10-25","DEFAULT","CASH","CARD_TRANSACTION","","Zalando SE","","","","-73.460000","","","EUR","","","","TR Card Transaction","8b6fed07-c2e2-48fa-b4ec-532ee92ed46c","","","","5691"
"2022-11-01T06:18:43.713702Z","2022-11-01","DEFAULT","CASH","CARD_TRANSACTION","","Netto Marken-Discount","","","","-22.410000","","","EUR","","","","TR Card Transaction","2615d9ea-bd3f-4d05-87f3-4d577d839da7","","","","5411"
"2022-11-01T11:26:58.080567Z","2022-11-01","DEFAULT","CASH","CUSTOMER_INPAYMENT","","","","","","500.000000","","","EUR","","","","Direct Debit Top up with DE89370400440532013000","2f52a438-048a-4cce-bde6-125041c81d1b","","","",""
"2022-11-02T06:05:29.871051Z","2022-11-02","DEFAULT","TRADING","BUY","FUND","FTSE All-World USD (Dist)","IE00B3RBWM25","0.6176680000","80.9497","-50.00","","","EUR","","","","Savings plan execution IE00B3RBWM25 Vanguard FTSE All-World UCITS ETF (USD) Distributing, quantity: 0.617668","c2d2bb12-c98f-4875-983a-eec9d4150c57","","","",""
"2022-11-02T06:21:02.688047Z","2022-11-02","DEFAULT","TRADING","BUY","STOCK","Apple","US0378331005","0.2959270000","84.4802","-25.00","","","EUR","","","","Savings plan execution US0378331005 APPLE INC., quantity: 0.295927","53fecf40-31cd-400a-8dcb-f3b1cae0138d","","","",""
"2022-11-02T09:53:20.161245Z","2022-11-02","DEFAULT","TRADING","BUY","FUND","Core MSCI World USD (Acc)","IE00B4L5Y983","2.1601360000","46.2934","-100.00","","","EUR","","","","Savings plan execution IE00B4L5Y983 iShares III plc - iShares Core MSCI World UCITS ETF USD (Acc), quantity: 2.160136","8710e36f-0c40-49da-87ac-e2924ea91754","","","",""
"2022-11-02T10:13:55.051047Z","2022-11-02","DEFAULT","TRADING","BUY","CRYPTO","Bitcoin","BTC","0.0008890000","28105.9755","-24.99","","","EUR","","","","Savings plan execution XF000BTC0017 Bitcoin, quantity: 0.000889","5a970ea3-6d18-4280-a4bb-1a0512cf3c0a","","","",""
"2022-11-02T15:20:51.058232Z","2022-11-02","DEFAULT","TRADING","BUY","CRYPTO","Ethereum","ETH","0.0362400000","551.8747","-20.00","","","EUR","","","","Savings plan execution XF000ETH0019 Ethereum, quantity: 0.036240","00353ef0-8ba3-45a7-8574-b41edac8b7dc","","","",""
"2022-11-02T20:20:46.769989Z","2022-11-02","DEFAULT","TRADING","BUY","STOCK","Microsoft","US5949181045","0.0851520000","293.5930","-25.00","","","EUR","","","","Savings plan execution US5949181045 MICROSOFT  DL-,00000625, quantity: 0.085152","9b0f9006-8bf0-43b7-a524-832eee6a5ec0","","","",""
"2022-11-02T21:29:40.282400Z","2022-11-02","DEFAULT","TRADING","BUY","FUND","Core S&P 500 USD (Acc)","IE00B5BMR087","0.1043080000","479.3477","-50.00","","","EUR","","","","Savings plan execution IE00B5BMR087 iShares VII plc - iShares Core S&P 500 UCITS ETF USD (Acc), quantity: 0.104308","a2874cb3-3dea-4b98-991d-984edf0be26a","","","",""
"2022-11-10T08:18:29.458600Z","2022-11-10","DEFAULT","CASH","CARD_TRANSACTION","","DM-Drogerie Markt","","","","-28.060000","","","EUR","","","","TR Card Transaction","22f4f4eb-277a-4435-af19-c9e221f0a14f","","","","5912"
"2022-11-10T21:19:09.133997Z","2022-11-10","DEFAULT","CASH","CARD_TRANSACTION","","Lidl sagt Danke","","","","-32.030000","","","EUR","","","","TR Card Transaction","9306125b-a188-4f87-9f73-4dd26551d43a","","","","5411"
"2022-11-13T17:16:37.085741Z","2022-11-13","DEFAULT","CASH","CARD_TRANSACTION","","MediaMarkt","","","","-165.370000","","","EUR","","","","TR Card Transaction","0816f00d-c6d6-42ea-a0c7-e951a843e936","","","","5732"
"2022-11-15T20:39:51.277950Z","2022-11-15","DEFAULT","CASH","DIVIDEND","STOCK","Apple","US0378331005","17.9818720000","","4.200000","","-1.11","EUR","4.83","USD","0.870151","Cash Dividend for ISIN US0378331005","f6cf97d6-c214-4ba2-b25a-7c4bbc36368b","","","",""
"2022-11-17T06:10:41.500296Z","2022-11-17","DEFAULT","TRADING","SELL","STOCK","SAP","DE0007164600","-0.6357700000","103.2299","65.63","-1.00","","EUR","","","","Sell trade DE0007164600 SAP SE O.N., quantity: 0.635770","2b2c8284-6813-4974-9d9e-ff4af34292d2","","","",""
"2022-11-19T06:44:12.900739Z","2022-11-19","DEFAULT","CASH","CARD_TRANSACTION","","MCDONALDS 01271","","","","-6.120000","","","EUR","","","","TR Card Transaction","07da0f3d-2504-4438-b3a1-2e92a7ccce3f","","","","5814"
"2022-11-19T08:08:08.014549Z","2022-11-19","DEFAULT","CASH","CARD_TRANSACTION","","Spotify","","","","-10.990000","","","EUR","","","","TR Card Transaction","af173bde-f9aa-491f-acca-47fa8f0a4510","","","","5815"
"2022-11-23T13:12:18.597091Z","2022-11-23","DEFAULT","TRADING","BUY","CRYPTO","Cardano","ADA","679.7002410000","0.367809","-250.00","-1.00","","EUR","","","","Buy trade XF000ADA0010 Cardano, quantity: 679.700241","1eb75236-21d2-4a39-89a2-8177404c6fae","","","",""
"2022-11-28T08:17:57.679792Z","2022-11-28","DEFAULT","TRADING","BUY","CRYPTO","Bitcoin","BTC","0.0106210000","23538.3079","-250.00","-1.00","","EUR","","","","Buy trade XF000BTC0017 Bitcoin, quantity: 0.010621","82266ee8-d96d-41ec-984f-196d02d0e6f1","","","",""
"2022-12-01T20:08:56.307645Z","2022-12-01","DEFAULT","CASH","CUSTOMER_INPAYMENT","","","","","","500.000000","","","EUR","","","","Direct Debit Top up with DE89370400440532013000","c77459c4-4826-4414-85c6-92e629229955","","","",""
"2022-12-02T07:01:22.923697Z","2022-12-02","DEFAULT","TRADING","BUY","CRYPTO","Ethereum","ETH","0.0341190000","586.1875","-20.00","","","EUR","","","","Savings plan execution XF000ETH0019 Ethereum, quantity: 0.034119","f89ccf20-2ca2-4bc4-933a-e81fad724d8b","","","",""
"2022-12-02T08:42:30.135367Z","2022-12-02","DEFAULT","TRADING","BUY","FUND","Core S&P 500 USD (Acc)","IE00B5BMR087","0.1004910000","497.5572","-50.00","","","EUR","","","","Savings plan execution IE00B5BMR087 iShares VII plc - iShares Core S&P 500 UCITS ETF USD (Acc), quantity: 0.100491","a02e0c08-04f4-4957-bacf-4ad229277c04","","","",""
"2022-12-02T11:12:10.635173Z","2022-12-02","DEFAULT","TRADING","BUY","STOCK","Apple","US0378331005","0.2851890000","87.6613","-25.00","","","EUR","","","","Savings plan execution US0378331005 APPLE INC., quantity: 0.285189","10ad74a9-4770-43af-9ab8-e5407061e505","","","",""
"2022-12-02T11:39:13.296177Z","2022-12-02","DEFAULT","TRADING","BUY","FUND","FTSE All-World USD (Dist)","IE00B3RBWM25","0.5983080000","83.5690","-50.00","","","EUR","","","","Savings plan execution IE00B3RBWM25 Vanguard FTSE All-World UCITS ETF (USD) Distributing, quantity: 0.598308","8d83ca93-1149-4949-8d65-12994a8b9904","","","",""
"2022-12-02T17:50:30.838603Z","2022-12-02","DEFAULT","TRADING","BUY","FUND","Core MSCI World USD (Acc)","IE00B4L5Y983","2.0279080000","49.3119","-100.00","","","EUR","","","","Savings plan execution IE00B4L5Y983 iShares III plc - iShares Core MSCI World UCITS ETF USD (Acc), quantity: 2.027908","0f2b84f9-1c80-45e2-8efc-8325d9e7110f","","","",""
"2022-12-02T21:06:50.436191Z","2022-12-02","DEFAULT","TRADING","BUY","STOCK","Microsoft","US5949181045","0.0821130000","304.4600","-25.00","","","EUR","","","","Savings plan execution US5949181045 MICROSOFT  DL-,00000625, quantity: 0.082113","efcd8141-e2f4-4ebf-a981-77fcc9bff61b","","","",""
"2022-12-02T21:19:15.219606Z","2022-12-02","DEFAULT","TRADING","BUY","CRYPTO","Bitcoin","BTC","0.0012120000","20625.3368","-25.00","","","EUR","","","","Savings plan execution XF000BTC0017 Bitcoin, quantity: 0.001212","9176e41a-eb18-4c3c-89d3-64e19474e6c9","","","",""
"2022-12-05T14:57:09.894863Z","2022-12-05","DEFAULT","CASH","CARD_TRANSACTION","","ALDI SUED","","","","-31.720000","","","EUR","","","","TR Card Transaction","64332736-d85f-424f-9a25-2a9d0f66612a","","","","5411"
"2022-12-11T06:15:53.848450Z","2022-12-11","DEFAULT","CASH","CARD_TRANSACTION","","Netflix.com","","","","-13.990000","","","EUR","","","","TR Card Transaction","72789625-3f08-4cbf-a2ab-b4f0534b53cc","","","","4899"
"2022-12-11T09:54:12.460438Z","2022-12-11","DEFAULT","CASH","CARD_TRANSACTION","","HEAG mobilo GmbH","","","","-6.700000","","","EUR","","","","TR Card Transaction","fcac1fbe-76ee-4bb3-80f4-06fece9ee6c7","","","","4111"
"2022-12-12T13:09:48.790109Z","2022-12-12","DEFAULT","CASH","CARD_TRANSACTION","","Netflix.com","","","","-13.990000","","","EUR","","","","TR Card Transaction","7ec76445-df32-48bc-ad52-76ecaea4b62c","","","","4899"
"2022-12-13T17:01:28.152656Z","2022-12-13","DEFAULT","CASH","CARD_TRANSACTION","","Shell Tankstelle","","","","-68.070000","","","EUR","","","","TR Card Transaction","4c181541-3f90-4476-8d1d-9936b8d9c3dc","","","","5541"
"2022-12-14T18:49:10.455157Z","2022-12-14","DEFAULT","TRADING","BUY","CRYPTO","Bitcoin","BTC","0.0077240000","19420.5333","-150.00","-1.00","","EUR","","","","Buy trade XF000BTC0017 Bitcoin, quantity: 0.007724","6052e817-9735-4e06-b9af-0bee4393a42a","","","",""
"2022-12-15T06:52:17.943937Z","2022-12-15","DEFAULT","CASH","DIVIDEND","STOCK","Coca-Cola","US1912161007","3.5789440000","","1.690000","","-0.45","EUR","1.92","USD","0.878406","Cash Dividend for ISIN US1912161007","500e2d69-191a-40e7-a433-427d217a9508","","","",""
"2022-12-15T10:44:25.467863Z","2022-12-15","DEFAULT","CASH","DIVIDEND","FUND","FTSE All-World USD (Dist)","IE00B3RBWM25","22.9793620000","","10.080000","","-2.66","EUR","11.58","USD","0.870777","Cash Dividend for ISIN IE00B3RBWM25","5a968df5-f8fe-46bf-8bd6-f4a9d356f18e","","","",""
"2022-12-15T15:26:25.928810Z","2022-12-15","DEFAULT","CASH","DIVIDEND","STOCK","Microsoft","US5949181045","5.6992040000","","4.180000","","-1.10","EUR","4.79","USD","0.872853","Cash Dividend for ISIN US5949181045","70c49b2e-b3c7-4f1e-8f22-b50c0363e71c","","","",""
"2022-12-15T15:46:47.328933Z","2022-12-15","DEFAULT","CASH","DIVIDEND","STOCK","Alphabet (A)","US02079K3059","10.1060770000","","1.970000","","-0.52","EUR","2.26","USD","0.873839","Cash Dividend for ISIN US02079K3059","6f1505f1-a877-47a5-a24a-1bda24e58954","","","",""
"2022-12-21T09:46:03.882464Z","2022-12-21","DEFAULT","CASH","CARD_TRANSACTION","","DB Vertrieb GmbH","","","","-46.050000","","","EUR","","","","TR Card Transaction","8518ec69-fc08-43b8-bf9e-d26d70ee3efc","","","","4112"
"2022-12-22T15:36:47.005466Z","2022-12-22","DEFAULT","TRADING","BUY","STOCK","Amazon","US0231351067","1.9645540000","101.8043","-200.00","-1.00","","EUR","","","","Buy trade US0231351067 AMAZON.COM INC. DL-,01, quantity: 1.964554","ceb4eb48-9558-468c-bd47-4a3135c285aa","","","",""
"2022-12-24T10:45:24.544909Z","2022-12-24","DEFAULT","CASH","CARD_TRANSACTION","","Amazon.de","","","","-29.540000","","","EUR","","","","TR Card Transaction","af37fd54-4270-4082-a55e-e948722d033a","","","","5942"
"2022-12-27T18:37:35.544153Z","2022-12-27","DEFAULT","CASH","CARD_TRANSACTION","","Lidl sagt Danke","","","","-14.820000","","","EUR","","","","TR Card Transaction","07423676-f0cc-4cb2-a25c-f485b66afcfe","","","","5411"
"2022-12-31T17:58:07.630823Z","2022-12-31","DEFAULT","CASH","CARD_TRANSACTION","","ALDI SUED","","","","-30.870000","","","EUR","","","","TR Card Transaction","858795cc-0a23-43e2-8cb1-5df786770735","","","","5411"
"2023-01-01T01:23:19.392649Z","2023-01-01","DEFAULT","CASH","INTEREST_PAYMENT","","","","","","15.020000","","0.00","EUR","","","","Interest payment Booking","d0238cc1-fa34-412f-9aaa-cc38c2eda8ea","","","",""
"2023-01-01T07:33:09.123461Z","2023-01-01","DEFAULT","CASH","CUSTOMER_INPAYMENT","","","","","","400.000000","","","EUR","","","","Direct Debit Top up with DE89370400440532013000","36a90382-362d-46f2-b94b-efc5952fa58c","","","",""
"2023-01-01T21:01:50.149809Z","2023-01-01","DEFAULT","CASH","TAX_OPTIMIZATION","","","","","","0.000000","","5.25","EUR","","","","Tax Optimisation","0f506330-3284-4dce-b961-28b679696d1e","","","",""
"2023-01-02T06:07:35.365584Z","2023-01-02","DEFAULT","TRADING","BUY","FUND","Core S&P 500 USD (Acc)","IE00B5BMR087","0.0981350000","509.5026","-50.00","","","EUR","","","","Savings plan execution IE00B5BMR087 iShares VII plc - iShares Core S&P 500 UCITS ETF USD (Acc), quantity: 0.098135","aadfacf4-04c5-4a06-a2d9-36c0547bff02","","","",""
"2023-01-02T08:55:02.437859Z","2023-01-02","DEFAULT","TRADING","BUY","STOCK","Apple","US0378331005","0.2866300000","87.2204","-25.00","","","EUR","","","","Savings plan execution US0378331005 APPLE INC., quantity: 0.286630","b5f56a15-62ff-4e5b-8e0a-0b74936e8b0d","","","",""
"2023-01-02T11:52:47.512537Z","2023-01-02","DEFAULT","TRADING","BUY","FUND","FTSE All-World USD (Dist)","IE00B3RBWM25","0.6152050000","81.2738","-50.00","","","EUR","","","","Savings plan execution IE00B3RBWM25 Vanguard FTSE All-World UCITS ETF (USD) Distributing, quantity: 0.615205","98d9c37a-e4c1-491a-af28-8d1303a5115f","","","",""
"2023-01-02T15:56:18.226053Z","2023-01-02","DEFAULT","TRADING","BUY","FUND","Core MSCI World USD (Acc)","IE00B4L5Y983","1.9542170000","51.1714","-100.00","","","EUR","","","","Savings plan execution IE00B4L5Y983 iShares III plc - iShares Core MSCI World UCITS ETF USD (Acc), quantity: 1.954217","175149c7-b85c-4c07-b37a-d58a8d542a17","","","",""
"2023-01-02T18:30:53.755009Z","2023-01-02","DEFAULT","TRADING","BUY","CRYPTO","Ethereum","ETH","0.0375530000","532.5766","-20.00","","","EUR","","","","Savings plan execution XF000ETH0019 Ethereum, quantity: 0.037553","f39e61d1-8dfc-4485-823d-fb4e6c80ad93","","","",""
"2023-01-02T20:48:28.699631Z","2023-01-02","DEFAULT","CASH","CARD_TRANSACTION","","DM-Drogerie Markt","","","","-16.130000","","","EUR","","","","TR Card Transaction","53f70176-f9e8-43c9-aacb-ad86f9ea155d","","","","5912"
"2023-01-02T20:57:21.819304Z","2023-01-02","DEFAULT","TRADING","BUY","CRYPTO","Bitcoin","BTC","0.0011390000","21947.6549","-25.00","","","EUR","","","","Savings plan execution XF000BTC0017 Bitcoin, quantity: 0.001139","91a1b73f-ab18-4b6c-94d3-92c4ffa9adae","","","",""
"2023-01-02T21:36:19.593246Z","2023-01-02","DEFAULT","TRADING","BUY","STOCK","Microsoft","US5949181045","0.0837420000","298.5353","-25.00","","","EUR","","","","Savings plan execution US5949181045 MICROSOFT  DL-,00000625, quantity: 0.083742","c8d974de-b71f-41b7-b7ae-e07daf6f8709","","","",""
"2023-01-13T11:16:49.093982Z","2023-01-13","DEFAULT","CASH","CARD_TRANSACTION","","Rossmann","","","","-8.560000","","","EUR","","","","TR Card Transaction","b74774bd-d473-4cfb-95c2-d978463dc21b","","","","5912"
"2023-01-15T15:24:06.335587Z","2023-01-15","DEFAULT","CASH","DIVIDEND","STOCK","NVIDIA","US67066G1040","33.9444130000","","0.350000","","-0.09","EUR","0.40","USD","0.879485","Cash Dividend for ISIN US67066G1040","d26873ae-5b56-43aa-a18a-96d2ab8889bd","","","",""
"2023-01-16T13:31:32.788938Z","2023-01-16","DEFAULT","CASH","CARD_TRANSACTION","","ALDI SUED","","","","-11.290000","","","EUR","","","","TR Card Transaction","fb0fcc25-d9ff-49ea-8468-a81acb4fcf66","","","","5411"
"2023-01-18T09:15:48.581652Z","2023-01-18","DEFAULT","CASH","CARD_TRANSACTION","","Apotheke am Markt","","","","-24.230000","","","EUR","","","","TR Card Transaction","96043c9f-cf10-4c2c-a3b8-48841bc5a348","","","","5912"
"2023-01-18T19:28:05.887386Z","2023-01-18","DEFAULT","CASH","CARD_TRANSACTION","","DM-Drogerie Markt","","","","-10.530000","","","EUR","","","","TR Card Transaction","2bf3d8d8-acd1-4ec0-902e-5a0d05b9b513","","","","5912"
"2023-01-20T15:41:10.000569Z","2023-01-20","DEFAULT","CASH","CARD_TRANSACTION","","REWE Darmstadt","","","","-37.130000","","","EUR","","","","TR Card Transaction","9157ce87-93bc-47f6-a4a4-15b301957dd2","","","","5411"
"2023-01-21T15:02:10.775089Z","2023-01-21","DEFAULT","CASH","CARD_TRANSACTION","","MCDONALDS 01271","","","","-10.850000","","","EUR","","","","TR Card Transaction","2137dd74-5961-4825-9388-c8c08bd5ef54","","","","5814"
"2023-01-21T18:22:53.662917Z","2023-01-21","DEFAULT","CASH","CARD_TRANSACTION","","Pizzeria Da Mario","","","","-31.310000","","","EUR","","","","TR Card Transaction","226886ef-c5a8-4664-b94e-2de0d92be9dc","","","","5812"
"2023-01-22T14:56:27.221092Z","2023-01-22","DEFAULT","CASH","CARD_TRANSACTION","","Netto Marken-Discount","","","","-21.100000","","","EUR","","","","TR Card Transaction","deefde9e-39f2-46e3-818d-7a1edf661822","","","","5411"
"2023-01-23T20:17:15.694447Z","2023-01-23","DEFAULT","CASH","CARD_TRANSACTION","","Pizzeria Da Mario","","","","-34.530000","","","EUR","","","","TR Card Transaction","3bb1ba4f-f59f-468a-bb9c-523c5ea459ff","","","","5812"
"2023-01-24T06:38:30.004487Z","2023-01-24","DEFAULT","TRADING","SELL","CRYPTO","Cardano","ADA","-620.0034580000","0.3807","236.05","-1.00","","EUR","","","","Sell trade XF000ADA0010 Cardano, quantity: 620.003458","91553375-fbe1-425a-83e9-c12df650538e","","","",""
"2023-01-25T08:34:01.935929Z","2023-01-25","DEFAULT","CASH","CARD_TRANSACTION","","Spotify","","","","-10.990000","","","EUR","","","","TR Card Transaction","948ef53a-4556-4c25-89da-a04e097d857c","","","","5815"
"2023-01-26T06:07:29.388477Z","2023-01-26","DEFAULT","CASH","CARD_TRANSACTION","","Amazon.de","","","","-35.850000","","","EUR","","","","TR Card Transaction","2fb6e54a-0594-4f67-b21b-6e1019d87c97","","","","5942"
"2023-01-27T17:12:05.855932Z","2023-01-27","DEFAULT","TRADING","BUY","STOCK","Coca-Cola","US1912161007","5.3715780000","55.8495","-300.00","-1.00","","EUR","","","","Buy trade US1912161007 COCA-COLA CO.   DL-,25, quantity: 5.371578","2cba9807-a1aa-4c9c-845e-1c507fb3527e","","","",""
"2023-01-29T18:07:55.290819Z","2023-01-29","DEFAULT","CASH","CARD_TRANSACTION","","MCDONALDS 01271","","","","-5.070000","","","EUR","","","","TR Card Transaction","6aeef662-e96c-42c3-8169-8eec4989f324","","","","5814"
"2023-01-30T10:47:04.133620Z","2023-01-30","DEFAULT","CASH","CARD_TRANSACTION","","MediaMarkt","","","","-47.470000","","","EUR","","","","TR Card Transaction","b8d8bf84-17d6-49cb-887a-80054d305c05","","","","5732"
"2023-02-01T01:29:00.983449Z","2023-02-01","DEFAULT","CASH","INTEREST_PAYMENT","","","","","","14.770000","","0.00","EUR","","","","Interest payment Booking","277cbbad-1834-4b25-a763-46f7fbe5aa74","","","",""
"2023-02-01T14:43:35.925999Z","2023-02-01","DEFAULT","CASH","CUSTOMER_INPAYMENT","","","","","","500.000000","","","EUR","","","","Direct Debit Top up with DE89370400440532013000","7daa7191-90b2-4226-953e-72c532209aac","","","",""
"2023-02-01T16:27:54.426640Z","2023-02-01","DEFAULT","CASH","CARD_TRANSACTION","","ALDI SUED","","","","-34.740000","","","EUR","","","","TR Card Transaction","b1907469-d49e-4027-bbe6-5db49a6c98fa","","","","5411"
"2023-02-02T06:25:12.350964Z","2023-02-02","DEFAULT","TRADING","BUY","STOCK","Apple","US0378331005","0.2588480000","96.5819","-25.00","","","EUR","","","","Savings plan execution US0378331005 APPLE INC., quantity: 0.258848","4c8e77a6-02bf-4479-bd9b-d795bb76e484","","","",""
"2023-02-02T06:47:14.723044Z","2023-02-02","DEFAULT","TRADING","BUY","CRYPTO","Bitcoin","BTC","0.0012420000","20124.5755","-24.99","","","EUR","","","","Savings plan execution XF000BTC0017 Bitcoin, quantity: 0.001242","07a9b7ea-6292-4f28-bdd2-63a91cd705b6","","","",""
"2023-02-02T08:56:36.846906Z","2023-02-02","DEFAULT","TRADING","BUY","STOCK","Microsoft","US5949181045","0.0996950000","250.7652","-25.00","","","EUR","","","","Savings plan execution US5949181045 MICROSOFT  DL-,00000625, quantity: 0.099695","778c896a-e175-421a-a3ad-ef4876f612eb","","","",""
"2023-02-02T13:03:17.963003Z","2023-02-02","DEFAULT","TRADING","BUY","FUND","FTSE All-World USD (Dist)","IE00B3RBWM25","0.6033270000","82.8738","-50.00","","","EUR","","","","Savings plan execution IE00B3RBWM25 Vanguard FTSE All-World UCITS ETF (USD) Distributing, quantity: 0.603327","4637006f-2ab7-40b9-93c4-37fd6ddcfb2f","","","",""
"2023-02-02T17:33:48.045576Z","2023-02-02","DEFAULT","TRADING","BUY","FUND","Core MSCI World USD (Acc)","IE00B4L5Y983","2.0659740000","48.4033","-100.00","","","EUR","","","","Savings plan execution IE00B4L5Y983 iShares III plc - iShares Core MSCI World UCITS ETF USD (Acc), quantity: 2.065974","fc731a8f-f9df-4942-820a-3465ab9fcbf5","","","",""
"2023-02-02T19:04:58.262127Z","2023-02-02","DEFAULT","TRADING","BUY","CRYPTO","Ethereum","ETH","0.0319420000","626.1416","-20.00","","","EUR","","","","Savings plan execution XF000ETH0019 Ethereum, quantity: 0.031942","cd147d5a-a52d-43a8-abcc-757fc6ff32aa","","","",""
"2023-02-02T19:34:28.331603Z","2023-02-02","DEFAULT","TRADING","BUY","FUND","Core S&P 500 USD (Acc)","IE00B5BMR087","0.1059390000","471.9697","-50.00","","","EUR","","","","Savings plan execution IE00B5BMR087 iShares VII plc - iShares Core S&P 500 UCITS ETF USD (Acc), quantity: 0.105939","15ae1d76-ec23-48be-ad24-0ecd6a761a88","","","",""
"2023-02-03T13:06:30.249937Z","2023-02-03","DEFAULT","CASH","CARD_TRANSACTION","","HEAG mobilo GmbH","","","","-6.800000","","","EUR","","","","TR Card Transaction","5200cab8-8ab1-4548-acd7-fe8fa7ab979e","","","","4111"
"2023-02-04T08:49:38.649662Z","2023-02-04","DEFAULT","CASH","CARD_TRANSACTION","","Kino Darmstadt","","","","-12.970000","","","EUR","","","","TR Card Transaction","b68c3341-a59d-408f-9491-f1a4d99c2ffa","","","","7832"
"2023-02-06T07:58:51.463385Z","2023-02-06","DEFAULT","CASH","CARD_TRANSACTION","","Lidl sagt Danke","","","","-28.040000","","","EUR","","","","TR Card Transaction","cca42288-d5d5-4337-b074-1f2100da5dbd","","","","5411"
"2023-02-09T09:21:41.983128Z","2023-02-09","DEFAULT","CASH","CARD_TRANSACTION","","Netflix.com","","","","-13.990000","","","EUR","","","","TR Card Transaction","e6f4cb59-63eb-45c3-8fd0-5b264ce3d57f","","","","4899"
"2023-02-09T16:37:12.113253Z","2023-02-09","DEFAULT","CASH","CARD_TRANSACTION","","REWE Darmstadt","","","","-22.070000","","","EUR","","","","TR Card Transaction","6d73bf00-4a57-4a7d-9777-e6ad01c61bb2","","","","5411"
"2023-02-13T10:09:30.323668Z","2023-02-13","DEFAULT","CASH","CARD_TRANSACTION","","Amazon.de","","","","-30.410000","","","EUR","","","","TR Card Transaction","78b25cac-b1ed-419a-aec2-dc64ebb7b8e3","","","","5942"
"2023-02-14T07:27:22.204899Z","2023-02-14","DEFAULT","CASH","CARD_TRANSACTION","","DM-Drogerie Markt","","","","-3.600000","","","EUR","","","","TR Card Transaction","8abb7e2c-0f53-49da-ad9a-db95ae128291","","","","5912"
"2023-02-15T16:39:19.439033Z","2023-02-15","DEFAULT","CASH","DIVIDEND","STOCK","Apple","US0378331005","18.8125390000","","4.670000","","-1.23","EUR","5.33","USD","0.877109","Cash Dividend for ISIN US0378331005","2bd44e2d-d074-4912-8498-4b43857f3410","","","",""
"2023-02-15T21:44:44.490106Z","2023-02-15","DEFAULT","TRADING","BUY","STOCK","Allianz","DE0008404005","1.1341700000","264.5106","-300.00","-1.00","","EUR","","","","Buy trade DE0008404005 ALLIANZ SE NA O.N., quantity: 1.134170","e2d6c3fa-20e2-40aa-bf79-35d0ebd1f893","","","",""
"2023-02-19T08:22:01.581636Z","2023-02-19","DEFAULT","CASH","CARD_TRANSACTION","","REWE Darmstadt","","","","-18.240000","","","EUR","","","","TR Card Transaction","50fdd207-0d2a-4c9a-9911-5e97ff5c0a7b","","","","5411"
"2023-02-22T06:53:43.143910Z","2023-02-22","DEFAULT","CASH","CARD_TRANSACTION","","Pizzeria Da Mario","","","","-32.940000","","","EUR","","","","TR Card Transaction","9661f7b9-3024-4994-8b2a-1873765ed58c","","","","5812"
"2023-02-22T09:21:59.220449Z","2023-02-22","DEFAULT","CASH","CARD_TRANSACTION","","Spotify","","","","-10.990000","","","EUR","","","","TR Card Transaction","33f3eaf4-9078-4038-826f-03d2699b6c8a","","","","5815"
"2023-02-23T08:07:09.925602Z","2023-02-23","DEFAULT","CASH","CARD_TRANSACTION","","Netflix.com","","","","-13.990000","","","EUR","","","","TR Card Transaction","c4920746-12b0-45d6-8042-451e331d4a20","","","","4899"
"2023-02-25T12:54:34.308472Z","2023-02-25","DEFAULT","CASH","CARD_TRANSACTION","","ALDI SUED","","","","-31.470000","","","EUR","","","","TR Card Transaction","c5579d6b-5417-4b9e-b6b4-fc0ad7b96914","","","","5411"
"2023-02-26T21:13:46.085362Z","2023-02-26","DEFAULT","CASH","CARD_TRANSACTION","","Pizzeria Da Mario","","","","-32.080000","","","EUR","","","","TR Card Transaction","8f07ed62-c440-4f9e-a5b1-2aeb060c94e9","","","","5812"
"2023-03-01T01:40:58.829029Z","2023-03-01","DEFAULT","CASH","INTEREST_PAYMENT","","","","","","13.980000","","0.00","EUR","","","","Interest payment Booking","2dd7c59c-e55e-41f2-9af8-c8c228b6fce9","","","",""
"2023-03-01T21:17:37.420422Z","2023-03-01","DEFAULT","CASH","CUSTOMER_INPAYMENT","","","","","","400.000000","","","EUR","","","","Direct Debit Top up with DE89370400440532013000","cc9e2ca2-122b-4b06-957c-ecc62995582b","","","",""
"2023-03-02T07:29:32.651297Z","2023-03-02","DEFAULT","TRADING","BUY","CRYPTO","Bitcoin","BTC","0.0018380000","13598.1812","-24.99","","","EUR","","","","Savings plan execution XF000BTC0017 Bitcoin, quantity: 0.001838","240e5cdc-49e7-4893-9ab9-b061a5b143e1","","","",""
"2023-03-02T10:48:05.309380Z","2023-03-02","DEFAULT","TRADING","BUY","STOCK","Apple","US0378331005","0.2481460000","100.7471","-25.00","","","EUR","","","","Savings plan execution US0378331005 APPLE INC., quantity: 0.248146","5b7c61a6-a903-49c3-b2ed-64358cf5978b","","","",""
"2023-03-02T16:27:28.490262Z","2023-03-02","DEFAULT","TRADING","BUY","CRYPTO","Ethereum","ETH","0.0316320000","632.2807","-20.00","","","EUR","","","","Savings plan execution XF000ETH0019 Ethereum, quantity: 0.031632","608fb87c-a955-47bf-b993-88565aa791d0","","","",""
"2023-03-02T17:16:35.088876Z","2023-03-02","DEFAULT","TRADING","BUY","FUND","Core S&P 500 USD (Acc)","IE00B5BMR087","0.1005310000","497.3581","-50.00","","","EUR","","","","Savings plan execution IE00B5BMR087 iShares VII plc - iShares Core S&P 500 UCITS ETF USD (Acc), quantity: 0.100531","1a49811e-31b3-4587-bb2d-0675d4addd68","","","",""
"2023-03-02T18:13:19.445668Z","2023-03-02","DEFAULT","TRADING","BUY","FUND","Core MSCI World USD (Acc)","IE00B4L5Y983","1.9624190000","50.9575","-100.00","","","EUR","","","","Savings plan execution IE00B4L5Y983 iShares III plc - iShares Core MSCI World UCITS ETF USD (Acc), quantity: 1.962419","fc496ef9-f186-4d44-9875-55aa90b9f5f2","","","",""
"2023-03-02T18:36:10.980941Z","2023-03-02","DEFAULT","TRADING","BUY","FUND","FTSE All-World USD (Dist)","IE00B3RBWM25","0.6496960000","76.9591","-50.00","","","EUR","","","","Savings plan execution IE00B3RBWM25 Vanguard FTSE All-World UCITS ETF (USD) Distributing, quantity: 0.649696","7e5f02a8-2864-4ed6-9d4b-7186a0dcb31d","","","",""
"2023-03-02T20:33:22.241358Z","2023-03-02","DEFAULT","TRADING","BUY","STOCK","Microsoft","US5949181045","0.1017850000","245.6157","-25.00","","","EUR","","","","Savings plan execution US5949181045 MICROSOFT  DL-,00000625, quantity: 0.101785","6c7ad4f8-8e04-4309-9cbb-7be057de097d","","","",""
"2023-03-03T08:18:53.526138Z","2023-03-03","DEFAULT","CASH","CARD_TRANSACTION","","Lidl sagt Danke","","","","-14.490000","","","EUR","","","","TR Card Transaction","7cae7ea8-d28f-4084-82ae-f9ab642ce12a","","","","5411"
"2023-03-03T08:50:17.971616Z","2023-03-03","DEFAULT","CASH","CARD_TRANSACTION","","Kino Darmstadt","","","","-11.730000","","","EUR","","","","TR Card Transaction","180539c0-9b50-42ee-b9cf-6843f3bd6156","","","","7832"
"2023-03-04T12:43:21.262168Z","2023-03-04","DEFAULT","CASH","CARD_TRANSACTION","","Apotheke am Markt","","","","-8.210000","","","EUR","","","","TR Card Transaction","8b847b5d-e557-4d9f-a940-401574785f2b","","","","5912"
"2023-03-08T10:55:25.238633Z","2023-03-08","DEFAULT","CASH","CARD_TRANSACTION","","Zalando SE","","","","-65.790000","","","EUR","","","","TR Card Transaction","8ad2b683-d099-45e2-b228-af0322ca293c","","","","5691"
"2023-03-08T12:30:14.540882Z","2023-03-08","DEFAULT","CASH","CARD_TRANSACTION","","Starbucks Darmstadt","","","","-7.620000","","","EUR","","","","TR Card Transaction","14ec6ada-880e-4477-b19c-5a33af8f496b","","","","5814"
"2023-03-10T06:23:08.605561Z","2023-03-10","DEFAULT","CASH","CARD_TRANSACTION","","Shell Tankstelle","","","","-48.000000","","","EUR","","","","TR Card Transaction","d1ef1f0d-93bf-44cf-b225-d427e64e4f31","","","","5541"
"2023-03-12T18:48:49.724061Z","2023-03-12","DEFAULT","CASH","CARD_TRANSACTION","","Starbucks Darmstadt","","","","-6.100000","","","EUR","","","","TR Card Transaction","c01a0004-3548-4b17-8a9f-b9c8431ea7f8","","","","5814"
"2023-03-15T11:02:52.722494Z","2023-03-15","DEFAULT","CASH","CARD_TRANSACTION","","Lidl sagt Danke","","","","-8.490000","","","EUR","","","","TR Card Transaction","188d4898-b15b-4df5-a90f-401310f7a7fd","","","","5411"
"2023-03-15T12:30:06.344815Z","2023-03-15","DEFAULT","CASH","DIVIDEND","STOCK","Microsoft","US5949181045","5.9844260000","","4.700000","","-1.24","EUR","5.30","USD","0.886138","Cash Dividend for ISIN US5949181045","1b73da53-bd67-4b1e-9a79-b2907451c83c","","","",""
"2023-03-15T20:40:57.319443Z","2023-03-15","DEFAULT","CASH","DIVIDEND","FUND","FTSE All-World USD (Dist)","IE00B3RBWM25","24.8475900000","","11.700000","","-3.09","EUR","13.19","USD","0.886839","Cash Dividend for ISIN IE00B3RBWM25","fe9d3cb6-38bc-4a07-b6d1-7e749d91a05c","","","",""
"2023-03-17T19:25:10.116123Z","2023-03-17","DEFAULT","CASH","TRANSFER_INSTANT_OUTBOUND","","","","","","-150.000000","","","EUR","","","","Outgoing transfer for Max Mustermann","10672fd5-797b-4688-90b0-ddfc917a5692","","","",""
"2023-03-20T15:37:12.526883Z","2023-03-20","DEFAULT","CASH","CARD_TRANSACTION","","Rossmann","","","","-15.890000","","","EUR","","","","TR Card Transaction","699dcee0-24e1-4e0c-b343-f52971aafeea","","","","5912"
"2023-03-21T13:33:21.954521Z","2023-03-21","DEFAULT","CASH","CARD_TRANSACTION","","Spotify","","","","-10.990000","","","EUR","","","","TR Card Transaction","b2ac2640-f750-4136-8e18-c0d5b99e15b9","","","","5815"
"2023-03-22T20:22:44.883571Z","2023-03-22","DEFAULT","TRADING","BUY","STOCK","Alphabet (A)","US02079K3059","1.1131350000","134.7545","-150.00","-1.00","","EUR","","","","Buy trade US02079K3059 ALPHABET INC.CL.A DL-,001, quantity: 1.113135","17a04219-4f7e-4d77-9314-964900f0fcb1","","","",""
"2023-03-23T11:44:36.100174Z","2023-03-23","DEFAULT","CASH","CARD_TRANSACTION","","Netflix.com","","","","-13.990000","","","EUR","","","","TR Card Transaction","f5392f63-ce5e-417e-9cc2-a11750bde21c","","","","4899"
"2023-03-25T19:48:35.127119Z","2023-03-25","DEFAULT","CASH","CARD_TRANSACTION","","MCDONALDS 01271","","","","-14.090000","","","EUR","","","","TR Card Transaction","f28e3f89-1d64-482b-9be5-56ac89ea5b96","","","","5814"
"2023-03-29T10:20:42.785043Z","2023-03-29","DEFAULT","TRADING","BUY","STOCK","Amazon","US0231351067","3.0522580000","98.2879","-300.00","-1.00","","EUR","","","","Buy trade US0231351067 AMAZON.COM INC. DL-,01, quantity: 3.052258","5824068e-8e2f-4606-a7d4-50384cb6ca48","","","",""
"2023-03-30T11:10:53.018943Z","2023-03-30","DEFAULT","CASH","CARD_TRANSACTION","","Zalando SE","","","","-77.430000","","","EUR","","","","TR Card Transaction","3b7a9e06-9fc5-487e-baf4-a1961268da76","","","","5691"
"2023-04-01T01:02:57.707835Z","2023-04-01","DEFAULT","CASH","INTEREST_PAYMENT","","","","","","12.690000","","0.00","EUR","","","","Interest payment Booking","faba35a6-0390-42da-ab05-c5c353ad2540","","","",""
"2023-04-01T07:53:40.850931Z","2023-04-01","DEFAULT","CASH","CARD_TRANSACTION","","Apotheke am Markt","","","","-8.540000","","","EUR","","","","TR Card Transaction","48d7306a-d848-4f5a-a512-bc4ee20c5362","","","","5912"
"2023-04-01T17:11:13.749115Z","2023-04-01","DEFAULT","CASH","CUSTOMER_INPAYMENT","","","","","","400.000000","","","EUR","","","","Direct Debit Top up with DE89370400440532013000","abea2500-91af-4696-aa9a-d11f80c50d6d","","","",""
"2023-04-03T06:03:49.395727Z","2023-04-03","DEFAULT","TRADING","BUY","FUND","Core MSCI World USD (Acc)","IE00B4L5Y983","1.8255410000","54.7783","-100.00","","","EUR","","","","Savings plan execution IE00B4L5Y983 iShares III plc - iShares Core MSCI World UCITS ETF USD (Acc), quantity: 1.825541","02db7f7a-2cb1-45f2-ab9b-e0d9ead91086","","","",""
"2023-04-03T11:46:10.046150Z","2023-04-03","DEFAULT","TRADING","BUY","CRYPTO","Ethereum","ETH","0.0400290000","499.6316","-20.00","","","EUR","","","","Savings plan execution XF000ETH0019 Ethereum, quantity: 0.040029","ff7b68e9-3630-496f-9cbc-abf210789161","","","",""
"2023-04-03T12:43:42.066240Z","2023-04-03","DEFAULT","TRADING","BUY","STOCK","Microsoft","US5949181045","0.0895180000","279.2744","-25.00","","","EUR","","","","Savings plan execution US5949181045 MICROSOFT  DL-,00000625, quantity: 0.089518","8a94912c-e33c-4c89-aa88-f1ff360e1f43","","","",""
"2023-04-03T12:59:15.392843Z","2023-04-03","DEFAULT","TRADING","BUY","FUND","FTSE All-World USD (Dist)","IE00B3RBWM25","0.6507560000","76.8337","-50.00","","","EUR","","","","Savings plan execution IE00B3RBWM25 Vanguard FTSE All-World UCITS ETF (USD) Distributing, quantity: 0.650756","7ecdf715-9592-4a8c-906a-2486ee289c26","","","",""
"2023-04-03T13:12:05.016817Z","2023-04-03","DEFAULT","TRADING","BUY","FUND","Core S&P 500 USD (Acc)","IE00B5BMR087","0.0950700000","525.9271","-50.00","","","EUR","","","","Savings plan execution IE00B5BMR087 iShares VII plc - iShares Core S&P 500 UCITS ETF USD (Acc), quantity: 0.095070","23756e0c-1fe2-49f9-b808-b8a6a432cacf","","","",""
"2023-04-03T13:56:06.835635Z","2023-04-03","DEFAULT","TRADING","BUY","CRYPTO","Bitcoin","BTC","0.0021880000","11424.4829","-25.00","","","EUR","","","","Savings plan execution XF000BTC0017 Bitcoin, quantity: 0.002188","3a5655e3-f825-4f57-b97e-8fd523f27d1f","","","",""
"2023-04-03T19:01:00.353492Z","2023-04-03","DEFAULT","TRADING","BUY","STOCK","Apple","US0378331005","0.2406110000","103.9023","-25.00","","","EUR","","","","Savings plan execution US0378331005 APPLE INC., quantity: 0.240611","03a82d01-1115-45b1-b907-0c6b4970a9e8","","","",""
"2023-04-07T11:16:06.629006Z","2023-04-07","DEFAULT","CASH","CARD_TRANSACTION","","Netto Marken-Discount","","","","-18.390000","","","EUR","","","","TR Card Transaction","ac374e4c-385b-426d-853d-cd7415b9be2f","","","","5411"
"2023-04-07T15:49:38.523843Z","2023-04-07","DEFAULT","TRADING","BUY","STOCK","Allianz","DE0008404005","0.6839460000","292.4209","-200.00","-1.00","","EUR","","","","Buy trade DE0008404005 ALLIANZ SE NA O.N., quantity: 0.683946","c395cf1d-85f9-43c8-b838-ded10cacc10b","","","",""
"2023-04-08T16:54:42.505550Z","2023-04-08","DEFAULT","CASH","CARD_TRANSACTION","","DM-Drogerie Markt","","","","-11.300000","","","EUR","","","","TR Card Transaction","a3637b1f-cf4d-4767-9166-c15ddb2bfb01","","","","5912"
"2023-04-13T16:08:17.332963Z","2023-04-13","DEFAULT","CASH","CARD_TRANSACTION","","Shell Tankstelle","","","","-59.570000","","","EUR","","","","TR Card Transaction","7c4342df-d2ed-47de-8475-9bd1d91179e3","","","","5541"
"2023-04-13T19:41:52.302467Z","2023-04-13","DEFAULT","CASH","CARD_TRANSACTION","","ALDI SUED","","","","-22.750000","","","EUR","","","","TR Card Transaction","658dab4e-54d9-456a-a6a7-b1cdd5a6d850","","","","5411"
"2023-04-15T11:28:40.006336Z","2023-04-15","DEFAULT","CASH","DIVIDEND","STOCK","Coca-Cola","US1912161007","8.9505220000","","4.520000","","-1.19","EUR","5.07","USD","0.891568","Cash Dividend for ISIN US1912161007","4d8fb9fa-33ce-4031-8f17-3f341de18067","","","",""
"2023-04-15T13:38:55.400016Z","2023-04-15","DEFAULT","CASH","DIVIDEND","STOCK","NVIDIA","US67066G1040","33.9444130000","","0.360000","","-0.09","EUR","0.40","USD","0.897167","Cash Dividend for ISIN US67066G1040","58925dcd-fa48-42b9-9c02-67cefcabe7d9","","","",""
"2023-04-16T10:13:08.096216Z","2023-04-16","DEFAULT","CASH","CARD_TRANSACTION","","ALDI SUED","","","","-26.840000","","","EUR","","","","TR Card Transaction","66f3c658-a698-47bd-942d-8967e0cdbe3e","","","","5411"
"2023-04-21T18:27:54.087275Z","2023-04-21","DEFAULT","CASH","CARD_TRANSACTION","","Zalando SE","","","","-21.390000","","","EUR","","","","TR Card Transaction","d8efba5c-1aed-4d3c-bc0c-fba94da97ba2","","","","5691"
"2023-04-23T15:24:35.635463Z","2023-04-23","DEFAULT","CASH","CARD_TRANSACTION","","Shell Tankstelle","","","","-42.230000","","","EUR","","","","TR Card Transaction","38db3fac-0d7b-47c7-b8a9-5637be424d63","","","","5541"
"2023-04-24T17:31:25.970657Z","2023-04-24","DEFAULT","CASH","CARD_TRANSACTION","","REWE Darmstadt","","","","-3.540000","","","EUR","","","","TR Card Transaction","eb3be35e-78a4-40ef-b1b7-491a97754c43","","","","5411"
"2023-05-01T01:43:09.266640Z","2023-05-01","DEFAULT","CASH","INTEREST_PAYMENT","","","","","","12.370000","","0.00","EUR","","","","Interest payment Booking","902cbf89-5f7b-43eb-845a-04dd9eb67def","","","",""
"2023-05-01T08:41:45.961421Z","2023-05-01","DEFAULT","CASH","CARD_TRANSACTION","","Rossmann","","","","-2.280000","","","EUR","","","","TR Card Transaction","105448a9-8d39-4c45-bffe-e8697b670d6b","","","","5912"
"2023-05-01T10:16:38.477595Z","2023-05-01","DEFAULT","CASH","CUSTOMER_INPAYMENT","","","","","","500.000000","","","EUR","","","","Direct Debit Top up with DE89370400440532013000","35d28efa-d8a7-4262-9c19-7374909b20bf","","","",""
"2023-05-02T08:06:40.600426Z","2023-05-02","DEFAULT","TRADING","BUY","CRYPTO","Bitcoin","BTC","0.0019000000","13160.0013","-25.00","","","EUR","","","","Savings plan execution XF000BTC0017 Bitcoin, quantity: 0.001900","4003b33c-73e0-4685-be08-43c455514e54","","","",""
"2023-05-02T08:33:58.197995Z","2023-05-02","DEFAULT","TRADING","BUY","FUND","Core MSCI World USD (Acc)","IE00B4L5Y983","1.7980870000","55.6146","-100.00","","","EUR","","","","Savings plan execution IE00B4L5Y983 iShares III plc - iShares Core MSCI World UCITS ETF USD (Acc), quantity: 1.798087","383f17bf-2ea6-4298-98d8-1cd877d7987d","","","",""
"2023-05-02T14:44:19.524966Z","2023-05-02","DEFAULT","TRADING","BUY","FUND","Core S&P 500 USD (Acc)","IE00B5BMR087","0.0914470000","546.7641","-50.00","","","EUR","","","","Savings plan execution IE00B5BMR087 iShares VII plc - iShares Core S&P 500 UCITS ETF USD (Acc), quantity: 0.091447","b47160ad-17ec-44e1-b1dc-2e9d0d81bf7a","","","",""
"2023-05-02T17:52:09.282089Z","2023-05-02","DEFAULT","TRADING","BUY","CRYPTO","Ethereum","ETH","0.0254280000","786.5384","-20.00","","","EUR","","","","Savings plan execution XF000ETH0019 Ethereum, quantity: 0.025428","3fdb7b34-6d2a-4655-84d5-a2939735a9e7","","","",""
"2023-05-02T18:37:19.769584Z","2023-05-02","DEFAULT","TRADING","BUY","STOCK","Apple","US0378331005","0.2045140000","122.2408","-25.00","","","EUR","","","","Savings plan execution US0378331005 APPLE INC., quantity: 0.204514","cafff32e-f21e-49d0-bde1-09d0660b51f7","","","",""
"2023-05-02T19:10:53.447607Z","2023-05-02","DEFAULT","TRADING","BUY","FUND","FTSE All-World USD (Dist)","IE00B3RBWM25","0.6618670000","75.5439","-50.00","","","EUR","","","","Savings plan execution IE00B3RBWM25 Vanguard FTSE All-World UCITS ETF (USD) Distributing, quantity: 0.661867","c7f56193-a4a2-4444-b633-ded41bb4db47","","","",""
"2023-05-02T19:48:56.969220Z","2023-05-02","DEFAULT","TRADING","BUY","STOCK","Microsoft","US5949181045","0.0856720000","291.8092","-25.00","","","EUR","","","","Savings plan execution US5949181045 MICROSOFT  DL-,00000625, quantity: 0.085672","9ffc51da-4705-4305-8e4a-ab3e3ebf871e","","","",""
"2023-05-03T19:41:18.768650Z","2023-05-03","DEFAULT","TRADING","SELL","STOCK","Microsoft","US5949181045","-6.1596160000","297.9773","1835.43","-1.00","-132.98","EUR","","","","Sell trade US5949181045 MICROSOFT  DL-,00000625, quantity: 6.159616","af719d0f-fc6a-4cd8-941e-1374cd24212f","","","",""
"2023-05-04T20:36:52.222899Z","2023-05-04","DEFAULT","CASH","CARD_TRANSACTION","","Kino Darmstadt","","","","-13.740000","","","EUR","","","","TR Card Transaction","6f453d96-e938-4d92-9c25-91464f3ef6ae","","","","7832"
"2023-05-07T09:17:04.358772Z","2023-05-07","DEFAULT","CASH","CARD_TRANSACTION","","DB Vertrieb GmbH","","","","-13.370000","","","EUR","","","","TR Card Transaction","6d0bdf60-bfef-4035-b184-66c2294c6c21","","","","4112"
"2023-05-07T21:31:43.797477Z","2023-05-07","DEFAULT","CASH","CARD_TRANSACTION","","REWE Darmstadt","","","","-27.600000","","","EUR","","","","TR Card Transaction","7408beb2-e6ee-41b8-9e18-bff2405de575","","","","5411"
"2023-05-08T12:33:50.007614Z","2023-05-08","DEFAULT","TRADING","BUY","STOCK","Microsoft","US5949181045","0.1655360000","302.0486","-50.00","-1.00","","EUR","","","","Buy trade US5949181045 MICROSOFT  DL-,00000625, quantity: 0.165536","dfee88ea-e80e-4fa2-97db-e8fb541c4dd7","","","",""
"2023-05-08T14:59:31.496219Z","2023-05-08","DEFAULT","CASH","CARD_TRANSACTION","","Kino Darmstadt","","","","-13.930000","","","EUR","","","","TR Card Transaction","395a3d20-0660-4f94-ac41-4441d92e446a","","","","7832"
"2023-05-10T09:00:29.912828Z","2023-05-10","DEFAULT","CASH","CARD_TRANSACTION","","Amazon.de","","","","-70.860000","","","EUR","","","","TR Card Transaction","6771dc9c-2ce5-438f-a0fe-1a68ed7c31b2","","","","5942"
"2023-05-13T06:40:52.337833Z","2023-05-13","DEFAULT","CASH","CARD_TRANSACTION","","Netflix.com","","","","-13.990000","","","EUR","","","","TR Card Transaction","4361355c-32c0-444e-a2d2-1fbdd77bf79c","","","","4899"
"2023-05-15T08:22:27.984701Z","2023-05-15","DEFAULT","CASH","DIVIDEND","STOCK","Apple","US0378331005","19.5058100000","","4.960000","","-1.31","EUR","5.52","USD","0.899062","Cash Dividend for ISIN US0378331005","fbf82294-dbdc-46cb-8bba-b3132470394c","","","",""
"2023-05-15T09:46:24.308137Z","2023-05-15","DEFAULT","CASH","DIVIDEND","STOCK","SAP","DE0007164600","1.9073090000","","4.950000","","-1.31","EUR","","","","Cash Dividend for ISIN DE0007164600","444addb7-45e2-4370-b5ef-32674bb39c91","","","",""
"2023-05-15T21:42:54.733478Z","2023-05-15","DEFAULT","CASH","DIVIDEND","STOCK","Allianz","DE0008404005","3.8745760000","","54.860000","","-14.47","EUR","","","","Cash Dividend for ISIN DE0008404005","79cf8f20-ae07-4158-b5f4-f9bca32b210c","","","",""
"2023-05-18T13:15:13.178711Z","2023-05-18","DEFAULT","CASH","CARD_TRANSACTION","","Zalando SE","","","","-66.380000","","","EUR","","","","TR Card Transaction","4dd2eb4c-c6d9-445e-acec-a8e107362fc6","","","","5691"
"2023-05-20T14:42:30.997724Z","2023-05-20","DEFAULT","CASH","CARD_TRANSACTION","","Pizzeria Da Mario","","","","-17.070000","","","EUR","","","","TR Card Transaction","b116b1dd-4ba1-47d7-b4d0-89bca4d7425d","","","","5812"
"2023-05-23T19:51:14.234410Z","2023-05-23","DEFAULT","CASH","CARD_TRANSACTION","","Spotify","","","","-10.990000","","","EUR","","","","TR Card Transaction","1c368753-3e53-459a-83ea-e6e25586cd2e","","","","5815"
"2023-05-28T18:00:34.893766Z","2023-05-28","DEFAULT","CASH","CARD_TRANSACTION","","MediaMarkt","","","","-56.100000","","","EUR","","","","TR Card Transaction","94710eae-0327-4c5e-875b-6cb26ba176eb","","","","5732"
"2023-05-30T15:32:44.129461Z","2023-05-30","DEFAULT","CASH","CARD_TRANSACTION","","ALDI SUED","","","","-25.560000","","","EUR","","","","TR Card Transaction","03e895c2-36b8-4738-8954-f23d5f1dd02a","","","","5411"
"2023-05-31T18:03:51.349327Z","2023-05-31","DEFAULT","CASH","CARD_TRANSACTION","","DB Vertrieb GmbH","","","","-44.910000","","","EUR","","","","TR Card Transaction","63123c72-c410-47c0-a908-4b80864d8f4a","","","","4112"
"2023-06-01T01:11:54.511185Z","2023-06-01","DEFAULT","CASH","INTEREST_PAYMENT","","","","","","29.200000","","0.00","EUR","","","","Interest payment Booking","9231b9bc-af14-4433-9ab4-81736f383fdc","","","",""
"2023-06-01T07:59:55.813735Z","2023-06-01","DEFAULT","CASH","CUSTOMER_INPAYMENT","","","","","","300.000000","","","EUR","","","","Direct Debit Top up with DE89370400440532013000","77156c69-7e36-4108-af79-76c1e56314a9","","","",""
"2023-06-02T06:35:25.353800Z","2023-06-02","DEFAULT","TRADING","BUY","FUND","Core MSCI World USD (Acc)","IE00B4L5Y983","1.6798280000","59.5299","-100.00","","","EUR","","","","Savings plan execution IE00B4L5Y983 iShares III plc - iShares Core MSCI World UCITS ETF USD (Acc), quantity: 1.679828","114552e8-7d96-43d3-9533-48b487032962","","","",""
"2023-06-02T07:54:59.744056Z","2023-06-02","DEFAULT","TRADING","BUY","CRYPTO","Ethereum","ETH","0.0186750000","1070.9225","-20.00","","","EUR","","","","Savings plan execution XF000ETH0019 Ethereum, quantity: 0.018675","e5e9a7fb-9a67-480d-9df5-d50ad1c5c597","","","",""
"2023-06-02T12:44:54.574630Z","2023-06-02","DEFAULT","TRADING","BUY","STOCK","Microsoft","US5949181045","0.0805470000","310.3775","-25.00","","","EUR","","","","Savings plan execution US5949181045 MICROSOFT  DL-,00000625, quantity: 0.080547","ddaf2bf7-c475-42f9-ad11-ee70832dc57a","","","",""
"2023-06-02T15:18:44.967902Z","2023-06-02","DEFAULT","TRADING","BUY","STOCK","Apple","US0378331005","0.1964660000","127.2486","-25.00","","","EUR","","","","Savings plan execution US0378331005 APPLE INC., quantity: 0.196466","5707d75c-230a-475b-861b-9d266f4defff","","","",""
"2023-06-02T18:06:08.339128Z","2023-06-02","DEFAULT","TRADING","BUY","CRYPTO","Bitcoin","BTC","0.0022050000","11340.2533","-25.01","","","EUR","","","","Savings plan execution XF000BTC0017 Bitcoin, quantity: 0.002205","a2a17714-04f7-4add-b719-8c4b63ad0ddb","","","",""
"2023-06-02T18:25:04.553485Z","2023-06-02","DEFAULT","TRADING","BUY","FUND","Core S&P 500 USD (Acc)","IE00B5BMR087","0.0889720000","561.9772","-50.00","","","EUR","","","","Savings plan execution IE00B5BMR087 iShares VII plc - iShares Core S&P 500 UCITS ETF USD (Acc), quantity: 0.088972","92bfe9b5-1cf9-450a-a1db-5b82c7a5bda1","","","",""
"2023-06-02T19:43:30.365226Z","2023-06-02","DEFAULT","TRADING","BUY","FUND","FTSE All-World USD (Dist)","IE00B3RBWM25","0.6639050000","75.3120","-50.00","","","EUR","","","","Savings plan execution IE00B3RBWM25 Vanguard FTSE All-World UCITS ETF (USD) Distributing, quantity: 0.663905","3d091e64-7be5-4223-9dea-de8e1ae02f3d","","","",""
"2023-06-15T11:25:52.734781Z","2023-06-15","DEFAULT","CASH","DIVIDEND","STOCK","Alphabet (A)","US02079K3059","11.2192120000","","2.380000","","-0.63","EUR","2.65","USD","0.899312","Cash Dividend for ISIN US02079K3059","90d452d6-e2df-4ec3-8263-ca125a0a15fd","","","",""
"2023-06-15T15:36:08.104271Z","2023-06-15","DEFAULT","CASH","DIVIDEND","STOCK","Microsoft","US5949181045","0.2460830000","","0.200000","","-0.05","EUR","0.22","USD","0.906862","Cash Dividend for ISIN US5949181045","88149b4f-8600-458c-9a68-300c63714ea6","","","",""
"2023-06-15T21:04:33.877809Z","2023-06-15","DEFAULT","CASH","DIVIDEND","FUND","FTSE All-World USD (Dist)","IE00B3RBWM25","26.8241180000","","12.720000","","-3.35","EUR","14.24","USD","0.893203","Cash Dividend for ISIN IE00B3RBWM25","45e879d6-e94a-490b-a456-f822a00a3900","","","",""
"2023-06-17T20:51:20.129022Z","2023-06-17","DEFAULT","CASH","CARD_TRANSACTION","","Rossmann","","","","-2.120000","","","EUR","","","","TR Card Transaction","e673d4bb-3443-41ef-87a2-e7b8e4f92e45","","","","5912"
"2023-06-22T12:44:06.694804Z","2023-06-22","DEFAULT","CASH","CARD_TRANSACTION","","Amazon.de","","","","-51.640000","","","EUR","","","","TR Card Transaction","a5dcac57-e43b-4330-9999-8f85511a7800","","","","5942"
"2023-06-23T12:37:22.290870Z","2023-06-23","DEFAULT","CASH","CARD_TRANSACTION","","DM-Drogerie Markt","","","","-18.860000","","","EUR","","","","TR Card Transaction","e9f8de44-3a64-4bcd-a1ee-1b95ed5e564e","","","","5912"
"2023-06-29T09:34:07.717204Z","2023-06-29","DEFAULT","CASH","CARD_TRANSACTION","","Starbucks Darmstadt","","","","-4.390000","","","EUR","","","","TR Card Transaction","50d4acd9-1825-4c8a-91c4-0d9e4e130ab9","","","","5814"
"2023-06-29T16:40:05.380443Z","2023-06-29","DEFAULT","CASH","CARD_TRANSACTION","","Apotheke am Markt","","","","-12.540000","","","EUR","","","","TR Card Transaction","523f9407-7c3b-4275-8d14-30d29d51f63c","","","","5912"
"2023-06-30T13:24:06.820755Z","2023-06-30","DEFAULT","CASH","CARD_TRANSACTION","","Netto Marken-Discount","","","","-10.670000","","","EUR","","","","TR Card Transaction","caa681da-0ab5-4fd7-9ed0-2be97ed0404d","","","","5411"
"2023-07-01T01:44:36.907435Z","2023-07-01","DEFAULT","CASH","INTEREST_PAYMENT","","","","","","29.350000","","0.00","EUR","","","","Interest payment Booking","6fa2455f-57e4-43d5-9316-a72da7d46620","","","",""
"2023-07-01T21:06:33.365848Z","2023-07-01","DEFAULT","CASH","CUSTOMER_INPAYMENT","","","","","","400.000000","","","EUR","","","","Direct Debit Top up with DE89370400440532013000","4accf72a-c09a-4d57-93c3-a175c473ced0","","","",""
"2023-07-03T07:58:46.670242Z","2023-07-03","DEFAULT","TRADING","BUY","CRYPTO","Bitcoin","BTC","0.0025230000","9909.0069","-25.00","","","EUR","","","","Savings plan execution XF000BTC0017 Bitcoin, quantity: 0.002523","448763d7-e004-4d81-980c-72188c645e38","","","",""
"2023-07-03T10:42:08.149600Z","2023-07-03","DEFAULT","TRADING","BUY","STOCK","Apple","US0378331005","0.1943530000","128.6318","-25.00","","","EUR","","","","Savings plan execution US0378331005 APPLE INC., quantity: 0.194353","bb767283-6422-4529-ab86-77e7712d8640","","","",""
"2023-07-03T11:22:51.777306Z","2023-07-03","DEFAULT","TRADING","BUY","FUND","Core MSCI World USD (Acc)","IE00B4L5Y983","1.6616670000","60.1805","-100.00","","","EUR","","","","Savings plan execution IE00B4L5Y983 iShares III plc - iShares Core MSCI World UCITS ETF USD (Acc), quantity: 1.661667","51e5cd21-ce0e-422d-93a9-f3a520e8df3e","","","",""
"2023-07-03T14:00:43.538512Z","2023-07-03","DEFAULT","TRADING","BUY","FUND","Core S&P 500 USD (Acc)","IE00B5BMR087","0.0919780000","543.6069","-50.00","","","EUR","","","","Savings plan execution IE00B5BMR087 iShares VII plc - iShares Core S&P 500 UCITS ETF USD (Acc), quantity: 0.091978","6a255913-b226-4a13-b331-30d767ec3b39","","","",""
"2023-07-03T17:45:49.261212Z","2023-07-03","DEFAULT","TRADING","BUY","CRYPTO","Ethereum","ETH","0.0211850000","944.0639","-20.00","","","EUR","","","","Savings plan execution XF000ETH0019 Ethereum, quantity: 0.021185","14c278fc-16a3-45b8-baf1-46d96b15b863","","","",""
"2023-07-03T18:30:37.133769Z","2023-07-03","DEFAULT","TRADING","BUY","FUND","FTSE All-World USD (Dist)","IE00B3RBWM25","0.6767980000","73.8773","-50.00","","","EUR","","","","Savings plan execution IE00B3RBWM25 Vanguard FTSE All-World UCITS ETF (USD) Distributing, quantity: 0.676798","da744c77-bad1-425d-96b6-4ec91454f032","","","",""
"2023-07-03T18:36:47.280357Z","2023-07-03","DEFAULT","TRADING","BUY","STOCK","Microsoft","US5949181045","0.0732300000","341.3890","-25.00","","","EUR","","","","Savings plan execution US5949181045 MICROSOFT  DL-,00000625, quantity: 0.073230","d7b30cd3-74c2-4fb8-b471-9d9dce27ff18","","","",""
"2023-07-11T06:45:27.736720Z","2023-07-11","DEFAULT","TRADING","BUY","STOCK","Allianz","DE0008404005","1.6833000000","297.0356","-500.00","-1.00","","EUR","","","","Buy trade DE0008404005 ALLIANZ SE NA O.N., quantity: 1.683300","7085166e-1848-43f4-b449-febe88576b1c","","","",""
"2023-07-12T07:38:28.176718Z","2023-07-12","DEFAULT","CASH","CARD_TRANSACTION","","Kino Darmstadt","","","","-12.420000","","","EUR","","","","TR Card Transaction","cd62211b-cd80-4525-8c91-60fb2e62bf35","","","","7832"
"2023-07-13T07:27:31.397509Z","2023-07-13","DEFAULT","CASH","CARD_TRANSACTION","","DM-Drogerie Markt","","","","-16.380000","","","EUR","","","","TR Card Transaction","ddf8b9a3-5e5b-4353-b34e-e1fc88e050b4","","","","5912"
"2023-07-15T14:13:00.773876Z","2023-07-15","DEFAULT","CASH","DIVIDEND","STOCK","NVIDIA","US67066G1040","33.9444130000","","0.360000","","-0.09","EUR","0.40","USD","0.908373","Cash Dividend for ISIN US67066G1040","4d7173fe-f0b9-492b-9c89-44512e370a4b","","","",""
"2023-07-15T18:13:59.319626Z","2023-07-15","DEFAULT","CASH","DIVIDEND","STOCK","Coca-Cola","US1912161007","8.9505220000","","4.620000","","-1.22","EUR","5.07","USD","0.911334","Cash Dividend for ISIN US1912161007","86db076a-963c-42fa-a857-5e56bcf9a2ce","","","",""
"2023-07-16T21:03:22.006177Z","2023-07-16","DEFAULT","CASH","CARD_TRANSACTION","","ALDI SUED","","","","-37.670000","","","EUR","","","","TR Card Transaction","3216474c-bb1c-46b1-87b5-4d1d956e94ff","","","","5411"
"2023-07-17T17:00:06.451730Z","2023-07-17","DEFAULT","TRADING","BUY","STOCK","Tesla","US88160R1014","2.2164380000","90.2349","-200.00","-1.00","","EUR","","","","Buy trade US88160R1014 TESLA INC. DL -,001, quantity: 2.216438","891e735c-a426-4dc7-a511-98c2d245de4c","","","",""
"2023-07-18T14:14:30.414563Z","2023-07-18","DEFAULT","CASH","CARD_TRANSACTION","","DM-Drogerie Markt","","","","-23.540000","","","EUR","","","","TR Card Transaction","bfc9d40b-66d8-43a4-93ce-e4cc9e11e23b","","","","5912"
"2023-07-19T12:07:12.298739Z","2023-07-19","DEFAULT","CASH","TRANSFER_INBOUND","","","","","","250.000000","","","EUR","","","","Incoming transfer from Max Mustermann (DE02100500000024290661)","86792ba6-6da7-4437-8a06-a2ed749113f7","","","",""
"2023-07-19T20:10:08.370920Z","2023-07-19","DEFAULT","CASH","CARD_TRANSACTION","","Shell Tankstelle","","","","-56.250000","","","EUR","","","","TR Card Transaction","884b8be1-c887-4804-a0e3-463b8cca983e","","","","5541"
"2023-07-21T21:35:31.838672Z","2023-07-21","DEFAULT","CASH","CARD_TRANSACTION","","Pizzeria Da Mario","","","","-14.730000","","","EUR","","","","TR Card Transaction","16a32948-f128-48a8-acdb-365fb22d697a","","","","5812"
"2023-07-26T11:15:17.803972Z","2023-07-26","DEFAULT","CASH","CARD_TRANSACTION","","DM-Drogerie Markt","","","","-22.420000","","","EUR","","","","TR Card Transaction","107a81f0-f5e6-478a-804e-21bbf3225f15","","","","5912"
"2023-07-26T15:31:05.797861Z","2023-07-26","DEFAULT","TRADING","BUY","FUND","Core MSCI World USD (Acc)","IE00B4L5Y983","2.5138420000","59.6696","-150.00","-1.00","","EUR","","","","Buy trade IE00B4L5Y983 iShares III plc - iShares Core MSCI World UCITS ETF USD (Acc), quantity: 2.513842","e29fe855-cb85-431f-a72a-7b7ceab317ff","","","",""
"2023-07-31T07:24:26.550472Z","2023-07-31","DEFAULT","TRADING","BUY","STOCK","Allianz","DE0008404005","0.1713400000","291.8169","-50.00","-1.00","","EUR","","","","Buy trade DE0008404005 ALLIANZ SE NA O.N., quantity: 0.171340","bbafb021-1d79-4040-83ed-da6bcb813a36","","","",""
"2023-08-01T01:03:19.115400Z","2023-08-01","DEFAULT","CASH","INTEREST_PAYMENT","","","","","","27.020000","","0.00","EUR","","","","Interest payment Booking","78e375f2-ae7d-49f9-97f2-a5900c8166b9","","","",""
"2023-08-01T07:32:27.675149Z","2023-08-01","DEFAULT","CASH","CUSTOMER_INPAYMENT","","","","","","400.000000","","","EUR","","","","Direct Debit Top up with DE89370400440532013000","fd62dc28-197c-4c85-b35b-97171dac9121","","","",""
"2023-08-02T07:11:02.000561Z","2023-08-02","DEFAULT","TRADING","BUY","FUND","Core MSCI World USD (Acc)","IE00B4L5Y983","1.6509570000","60.5709","-100.00","","","EUR","","","","Savings plan execution IE00B4L5Y983 iShares III plc - iShares Core MSCI World UCITS ETF USD (Acc), quantity: 1.650957","a53c52f4-9078-4d82-9ca4-4c72ed955ad4","","","",""
"2023-08-02T07:42:47.337263Z","2023-08-02","DEFAULT","TRADING","BUY","FUND","FTSE All-World USD (Dist)","IE00B3RBWM25","0.6751770000","74.0547","-50.00","","","EUR","","","","Savings plan execution IE00B3RBWM25 Vanguard FTSE All-World UCITS ETF (USD) Distributing, quantity: 0.675177","dcb18e9c-592a-41b7-842d-ee32e6e10d33","","","",""
"2023-08-02T09:06:42.014325Z","2023-08-02","DEFAULT","TRADING","BUY","CRYPTO","Bitcoin","BTC","0.0017350000","14406.9735","-25.00","","","EUR","","","","Savings plan execution XF000BTC0017 Bitcoin, quantity: 0.001735","8c553100-359f-4233-a499-6eb0e80075fb","","","",""
"2023-08-02T09:27:11.264516Z","2023-08-02","DEFAULT","TRADING","BUY","STOCK","Apple","US0378331005","0.2072020000","120.6552","-25.00","","","EUR","","","","Savings plan execution US0378331005 APPLE INC., quantity: 0.207202","515851fe-e29d-460b-a94b-89df4828bf1b","","","",""
"2023-08-02T10:21:23.777301Z","2023-08-02","DEFAULT","TRADING","BUY","CRYPTO","Ethereum","ETH","0.0317260000","630.3988","-20.00","","","EUR","","","","Savings plan execution XF000ETH0019 Ethereum, quantity: 0.031726","dbe61eeb-11fb-4f24-9fa2-a348fd42f6d3","","","",""
"2023-08-02T12:18:30.293768Z","2023-08-02","DEFAULT","TRADING","BUY","FUND","Core S&P 500 USD (Acc)","IE00B5BMR087","0.0898570000","556.4390","-50.00","","","EUR","","","","Savings plan execution IE00B5BMR087 iShares VII plc - iShares Core S&P 500 UCITS ETF USD (Acc), quantity: 0.089857","9fe7f2b2-d16c-44b6-a354-cead9dd4d2f0","","","",""
"2023-08-02T17:15:41.289351Z","2023-08-02","DEFAULT","CASH","CARD_TRANSACTION","","MediaMarkt","","","","-112.840000","","","EUR","","","","TR Card Transaction","a3462a18-ba00-472c-a3fe-f114e464a138","","","","5732"
"2023-08-02T21:23:21.319141Z","2023-08-02","DEFAULT","TRADING","BUY","STOCK","Microsoft","US5949181045","0.0683490000","365.7689","-25.00","","","EUR","","","","Savings plan execution US5949181045 MICROSOFT  DL-,00000625, quantity: 0.068349","89bf9d3e-e97e-4285-a254-d6cf0f472b73","","","",""
"2023-08-03T12:12:45.467423Z","2023-08-03","DEFAULT","CASH","CARD_TRANSACTION","","Netto Marken-Discount","","","","-2.940000","","","EUR","","","","TR Card Transaction","cb3a3974-1a30-4ba4-8983-dec7f09ab24a","","","","5411"
"2023-08-04T10:02:08.201019Z","2023-08-04","DEFAULT","CASH","CARD_TRANSACTION","","MCDONALDS 01271","","","","-10.340000","","","EUR","","","","TR Card Transaction","73a2c13f-0341-4c8a-92ae-6d5fcc4002f5","","","","5814"
"2023-08-06T20:40:45.123133Z","2023-08-06","DEFAULT","CASH","CARD_TRANSACTION","","Amazon.de","","","","-72.430000","","","EUR","","","","TR Card Transaction","715f2638-0cb8-4745-9859-f1488e2111b5","","","","5942"
"2023-08-09T08:10:28.787195Z","2023-08-09","DEFAULT","CASH","CARD_TRANSACTION","","Apotheke am Markt","","","","-22.280000","","","EUR","","","","TR Card Transaction","2a5e8c9e-62a7-4420-9f60-d21517e3a7af","","","","5912"
"2023-08-10T12:37:44.009291Z","2023-08-10","DEFAULT","CASH","TRANSFER_INSTANT_OUTBOUND","","","","","","-300.000000","","","EUR","","","","Outgoing transfer for Max Mustermann","59004ada-3742-4481-9a22-334851e51ac6","","","",""
"2023-08-14T06:41:22.663416Z","2023-08-14","DEFAULT","CASH","CARD_TRANSACTION","","MCDONALDS 01271","","","","-10.350000","","","EUR","","","","TR Card Transaction","84601e0c-d045-4cae-a85b-400ed0dd638d","","","","5814"
"2023-08-14T07:41:15.863408Z","2023-08-14","DEFAULT","CASH","CARD_TRANSACTION","","DM-Drogerie Markt","","","","-9.570000","","","EUR","","","","TR Card Transaction","6c87967b-687c-4a68-b182-e584d9b40d7b","","","","5912"
"2023-08-14T14:46:08.428178Z","2023-08-14","DEFAULT","CASH","CARD_TRANSACTION","","Amazon.de","","","","-31.370000","","","EUR","","","","TR Card Transaction","3d475dd0-2fd4-47cf-adbc-78501b8739ce","","","","5942"
"2023-08-15T09:46:47.721541Z","2023-08-15","DEFAULT","CASH","DIVIDEND","STOCK","Apple","US0378331005","20.1038310000","","5.210000","","-1.37","EUR","5.69","USD","0.915624","Cash Dividend for ISIN US0378331005","05933825-6f5d-41e7-91a9-4ae91d42bfef","","","",""
"2023-08-15T14:11:16.016398Z","2023-08-15","DEFAULT","TRADING","SELL","STOCK","Tesla","US88160R1014","-1.3519860000","87.2705","117.99","-1.00","-7.88","EUR","","","","Sell trade US88160R1014 TESLA INC. DL -,001, quantity: 1.351986","7314613f-b744-41e5-b87a-d8769472a0d8","","","",""
"2023-08-15T14:55:40.665117Z","2023-08-15","DEFAULT","CASH","CARD_TRANSACTION","","Spotify","","","","-10.990000","","","EUR","","","","TR Card Transaction","e0f4d14a-44c0-4da9-9517-80c6a3949906","","","","5815"
"2023-08-15T20:14:20.281850Z","2023-08-15","DEFAULT","CASH","CARD_TRANSACTION","","Apotheke am Markt","","","","-8.330000","","","EUR","","","","TR Card Transaction","b38f9760-19be-44a6-a966-0fdd5ec9db85","","","","5912"
"2023-08-16T21:05:31.190330Z","2023-08-16","DEFAULT","CASH","CARD_TRANSACTION","","Netflix.com","","","","-13.990000","","","EUR","","","","TR Card Transaction","e9df224b-3397-41f7-b49a-592f53f02716","","","","4899"
"2023-08-21T07:08:15.807526Z","2023-08-21","DEFAULT","CASH","CARD_TRANSACTION","","REWE Darmstadt","","","","-35.060000","","","EUR","","","","TR Card Transaction","4d18ce5e-71a3-445b-b12d-a29a2786b279","","","","5411"
"2023-08-21T18:01:07.866713Z","2023-08-21","DEFAULT","TRADING","SELL","STOCK","Microsoft","US5949181045","-0.3876620000","331.7967","128.62","-1.00","-0.95","EUR","","","","Sell trade US5949181045 MICROSOFT  DL-,00000625, quantity: 0.387662","7b20cb5e-8299-415b-83b7-12294ca26d62","","","",""
"2023-08-22T09:34:47.858002Z","2023-08-22","DEFAULT","TRADING","BUY","STOCK","Apple","US0378331005","3.6440070000","137.2116","-500.00","-1.00","","EUR","","","","Buy trade US0378331005 APPLE INC., quantity: 3.644007","c6a5d780-697d-4c16-b17f-64417ebd654b","","","",""
"2023-08-24T09:01:52.046688Z","2023-08-24","DEFAULT","TRADING","BUY","STOCK","Coca-Cola","US1912161007","4.8157690000","62.2954","-300.00","-1.00","","EUR","","","","Buy trade US1912161007 COCA-COLA CO.   DL-,25, quantity: 4.815769","8a3d1d6c-6cd8-48d9-8aa6-ab3511a9fd39","","","",""
"2023-08-24T19:09:00.956476Z","2023-08-24","DEFAULT","CASH","CARD_TRANSACTION","","DB Vertrieb GmbH","","","","-14.230000","","","EUR","","","","TR Card Transaction","c00cf89d-1886-4bf0-b90b-ee4e12f1e7fe","","","","4112"
"2023-08-26T09:14:06.295503Z","2023-08-26","DEFAULT","CASH","CARD_TRANSACTION","","Netto Marken-Discount","","","","-13.310000","","","EUR","","","","TR Card Transaction","fd8d7bb9-480a-4752-8bea-ffb5ace9414c","","","","5411"
"2023-08-29T15:22:56.108970Z","2023-08-29","DEFAULT","CASH","CARD_TRANSACTION","","DB Vertrieb GmbH","","","","-40.860000","","","EUR","","","","TR Card Transaction","4077760e-43d9-4525-8cea-2e0e73f9f808","","","","4112"
"2023-08-31T09:36:27.762008Z","2023-08-31","DEFAULT","CASH","CARD_TRANSACTION","","Zalando SE","","","","-77.030000","","","EUR","","","","TR Card Transaction","3b2b9921-5e38-40ce-8901-8f0a8f53de08","","","","5691"
"2023-08-31T18:28:46.835558Z","2023-08-31","DEFAULT","CASH","CARD_TRANSACTION","","DM-Drogerie Markt","","","","-10.970000","","","EUR","","","","TR Card Transaction","466d099e-abc3-4446-ac24-f5048d395372","","","","5912"
"2023-09-01T01:27:30.727104Z","2023-09-01","DEFAULT","CASH","INTEREST_PAYMENT","","","","","","22.600000","","0.00","EUR","","","","Interest payment Booking","a99fb1a7-180f-4d9c-bd54-8317bf0b8aec","","","",""
"2023-09-01T13:24:26.576023Z","2023-09-01","DEFAULT","CASH","CARD_TRANSACTION","","HEAG mobilo GmbH","","","","-3.290000","","","EUR","","","","TR Card Transaction","cd2178ab-d06a-427c-9acf-59aefc78e1ae","","","","4111"
"2023-09-01T18:22:20.518213Z","2023-09-01","DEFAULT","CASH","CUSTOMER_INPAYMENT","","","","","","300.000000","","","EUR","","","","Direct Debit Top up with DE89370400440532013000","2fb04d4e-3a28-4555-af28-1b39193bd183","","","",""
"2023-09-04T06:23:35.496947Z","2023-09-04","DEFAULT","TRADING","BUY","FUND","Core S&P 500 USD (Acc)","IE00B5BMR087","0.0829130000","603.0395","-50.00","","","EUR","","","","Savings plan execution IE00B5BMR087 iShares VII plc - iShares Core S&P 500 UCITS ETF USD (Acc), quantity: 0.082913","c4e05545-c9fe-4bb7-bf4f-9e8e6a330ab1","","","",""
"2023-09-04T10:18:29.151141Z","2023-09-04","DEFAULT","TRADING","BUY","CRYPTO","Bitcoin","BTC","0.0013690000","18258.8991","-25.00","","","EUR","","","","Savings plan execution XF000BTC0017 Bitcoin, quantity: 0.001369","eb82cac5-9354-4193-920c-7bdd56b1b8ec","","","",""
"2023-09-04T10:58:07.062471Z","2023-09-04","DEFAULT","TRADING","BUY","STOCK","Apple","US0378331005","0.1918940000","130.2800","-25.00","","","EUR","","","","Savings plan execution US0378331005 APPLE INC., quantity: 0.191894","c4416753-8159-429d-82d0-67db06a96d89","","","",""
"2023-09-04T13:44:05.246617Z","2023-09-04","DEFAULT","TRADING","BUY","FUND","Core MSCI World USD (Acc)","IE00B4L5Y983","1.7341320000","57.6657","-100.00","","","EUR","","","","Savings plan execution IE00B4L5Y983 iShares III plc - iShares Core MSCI World UCITS ETF USD (Acc), quantity: 1.734132","a0a6aded-f299-4e23-bc21-ee65a1f23ad0","","","",""
"2023-09-04T17:00:13.891913Z","2023-09-04","DEFAULT","TRADING","BUY","FUND","FTSE All-World USD (Dist)","IE00B3RBWM25","0.7473340000","66.9045","-50.00","","","EUR","","","","Savings plan execution IE00B3RBWM25 Vanguard FTSE All-World UCITS ETF (USD) Distributing, quantity: 0.747334","86015bea-29d0-496a-8a2e-10e68181d3a0","","","",""
"2023-09-04T17:23:54.890586Z","2023-09-04","DEFAULT","TRADING","BUY","STOCK","Microsoft","US5949181045","0.0721990000","346.2634","-25.00","","","EUR","","","","Savings plan execution US5949181045 MICROSOFT  DL-,00000625, quantity: 0.072199","9584e5a8-724a-4728-9a47-6114a5ddb414","","","",""
"2023-09-04T19:15:13.868034Z","2023-09-04","DEFAULT","TRADING","BUY","CRYPTO","Ethereum","ETH","0.0327190000","611.2602","-20.00","","","EUR","","","","Savings plan execution XF000ETH0019 Ethereum, quantity: 0.032719","3513de6b-1080-4f3e-8323-7b36428e3eee","","","",""
"2023-09-06T17:09:05.256949Z","2023-09-06","DEFAULT","CASH","CARD_TRANSACTION","","Rossmann","","","","-2.690000","","","EUR","","","","TR Card Transaction","fa631ccf-bad9-42f4-9c6c-77913fa2b644","","","","5912"
"2023-09-11T13:25:11.862458Z","2023-09-11","DEFAULT","CASH","CARD_TRANSACTION","","Spotify","","","","-10.990000","","","EUR","","","","TR Card Transaction","da9e5ce9-2286-4cd8-8881-8d5531983b77","","","","5815"
"2023-09-11T13:27:59.164417Z","2023-09-11","DEFAULT","CASH","CARD_TRANSACTION","","MediaMarkt","","","","-107.850000","","","EUR","","","","TR Card Transaction","123bdd70-75e7-4e92-b3fa-332c4391471d","","","","5732"
"2023-09-11T18:08:47.222155Z","2023-09-11","DEFAULT","CASH","CARD_TRANSACTION","","Pizzeria Da Mario","","","","-34.380000","","","EUR","","","","TR Card Transaction","35e6b02d-73fe-463f-8b01-527204c056fb","","","","5812"
"2023-09-11T20:35:45.869812Z","2023-09-11","DEFAULT","TRADING","BUY","CRYPTO","Solana","SOL","36.5217770000","8.214277","-300.00","-1.00","","EUR","","","","Buy trade XF000SOL0010 Solana, quantity: 36.521777","5c93856a-deff-4a41-ac0f-b9470123d6ea","","","",""
"2023-09-12T18:52:24.172830Z","2023-09-12","DEFAULT","CASH","CARD_TRANSACTION","","HEAG mobilo GmbH","","","","-5.860000","","","EUR","","","","TR Card Transaction","4315ab6e-9053-4381-867d-5d338ff50d62","","","","4111"
"2023-09-15T07:15:17.089170Z","2023-09-15","DEFAULT","CASH","DIVIDEND","STOCK","Microsoft","US5949181045","0.0721990000","","0.050000","","-0.01","EUR","0.06","USD","0.915107","Cash Dividend for ISIN US5949181045","0f09e163-2c19-4be5-a45e-ce3ff1101053","","","",""
"2023-09-15T07:36:50.507308Z","2023-09-15","DEFAULT","CASH","DIVIDEND","STOCK","Alphabet (A)","US02079K3059","11.2192120000","","2.470000","","-0.65","EUR","2.65","USD","0.930606","Cash Dividend for ISIN US02079K3059","54fb77a4-d5d0-492b-8f81-2adb678687a5","","","",""
"2023-09-15T16:05:19.008890Z","2023-09-15","DEFAULT","CASH","DIVIDEND","FUND","FTSE All-World USD (Dist)","IE00B3RBWM25","28.9234270000","","14.010000","","-3.70","EUR","15.36","USD","0.911986","Cash Dividend for ISIN IE00B3RBWM25","dbdb552e-908c-4d66-8474-0093d80f37f7","","","",""
"2023-09-15T18:32:12.329748Z","2023-09-15","DEFAULT","CASH","CARD_TRANSACTION","","Amazon.de","","","","-62.120000","","","EUR","","","","TR Card Transaction","a22323f7-e035-498b-9bab-76d7cafa130c","","","","5942"
"2023-09-17T10:01:37.834739Z","2023-09-17","DEFAULT","CASH","CARD_TRANSACTION","","Kino Darmstadt","","","","-9.510000","","","EUR","","","","TR Card Transaction","10911d52-b8d7-48b7-b5f2-fc80c04df350","","","","7832"
"2023-09-20T16:28:50.137570Z","2023-09-20","DEFAULT","CASH","CARD_TRANSACTION","","Kino Darmstadt","","","","-13.960000","","","EUR","","","","TR Card Transaction","ff4a8999-cc3b-4da5-aa3e-7afde2227e17","","","","7832"
"2023-09-21T08:09:36.658285Z","2023-09-21","DEFAULT","CASH","CARD_TRANSACTION","","Spotify","","","","-10.990000","","","EUR","","","","TR Card Transaction","68bf9911-5806-41ac-b91b-23c6622a344b","","","","5815"
"2023-09-22T20:20:10.979428Z","2023-09-22","DEFAULT","CASH","CARD_TRANSACTION","","Lidl sagt Danke","","","","-18.970000","","","EUR","","","","TR Card Transaction","c9715374-9c4f-4e31-b39e-77ddb33e57dc","","","","5411"
"2023-09-26T07:47:50.256709Z","2023-09-26","DEFAULT","CASH","CARD_TRANSACTION","","ALDI SUED","","","","-26.340000","","","EUR","","","","TR Card Transaction","4b293202-a13b-4ff3-9dea-73981b8994c9","","","","5411"
"2023-09-26T10:28:23.537373Z","2023-09-26","DEFAULT","CASH","CARD_TRANSACTION","","DB Vertrieb GmbH","","","","-29.450000","","","EUR","","","","TR Card Transaction","9d8ac360-72f0-4cd4-af5b-e4f61484a0ed","","","","4112"
"2023-09-26T19:32:28.275594Z","2023-09-26","DEFAULT","CASH","CARD_TRANSACTION","","HEAG mobilo GmbH","","","","-4.470000","","","EUR","","","","TR Card Transaction","2957576c-106e-4628-b517-6ffb89a70351","","","","4111"
"2023-09-30T12:25:21.067603Z","2023-09-30","DEFAULT","CASH","CARD_TRANSACTION","","Spotify","","","","-10.990000","","","EUR","","","","TR Card Transaction","205909e1-3278-466b-bfa3-a16e3d370bc4","","","","5815"
"2023-10-01T01:02:34.163306Z","2023-10-01","DEFAULT","CASH","INTEREST_PAYMENT","","","","","","21.220000","","0.00","EUR","","","","Interest payment Booking","1196e652-1454-4c76-bf0b-357dcaa1fe08","","","",""
"2023-10-01T21:07:17.476660Z","2023-10-01","DEFAULT","CASH","CUSTOMER_INPAYMENT","","","","","","500.000000","","","EUR","","","","Direct Debit Top up with DE89370400440532013000","521aa789-5ed4-4c20-8bfc-05e28c3fcff7","","","",""
"2023-10-02T07:38:49.398757Z","2023-10-02","DEFAULT","TRADING","BUY","FUND","Core MSCI World USD (Acc)","IE00B4L5Y983","1.5910700000","62.8508","-100.00","","","EUR","","","","Savings plan execution IE00B4L5Y983 iShares III plc - iShares Core MSCI World UCITS ETF USD (Acc), quantity: 1.591070","85c31c21-9de0-4ea4-8303-da5ab2101492","","","",""
"2023-10-02T07:59:51.379052Z","2023-10-02","DEFAULT","TRADING","BUY","FUND","FTSE All-World USD (Dist)","IE00B3RBWM25","0.7496410000","66.6986","-50.00","","","EUR","","","","Savings plan execution IE00B3RBWM25 Vanguard FTSE All-World UCITS ETF (USD) Distributing, quantity: 0.749641","3f55a415-3fb1-4dee-a3b2-a8a47adab5b3","","","",""
"2023-10-02T11:05:09.072623Z","2023-10-02","DEFAULT","TRADING","BUY","CRYPTO","Bitcoin","BTC","0.0009300000","26883.1362","-25.00","","","EUR","","","","Savings plan execution XF000BTC0017 Bitcoin, quantity: 0.000930","eef56f3d-b6b4-4c8a-9faa-ad64a19d9073","","","",""
"2023-10-02T12:55:01.998920Z","2023-10-02","DEFAULT","TRADING","BUY","STOCK","Apple","US0378331005","0.1845070000","135.4961","-25.00","","","EUR","","","","Savings plan execution US0378331005 APPLE INC., quantity: 0.184507","a0acac95-10fa-4f06-b3fb-6d5807b1f66d","","","",""
"2023-10-02T14:25:05.312828Z","2023-10-02","DEFAULT","TRADING","BUY","CRYPTO","Ethereum","ETH","0.0388360000","514.9796","-20.00","","","EUR","","","","Savings plan execution XF000ETH0019 Ethereum, quantity: 0.038836","025387aa-9848-4b9a-8cef-a62d1f6c810d","","","",""
"2023-10-02T19:17:16.666566Z","2023-10-02","DEFAULT","TRADING","BUY","STOCK","Microsoft","US5949181045","0.0676890000","369.3377","-25.00","","","EUR","","","","Savings plan execution US5949181045 MICROSOFT  DL-,00000625, quantity: 0.067689","a07f7011-be4f-4dc2-be67-134eb401ca1a","","","",""
"2023-10-02T19:30:13.056704Z","2023-10-02","DEFAULT","TRADING","BUY","FUND","Core S&P 500 USD (Acc)","IE00B5BMR087","0.0818690000","610.7327","-50.00","","","EUR","","","","Savings plan execution IE00B5BMR087 iShares VII plc - iShares Core S&P 500 UCITS ETF USD (Acc), quantity: 0.081869","de5783ad-7733-426a-ba91-c42e1c7963ca","","","",""
"2023-10-05T18:52:00.588155Z","2023-10-05","DEFAULT","CASH","CARD_TRANSACTION","","Netflix.com","","","","-13.990000","","","EUR","","","","TR Card Transaction","5859861e-daae-429f-88b0-c641580e6cc8","","","","4899"
"2023-10-10T10:40:28.669952Z","2023-10-10","DEFAULT","TRADING","BUY","CRYPTO","Cardano","ADA","861.1727520000","0.580604","-500.00","-1.00","","EUR","","","","Buy trade XF000ADA0010 Cardano, quantity: 861.172752","4bd6bfcf-8698-414c-a1e9-34a171ff2e23","","","",""
"2023-10-13T09:44:31.680433Z","2023-10-13","DEFAULT","TRADING","BUY","STOCK","ASML Holding","NL0010273215","0.4357590000","573.7112","-250.00","-1.00","","EUR","","","","Buy trade NL0010273215 ASML HOLDING  EO -,09, quantity: 0.435759","87396fa7-f52e-475c-aa9b-6a425d087a09","","","",""
"2023-10-13T17:53:34.446535Z","2023-10-13","DEFAULT","CASH","CARD_TRANSACTION","","Netflix.com","","","","-13.990000","","","EUR","","","","TR Card Transaction","0d3df5ab-e16c-4eba-9791-187fb589a56e","","","","4899"
"2023-10-15T19:24:18.886142Z","2023-10-15","DEFAULT","CASH","DIVIDEND","STOCK","NVIDIA","US67066G1040","33.9444130000","","0.370000","","-0.10","EUR","0.40","USD","0.928961","Cash Dividend for ISIN US67066G1040","3d46f064-694d-4ce7-a389-4199098ac4d3","","","",""
"2023-10-15T19:40:18.736197Z","2023-10-15","DEFAULT","CASH","DIVIDEND","STOCK","Coca-Cola","US1912161007","13.7662910000","","7.260000","","-1.91","EUR","7.80","USD","0.930255","Cash Dividend for ISIN US1912161007","01550649-b097-4553-90d4-6a36b8bbe51f","","","",""
"2023-10-16T06:39:59.431257Z","2023-10-16","DEFAULT","CASH","CARD_TRANSACTION","","Netto Marken-Discount","","","","-4.060000","","","EUR","","","","TR Card Transaction","8b421545-bdcc-4e13-9cde-320608f060ef","","","","5411"
"2023-10-23T16:21:10.599982Z","2023-10-23","DEFAULT","CASH","CARD_TRANSACTION","","DM-Drogerie Markt","","","","-24.130000","","","EUR","","","","TR Card Transaction","e9efc911-0060-46a9-a99b-8e6e10e18a18","","","","5912"
"2023-10-23T19:02:00.027521Z","2023-10-23","DEFAULT","CASH","CARD_TRANSACTION","","REWE Darmstadt","","","","-40.810000","","","EUR","","","","TR Card Transaction","c5ad3c2a-d4ac-4abf-a939-053acdea23be","","","","5411"
"2023-10-24T19:08:40.409376Z","2023-10-24","DEFAULT","CASH","CARD_TRANSACTION","","ALDI SUED","","","","-32.850000","","","EUR","","","","TR Card Transaction","32e56ff7-d354-4c68-a48c-436459e7dbcd","","","","5411"
"2023-10-29T08:36:24.026518Z","2023-10-29","DEFAULT","CASH","CARD_TRANSACTION","","Apotheke am Markt","","","","-23.330000","","","EUR","","","","TR Card Transaction","fd5a74b2-8daa-4999-ad84-b0b579308996","","","","5912"
"2023-11-01T01:09:40.024264Z","2023-11-01","DEFAULT","CASH","INTEREST_PAYMENT","","","","","","18.970000","","0.00","EUR","","","","Interest payment Booking","2109bda5-4870-43ea-8fcf-12966d946df8","","","",""
"2023-11-01T07:17:05.980393Z","2023-11-01","DEFAULT","CASH","CUSTOMER_INPAYMENT","","","","","","500.000000","","","EUR","","","","Direct Debit Top up with DE89370400440532013000","7236371a-1eb4-45f2-b786-d810e596f169","","","",""
"2023-11-02T06:26:04.510150Z","2023-11-02","DEFAULT","TRADING","BUY","STOCK","Microsoft","US5949181045","0.0612740000","408.0053","-25.00","","","EUR","","","","Savings plan execution US5949181045 MICROSOFT  DL-,00000625, quantity: 0.061274","38783b3b-5964-4031-b4d3-45ffe1491ead","","","",""
"2023-11-02T08:13:43.440304Z","2023-11-02","DEFAULT","TRADING","BUY","CRYPTO","Bitcoin","BTC","0.0010970000","22779.3279","-24.99","","","EUR","","","","Savings plan execution XF000BTC0017 Bitcoin, quantity: 0.001097","0d4175e4-923a-4adb-8bab-b118302f3641","","","",""
"2023-11-02T09:09:18.274721Z","2023-11-02","DEFAULT","TRADING","BUY","FUND","Core MSCI World USD (Acc)","IE00B4L5Y983","1.3140220000","76.1022","-100.00","","","EUR","","","","Savings plan execution IE00B4L5Y983 iShares III plc - iShares Core MSCI World UCITS ETF USD (Acc), quantity: 1.314022","679480e0-f629-415a-b367-8509b1186809","","","",""
"2023-11-02T11:05:04.518253Z","2023-11-02","DEFAULT","TRADING","BUY","FUND","FTSE All-World USD (Dist)","IE00B3RBWM25","0.7350230000","68.0251","-50.00","","","EUR","","","","Savings plan execution IE00B3RBWM25 Vanguard FTSE All-World UCITS ETF (USD) Distributing, quantity: 0.735023","27c2afa0-ca40-4322-85f5-2049d1691854","","","",""
"2023-11-02T11:42:36.661875Z","2023-11-02","DEFAULT","CASH","CARD_TRANSACTION","","Rossmann","","","","-8.870000","","","EUR","","","","TR Card Transaction","321682cc-e710-4521-87e2-d262ca2cc859","","","","5912"
"2023-11-02T17:58:53.218074Z","2023-11-02","DEFAULT","TRADING","BUY","FUND","Core S&P 500 USD (Acc)","IE00B5BMR087","0.0798220000","626.3948","-50.00","","","EUR","","","","Savings plan execution IE00B5BMR087 iShares VII plc - iShares Core S&P 500 UCITS ETF USD (Acc), quantity: 0.079822","2c7196b8-f4b3-459f-9115-b4203bae429d","","","",""
"2023-11-02T18:06:31.834080Z","2023-11-02","DEFAULT","TRADING","BUY","STOCK","Apple","US0378331005","0.1831110000","136.5296","-25.00","","","EUR","","","","Savings plan execution US0378331005 APPLE INC., quantity: 0.183111","e0eea794-6566-48b5-ac0e-bae654e5777f","","","",""
"2023-11-02T18:56:20.664327Z","2023-11-02","DEFAULT","TRADING","BUY","CRYPTO","Ethereum","ETH","0.0418560000","477.8321","-20.00","","","EUR","","","","Savings plan execution XF000ETH0019 Ethereum, quantity: 0.041856","be7ba021-6269-4cf1-b8cc-c7f0e34b074c","","","",""
"2023-11-03T14:59:07.202212Z","2023-11-03","DEFAULT","CASH","CARD_TRANSACTION","","Apotheke am Markt","","","","-4.110000","","","EUR","","","","TR Card Transaction","31c65f45-3037-4d16-b735-c262aab947c6","","","","5912"
"2023-11-04T17:07:57.227496Z","2023-11-04","DEFAULT","CASH","CARD_TRANSACTION","","DM-Drogerie Markt","","","","-8.060000","","","EUR","","","","TR Card Transaction","69c2ba15-d704-4435-8a17-f3aa5b1027e9","","","","5912"
"2023-11-06T20:47:51.519885Z","2023-11-06","DEFAULT","CASH","CARD_TRANSACTION","","Apotheke am Markt","","","","-17.690000","","","EUR","","","","TR Card Transaction","67574825-6540-4a60-9f4f-230c8c44b060","","","","5912"
"2023-11-13T06:07:11.848340Z","2023-11-13","DEFAULT","CASH","CARD_TRANSACTION","","Kino Darmstadt","","","","-10.760000","","","EUR","","","","TR Card Transaction","33ff6379-dca0-4a97-bad9-2ee38b7307b5","","","","7832"
"2023-11-13T11:22:15.076168Z","2023-11-13","DEFAULT","CASH","CARD_TRANSACTION","","HEAG mobilo GmbH","","","","-4.750000","","","EUR","","","","TR Card Transaction","8ce5864c-2031-4c9e-9069-b1274829c2d0","","","","4111"
"2023-11-14T08:24:18.631035Z","2023-11-14","DEFAULT","CASH","CARD_TRANSACTION","","HEAG mobilo GmbH","","","","-7.090000","","","EUR","","","","TR Card Transaction","dc3c957a-2944-474b-83ac-62a9dac0cfdb","","","","4111"
"2023-11-14T12:29:36.833868Z","2023-11-14","DEFAULT","TRADING","SELL","STOCK","Apple","US0378331005","-12.1536750000","136.1622","1654.87","-1.00","-192.50","EUR","","","","Sell trade US0378331005 APPLE INC., quantity: 12.153675","51d8b24f-a436-441e-b398-27bdd79a87d6","","","",""
"2023-11-15T08:36:57.677663Z","2023-11-15","DEFAULT","CASH","DIVIDEND","STOCK","Apple","US0378331005","12.1536750000","","3.230000","","-0.85","EUR","3.44","USD","0.939360","Cash Dividend for ISIN US0378331005","0b180c8f-a317-488d-92c3-5e352c087228","","","",""
"2023-11-15T19:43:48.456346Z","2023-11-15","DEFAULT","CASH","DIVIDEND","STOCK","ASML Holding","NL0010273215","0.4357590000","","0.770000","","-0.20","EUR","","","","Cash Dividend for ISIN NL0010273215","13246552-4c25-42ab-a944-2ab139b016e9","","","",""
"2023-11-16T09:28:10.630645Z","2023-11-16","DEFAULT","CASH","CARD_TRANSACTION","","Pizzeria Da Mario","","","","-21.690000","","","EUR","","","","TR Card Transaction","ca14668c-fdd3-4085-aff1-1c954cfb81ac","","","","5812"
"2023-11-18T06:04:30.099740Z","2023-11-18","DEFAULT","CASH","CARD_TRANSACTION","","Kino Darmstadt","","","","-9.200000","","","EUR","","","","TR Card Transaction","ae05703e-20ef-4d37-9f33-c3f691f252ae","","","","7832"
"2023-11-18T18:02:57.559380Z","2023-11-18","DEFAULT","CASH","CARD_TRANSACTION","","DB Vertrieb GmbH","","","","-15.680000","","","EUR","","","","TR Card Transaction","e9599957-da49-4047-9ea4-75e77190789e","","","","4112"
"2023-11-23T06:59:44.910179Z","2023-11-23","DEFAULT","CASH","CARD_TRANSACTION","","Amazon.de","","","","-66.760000","","","EUR","","","","TR Card Transaction","c38868a8-54a4-4cb3-b632-5c737675a50e","","","","5942"
"2023-11-23T12:46:57.851739Z","2023-11-23","DEFAULT","CASH","CARD_TRANSACTION","","Starbucks Darmstadt","","","","-4.850000","","","EUR","","","","TR Card Transaction","04d78617-29ca-4031-85ae-36b9239d1615","","","","5814"
"2023-11-24T14:21:44.642515Z","2023-11-24","DEFAULT","TRADING","BUY","STOCK","ASML Holding","NL0010273215","0.0903080000","553.6623","-50.00","-1.00","","EUR","","","","Buy trade NL0010273215 ASML HOLDING  EO -,09, quantity: 0.090308","59ee2f68-81b0-4909-a16d-ab8d80203d39","","","",""
"2023-12-01T01:13:29.858271Z","2023-12-01","DEFAULT","CASH","INTEREST_PAYMENT","","","","","","23.500000","","0.00","EUR","","","","Interest payment Booking","00cf7ef9-f025-4e07-acc7-d4eeb8a97241","","","",""
"2023-12-01T07:13:00.703069Z","2023-12-01","DEFAULT","CASH","CUSTOMER_INPAYMENT","","","","","","400.000000","","","EUR","","","","Direct Debit Top up with DE89370400440532013000","78be86ee-cec8-461f-a092-b98755b25787","","","",""
"2023-12-01T16:48:19.742929Z","2023-12-01","DEFAULT","CASH","CARD_TRANSACTION","","HEAG mobilo GmbH","","","","-3.640000","","","EUR","","","","TR Card Transaction","a2900ebf-16fa-4393-a967-f7c33b6d5f8d","","","","4111"
"2023-12-02T17:24:28.910015Z","2023-12-02","DEFAULT","CASH","CARD_TRANSACTION","","DM-Drogerie Markt","","","","-8.130000","","","EUR","","","","TR Card Transaction","319b0c91-3060-4b1e-a400-96765f376630","","","","5912"
"2023-12-03T11:43:19.997714Z","2023-12-03","DEFAULT","CASH","CARD_TRANSACTION","","Lidl sagt Danke","","","","-11.890000","","","EUR","","","","TR Card Transaction","a36c388f-13da-4dc2-8183-2f8e6558bb0e","","","","5411"
"2023-12-04T06:57:29.196114Z","2023-12-04","DEFAULT","TRADING","BUY","FUND","FTSE All-World USD (Dist)","IE00B3RBWM25","0.7353980000","67.9904","-50.00","","","EUR","","","","Savings plan execution IE00B3RBWM25 Vanguard FTSE All-World UCITS ETF (USD) Distributing, quantity: 0.735398","c05f1623-fc3f-4a57-8fe9-d522942d71ce","","","",""
"2023-12-04T08:22:27.222367Z","2023-12-04","DEFAULT","TRADING","BUY","STOCK","Microsoft","US5949181045","0.0631650000","395.7869","-25.00","","","EUR","","","","Savings plan execution US5949181045 MICROSOFT  DL-,00000625, quantity: 0.063165","f9995757-96c0-4ba0-8257-b71fdccb378a","","","",""
"2023-12-04T09:47:07.252248Z","2023-12-04","DEFAULT","TRADING","BUY","FUND","Core MSCI World USD (Acc)","IE00B4L5Y983","1.2098780000","82.6529","-100.00","","","EUR","","","","Savings plan execution IE00B4L5Y983 iShares III plc - iShares Core MSCI World UCITS ETF USD (Acc), quantity: 1.209878","45732f47-386f-4a0a-a374-9c15a8cac76d","","","",""
"2023-12-04T10:25:32.451777Z","2023-12-04","DEFAULT","TRADING","BUY","CRYPTO","Bitcoin","BTC","0.0013860000","18040.6200","-25.00","","","EUR","","","","Savings plan execution XF000BTC0017 Bitcoin, quantity: 0.001386","07682439-d82e-480a-9a0e-3e2a0063085c","","","",""
"2023-12-04T14:01:30.694037Z","2023-12-04","DEFAULT","TRADING","BUY","FUND","Core S&P 500 USD (Acc)","IE00B5BMR087","0.0763970000","654.4731","-50.00","","","EUR","","","","Savings plan execution IE00B5BMR087 iShares VII plc - iShares Core S&P 500 UCITS ETF USD (Acc), quantity: 0.076397","64383ce9-e3f5-4999-ae8c-6b2eb0a3575e","","","",""
"2023-12-04T16:03:28.285830Z","2023-12-04","DEFAULT","TRADING","BUY","CRYPTO","Ethereum","ETH","0.0375250000","532.9734","-20.00","","","EUR","","","","Savings plan execution XF000ETH0019 Ethereum, quantity: 0.037525","c64788a5-26fe-49f3-963b-32214cf59974","","","",""
"2023-12-04T19:12:18.198652Z","2023-12-04","DEFAULT","CASH","CARD_TRANSACTION","","Spotify","","","","-10.990000","","","EUR","","","","TR Card Transaction","824aca56-6c3c-4e62-b2d1-4ed43a142887","","","","5815"
"2023-12-04T20:22:16.124074Z","2023-12-04","DEFAULT","TRADING","BUY","STOCK","Apple","US0378331005","0.1829920000","136.6179","-25.00","","","EUR","","","","Savings plan execution US0378331005 APPLE INC., quantity: 0.182992","bc369ceb-25fe-4086-a29e-fa2ba15add7f","","","",""
"2023-12-08T11:50:13.364519Z","2023-12-08","DEFAULT","CASH","CARD_TRANSACTION","","Pizzeria Da Mario","","","","-23.390000","","","EUR","","","","TR Card Transaction","28bcbfd1-62ac-4ade-b5eb-0dec3f6bc610","","","","5812"
"2023-12-09T21:47:19.893978Z","2023-12-09","DEFAULT","CASH","TRANSFER_INSTANT_OUTBOUND","","","","","","-100.000000","","","EUR","","","","Outgoing transfer for Max Mustermann","5c40a92c-6b3f-4513-b627-5e6d28de8bdc","","","",""
"2023-12-11T19:21:01.186138Z","2023-12-11","DEFAULT","CASH","CARD_TRANSACTION","","REWE Darmstadt","","","","-30.970000","","","EUR","","","","TR Card Transaction","eefe4770-2e06-4406-a6a2-e2b9d7e17124","","","","5411"
"2023-12-12T06:31:55.259533Z","2023-12-12","DEFAULT","TRADING","SELL","CRYPTO","Ethereum","ETH","-0.8554280000","564.1158","482.56","-1.00","","EUR","","","","Sell trade XF000ETH0019 Ethereum, quantity: 0.855428","4ba88a65-70e0-417e-8a3b-efef0ae498c4","","","",""
"2023-12-15T06:09:26.897859Z","2023-12-15","DEFAULT","CASH","DIVIDEND","FUND","FTSE All-World USD (Dist)","IE00B3RBWM25","31.1434890000","","15.540000","","-4.10","EUR","16.54","USD","0.939473","Cash Dividend for ISIN IE00B3RBWM25","4aa24bce-4f82-4bf1-8694-5b63cb01ae14","","","",""
"2023-12-15T14:23:29.014219Z","2023-12-15","DEFAULT","CASH","DIVIDEND","STOCK","Microsoft","US5949181045","0.2643270000","","0.220000","","-0.06","EUR","0.23","USD","0.942355","Cash Dividend for ISIN US5949181045","6b7b4df6-2029-4738-8ea9-94c968000e75","","","",""
"2023-12-15T15:45:21.934671Z","2023-12-15","DEFAULT","CASH","DIVIDEND","STOCK","Alphabet (A)","US02079K3059","11.2192120000","","2.510000","","-0.66","EUR","2.65","USD","0.945642","Cash Dividend for ISIN US02079K3059","25997736-a6ae-4dd2-9178-3b203277259c","","","",""
"2023-12-15T21:07:17.719096Z","2023-12-15","DEFAULT","CASH","DIVIDEND","STOCK","Coca-Cola","US1912161007","13.7662910000","","7.330000","","-1.93","EUR","7.80","USD","0.939443","Cash Dividend for ISIN US1912161007","fa6f8be9-bf72-4cc0-830b-caa81ff4e9bd","","","",""
"2023-12-20T19:17:19.199829Z","2023-12-20","DEFAULT","CASH","CARD_TRANSACTION","","HEAG mobilo GmbH","","","","-4.560000","","","EUR","","","","TR Card Transaction","0e1412cc-4fd5-46b3-8323-2e3d7bb51059","","","","4111"
"2023-12-24T10:22:56.297025Z","2023-12-24","DEFAULT","CASH","TRANSFER_INBOUND","","","","","","200.000000","","","EUR","","","","Incoming transfer from Max Mustermann (DE02100500000024290661)","8ca8b1a4-8297-4ea7-aefd-478ca97230d8","","","",""
"2023-12-24T12:18:52.621880Z","2023-12-24","DEFAULT","CASH","CARD_TRANSACTION","","REWE Darmstadt","","","","-22.060000","","","EUR","","","","TR Card Transaction","48eaeae5-0394-4329-8599-e8db24d28195","","","","5411"
"2023-12-24T15:00:27.369366Z","2023-12-24","DEFAULT","CASH","CARD_TRANSACTION","","Netto Marken-Discount","","","","-3.220000","","","EUR","","","","TR Card Transaction","4095b6cc-86d6-4784-8694-001edbf69134","","","","5411"
"2023-12-24T15:04:51.309043Z","2023-12-24","DEFAULT","CASH","CARD_TRANSACTION","","Rossmann","","","","-8.980000","","","EUR","","","","TR Card Transaction","c5fb1ae3-09ae-4177-8e5c-67cf3cd976fc","","","","5912"
"2023-12-26T08:18:14.033697Z","2023-12-26","DEFAULT","CASH","CARD_TRANSACTION","","Netflix.com","","","","-13.990000","","","EUR","","","","TR Card Transaction","69e014de-6326-49ba-b8f2-37c11e07bedc","","","","4899"
"2023-12-29T19:35:12.315686Z","2023-12-29","DEFAULT","CASH","CARD_TRANSACTION","","MCDONALDS 01271","","","","-7.500000","","","EUR","","","","TR Card Transaction","7aae0e54-6d25-4cb8-8837-3c4d9f32186a","","","","5814"
"2024-01-01T01:45:22.491130Z","2024-01-01","DEFAULT","CASH","INTEREST_PAYMENT","","","","","","25.770000","","0.00","EUR","","","","Interest payment Booking","8480eca3-01e4-4cfb-b44e-ac4e496223f8","","","",""
"2024-01-01T16:32:59.718445Z","2024-01-01","DEFAULT","CASH","CUSTOMER_INPAYMENT","","","","","","500.000000","","","EUR","","","","Direct Debit Top up with DE89370400440532013000","38af8159-9dbf-4bc2-ba77-b2b2f1b4ba0d","","","",""
"2024-01-01T19:05:48.147414Z","2024-01-01","DEFAULT","TRADING","BUY","FUND","Core S&P 500 USD (Acc)","IE00B5BMR087","0.0809890000","617.3651","-50.00","-1.00","","EUR","","","","Buy trade IE00B5BMR087 iShares VII plc - iShares Core S&P 500 UCITS ETF USD (Acc), quantity: 0.080989","8582adea-c3f0-41c0-849d-418d82eeb3d4","","","",""
"2024-01-01T20:26:26.483691Z","2024-01-01","DEFAULT","CASH","TAX_OPTIMIZATION","","","","","","0.000000","","5.96","EUR","","","","Tax Optimisation","b9f6e9ae-5319-424e-a8a1-88085f5987d7","","","",""
"2024-01-02T06:29:51.800058Z","2024-01-02","DEFAULT","TRADING","BUY","STOCK","Apple","US0378331005","0.2101420000","118.9673","-25.00","","","EUR","","","","Savings plan execution US0378331005 APPLE INC., quantity: 0.210142","4f5ad414-0428-476d-842c-e808416e525f","","","",""
"2024-01-02T07:17:53.681448Z","2024-01-02","DEFAULT","TRADING","BUY","CRYPTO","Bitcoin","BTC","0.0019870000","12581.8577","-25.00","","","EUR","","","","Savings plan execution XF000BTC0017 Bitcoin, quantity: 0.001987","d275e9da-ebc6-4fcf-8225-370897c35bb3","","","",""
"2024-01-02T09:21:38.102130Z","2024-01-02","DEFAULT","TRADING","BUY","CRYPTO","Ethereum","ETH","0.0454810000","439.7463","-20.00","","","EUR","","","","Savings plan execution XF000ETH0019 Ethereum, quantity: 0.045481","2a886afc-5693-4e0d-8d8e-250b8f878028","","","",""
"2024-01-02T10:39:34.943626Z","2024-01-02","DEFAULT","TRADING","BUY","FUND","Core MSCI World USD (Acc)","IE00B4L5Y983","1.2600730000","79.3605","-100.00","","","EUR","","","","Savings plan execution IE00B4L5Y983 iShares III plc - iShares Core MSCI World UCITS ETF USD (Acc), quantity: 1.260073","cf04f571-18c7-4e26-b9b1-28dfe3a0ffac","","","",""
"2024-01-02T15:03:48.886159Z","2024-01-02","DEFAULT","TRADING","BUY","FUND","FTSE All-World USD (Dist)","IE00B3RBWM25","0.7061890000","70.8026","-50.00","","","EUR","","","","Savings plan execution IE00B3RBWM25 Vanguard FTSE All-World UCITS ETF (USD) Distributing, quantity: 0.706189","150e0012-e01b-4019-a616-2654cc18a972","","","",""
"2024-01-02T18:08:25.702629Z","2024-01-02","DEFAULT","TRADING","BUY","FUND","Core S&P 500 USD (Acc)","IE00B5BMR087","0.0802530000","623.0328","-50.00","","","EUR","","","","Savings plan execution IE00B5BMR087 iShares VII plc - iShares Core S&P 500 UCITS ETF USD (Acc), quantity: 0.080253","eb99d81c-5671-4f0b-bcf1-8cf0348fecfb","","","",""
"2024-01-02T20:53:03.088771Z","2024-01-02","DEFAULT","TRADING","BUY","STOCK","Microsoft","US5949181045","0.0641030000","389.9969","-25.00","","","EUR","","","","Savings plan execution US5949181045 MICROSOFT  DL-,00000625, quantity: 0.064103","a6bd3cb7-86bd-4f59-8093-f1209a150af3","","","",""
"2024-01-06T06:09:38.922641Z","2024-01-06","DEFAULT","CASH","CARD_TRANSACTION","","MCDONALDS 01271","","","","-6.150000","","","EUR","","","","TR Card Transaction","6505892b-76e1-4783-bd9f-ccfc43ab1c00","","","","5814"
"2024-01-07T20:25:03.971027Z","2024-01-07","DEFAULT","CASH","CARD_TRANSACTION","","Zalando SE","","","","-21.730000","","","EUR","","","","TR Card Transaction","623c9aa2-f574-4e7b-98c0-c1821d345c0a","","","","5691"
"2024-01-09T06:11:09.858311Z","2024-01-09","DEFAULT","CASH","CARD_TRANSACTION","","Netflix.com","","","","-13.990000","","","EUR","","","","TR Card Transaction","8f755344-ff84-4855-a8ca-eae6919a37de","","","","4899"
"2024-01-15T20:17:00.166004Z","2024-01-15","DEFAULT","CASH","DIVIDEND","STOCK","NVIDIA","US67066G1040","33.9444130000","","0.390000","","-0.10","EUR","0.42","USD","0.937830","Cash Dividend for ISIN US67066G1040","2ec8b02b-4708-4f61-a439-1c2ec7d9ea23","","","",""
"2024-01-16T11:41:09.368959Z","2024-01-16","DEFAULT","CASH","CARD_TRANSACTION","","Spotify","","","","-10.990000","","","EUR","","","","TR Card Transaction","c85bece3-12f0-4746-982e-acddb7663b2b","","","","5815"
"2024-01-18T21:38:42.189136Z","2024-01-18","DEFAULT","TRADING","BUY","FUND","Core MSCI World USD (Acc)","IE00B4L5Y983","2.4630390000","81.2005","-200.00","-1.00","","EUR","","","","Buy trade IE00B4L5Y983 iShares III plc - iShares Core MSCI World UCITS ETF USD (Acc), quantity: 2.463039","9d5257d7-f11a-421d-bb30-4d48f7061b97","","","",""
"2024-01-20T06:54:46.166911Z","2024-01-20","DEFAULT","CASH","CARD_TRANSACTION","","Spotify","","","","-10.990000","","","EUR","","","","TR Card Transaction","cdb4d28e-9d76-4d16-9ffc-3c56950ba0cd","","","","5815"
"2024-01-21T11:46:57.402740Z","2024-01-21","DEFAULT","CASH","CARD_TRANSACTION","","Starbucks Darmstadt","","","","-4.530000","","","EUR","","","","TR Card Transaction","b454076b-2a4c-4aed-98a7-19add5a35651","","","","5814"
"2024-01-21T13:49:51.961825Z","2024-01-21","DEFAULT","CASH","CARD_TRANSACTION","","Zalando SE","","","","-42.660000","","","EUR","","","","TR Card Transaction","2fcd951e-9efb-4687-bcc6-52896a5bb329","","","","5691"
"2024-01-22T17:38:40.881516Z","2024-01-22","DEFAULT","CASH","CARD_TRANSACTION","","Lidl sagt Danke","","","","-17.130000","","","EUR","","","","TR Card Transaction","0a05ffef-e80b-4ea6-ae39-7e9285a7c9a8","","","","5411"
"2024-01-26T08:21:11.715507Z","2024-01-26","DEFAULT","CASH","TRANSFER_INBOUND","","","","","","200.000000","","","EUR","","","","Incoming transfer from Max Mustermann (DE02100500000024290661)","68f9f541-4892-46ac-be13-7ed050e992b0","","","",""
"2024-01-27T12:36:52.496744Z","2024-01-27","DEFAULT","CASH","CARD_TRANSACTION","","Kino Darmstadt","","","","-11.480000","","","EUR","","","","TR Card Transaction","561a537a-5959-4ece-b725-ac2c9f779a5a","","","","7832"
"2024-01-28T10:50:33.312713Z","2024-01-28","DEFAULT","CASH","CARD_TRANSACTION","","Lidl sagt Danke","","","","-21.210000","","","EUR","","","","TR Card Transaction","486b8271-f073-42aa-8e06-39489628b7d2","","","","5411"
"2024-01-28T13:03:38.566795Z","2024-01-28","DEFAULT","CASH","CARD_TRANSACTION","","Netto Marken-Discount","","","","-4.710000","","","EUR","","","","TR Card Transaction","fb50e0e8-dd87-4ed0-9f5d-86b793f0db6e","","","","5411"
"2024-01-28T15:59:53.263592Z","2024-01-28","DEFAULT","CASH","CARD_TRANSACTION","","HEAG mobilo GmbH","","","","-2.710000","","","EUR","","","","TR Card Transaction","5c08952b-e3cb-4742-baaa-7c06351eeddc","","","","4111"
"2024-01-28T20:27:40.394388Z","2024-01-28","DEFAULT","CASH","CARD_TRANSACTION","","DM-Drogerie Markt","","","","-24.440000","","","EUR","","","","TR Card Transaction","854e44e7-2a56-4356-81fb-1e3b8fabed09","","","","5912"
"2024-01-31T07:08:13.573662Z","2024-01-31","DEFAULT","CASH","CARD_TRANSACTION","","MCDONALDS 01271","","","","-8.350000","","","EUR","","","","TR Card Transaction","2df659a4-7825-457d-896e-e95a42898b47","","","","5814"
"2024-01-31T07:21:26.273553Z","2024-01-31","DEFAULT","CASH","CARD_TRANSACTION","","Pizzeria Da Mario","","","","-27.020000","","","EUR","","","","TR Card Transaction","f4ca2c50-3157-4802-b804-65f2d4f7b01f","","","","5812"
"2024-02-01T01:36:57.639633Z","2024-02-01","DEFAULT","CASH","INTEREST_PAYMENT","","","","","","24.940000","","0.00","EUR","","","","Interest payment Booking","bac7faaf-f86b-4e2c-adb7-d052511b99c8","","","",""
"2024-02-01T08:26:38.775201Z","2024-02-01","DEFAULT","CASH","CARD_TRANSACTION","","ALDI SUED","","","","-16.450000","","","EUR","","","","TR Card Transaction","8498da01-0425-4265-a221-6dc104df6de8","","","","5411"
"2024-02-01T13:31:04.844797Z","2024-02-01","DEFAULT","CASH","CUSTOMER_INPAYMENT","","","","","","300.000000","","","EUR","","","","Direct Debit Top up with DE89370400440532013000","6867ec1f-9493-4520-95da-c725248ccc56","","","",""
"2024-02-02T06:49:50.850775Z","2024-02-02","DEFAULT","TRADING","BUY","CRYPTO","Bitcoin","BTC","0.0014720000","16979.3705","-24.99","","","EUR","","","","Savings plan execution XF000BTC0017 Bitcoin, quantity: 0.001472","75f8cf4f-9a5c-4194-b62a-4c9651cea873","","","",""
"2024-02-02T07:24:49.395552Z","2024-02-02","DEFAULT","CASH","CARD_TRANSACTION","","REWE Darmstadt","","","","-26.200000","","","EUR","","","","TR Card Transaction","d5296792-ee12-4f8a-b3e8-a74f45bcaaee","","","","5411"
"2024-02-02T09:02:31.532261Z","2024-02-02","DEFAULT","TRADING","BUY","FUND","FTSE All-World USD (Dist)","IE00B3RBWM25","0.6716070000","74.4483","-50.00","","","EUR","","","","Savings plan execution IE00B3RBWM25 Vanguard FTSE All-World UCITS ETF (USD) Distributing, quantity: 0.671607","e5f98c68-ad51-47bd-867d-c2cd440d88f5","","","",""
"2024-02-02T10:17:46.043768Z","2024-02-02","DEFAULT","TRADING","BUY","FUND","Core MSCI World USD (Acc)","IE00B4L5Y983","1.2176810000","82.1233","-100.00","","","EUR","","","","Savings plan execution IE00B4L5Y983 iShares III plc - iShares Core MSCI World UCITS ETF USD (Acc), quantity: 1.217681","ee550df0-b4ab-4bc6-b020-cbf77c9977a6","","","",""
"2024-02-02T12:34:38.902084Z","2024-02-02","DEFAULT","TRADING","BUY","CRYPTO","Ethereum","ETH","0.0369170000","541.7557","-20.00","","","EUR","","","","Savings plan execution XF000ETH0019 Ethereum, quantity: 0.036917","9ba3e17c-e943-4439-bfda-183579e96dde","","","",""
"2024-02-02T13:01:59.058045Z","2024-02-02","DEFAULT","TRADING","BUY","STOCK","Microsoft","US5949181045","0.0644360000","387.9838","-25.00","","","EUR","","","","Savings plan execution US5949181045 MICROSOFT  DL-,00000625, quantity: 0.064436","78934350-4554-47a2-b93c-1924504924ce","","","",""
"2024-02-02T13:41:22.452476Z","2024-02-02","DEFAULT","TRADING","BUY","FUND","Core S&P 500 USD (Acc)","IE00B5BMR087","0.0801410000","623.8967","-50.00","","","EUR","","","","Savings plan execution IE00B5BMR087 iShares VII plc - iShares Core S&P 500 UCITS ETF USD (Acc), quantity: 0.080141","de18633f-ec2c-4cd3-ae7d-553ac011ea73","","","",""
"2024-02-02T19:35:08.121197Z","2024-02-02","DEFAULT","CASH","CARD_TRANSACTION","","DM-Drogerie Markt","","","","-14.030000","","","EUR","","","","TR Card Transaction","834ecfb8-4c9e-413e-ab5d-50cff5a20a16","","","","5912"
"2024-02-02T21:19:50.891115Z","2024-02-02","DEFAULT","TRADING","BUY","STOCK","Apple","US0378331005","0.1928050000","129.6644","-25.00","","","EUR","","","","Savings plan execution US0378331005 APPLE INC., quantity: 0.192805","24a58561-08db-4d4a-802e-53737e93ad9c","","","",""
"2024-02-04T08:37:00.238158Z","2024-02-04","DEFAULT","CASH","CARD_TRANSACTION","","ALDI SUED","","","","-12.570000","","","EUR","","","","TR Card Transaction","10b90373-2ea4-4d56-a7c1-a0abd2fa9dfd","","","","5411"
"2024-02-05T13:52:03.080333Z","2024-02-05","DEFAULT","CASH","CARD_TRANSACTION","","REWE Darmstadt","","","","-39.680000","","","EUR","","","","TR Card Transaction","3a89e2eb-f858-4929-98c4-97531d18eecf","","","","5411"
"2024-02-11T07:22:57.430790Z","2024-02-11","DEFAULT","CASH","CARD_TRANSACTION","","Apotheke am Markt","","","","-14.570000","","","EUR","","","","TR Card Transaction","4e114cba-c348-4d0c-b22a-469a10ddbae6","","","","5912"
"2024-02-13T13:44:28.681478Z","2024-02-13","DEFAULT","CASH","CARD_TRANSACTION","","DM-Drogerie Markt","","","","-3.000000","","","EUR","","","","TR Card Transaction","15f3370a-084e-42ba-871b-43439b1afe87","","","","5912"
"2024-02-14T08:03:17.896086Z","2024-02-14","DEFAULT","CASH","CARD_TRANSACTION","","MediaMarkt","","","","-86.070000","","","EUR","","","","TR Card Transaction","51abf238-a476-4bde-9010-a05dab5161e1","","","","5732"
"2024-02-15T06:58:38.791127Z","2024-02-15","DEFAULT","CASH","CARD_TRANSACTION","","Apotheke am Markt","","","","-20.020000","","","EUR","","","","TR Card Transaction","195daad1-d9ae-44b3-9c65-9a6273ca376d","","","","5912"
"2024-02-15T07:42:19.032826Z","2024-02-15","DEFAULT","CASH","DIVIDEND","STOCK","ASML Holding","NL0010273215","0.5260670000","","0.980000","","-0.26","EUR","","","","Cash Dividend for ISIN NL0010273215","bb5dc87c-dcab-4c80-8070-4a866da0e710","","","",""
"2024-02-15T11:42:27.558358Z","2024-02-15","DEFAULT","CASH","DIVIDEND","STOCK","Apple","US0378331005","12.7396140000","","3.580000","","-0.94","EUR","3.79","USD","0.944966","Cash Dividend for ISIN US0378331005","44a65165-ebd8-4da8-9a33-9d951386994a","","","",""
"2024-02-16T19:55:27.820628Z","2024-02-16","DEFAULT","CASH","CARD_TRANSACTION","","REWE Darmstadt","","","","-17.320000","","","EUR","","","","TR Card Transaction","b90b321e-cf90-44ee-80d7-b1afa19abdfb","","","","5411"
"2024-02-18T14:10:24.490033Z","2024-02-18","DEFAULT","CASH","CARD_TRANSACTION","","MediaMarkt","","","","-157.270000","","","EUR","","","","TR Card Transaction","bcc367e3-dc49-4b16-8df2-0970b02d0195","","","","5732"
"2024-02-18T20:27:36.754157Z","2024-02-18","DEFAULT","CASH","CARD_TRANSACTION","","DB Vertrieb GmbH","","","","-52.780000","","","EUR","","","","TR Card Transaction","10714fee-2090-4d0b-bcc8-cf8f9f217523","","","","4112"
"2024-02-19T13:49:34.310194Z","2024-02-19","DEFAULT","TRADING","BUY","STOCK","Coca-Cola","US1912161007","0.7313390000","68.3677","-50.00","-1.00","","EUR","","","","Buy trade US1912161007 COCA-COLA CO.   DL-,25, quantity: 0.731339","eec14bed-c0ed-47f5-99d8-d82c93f3d2c3","","","",""
"2024-02-24T20:11:16.803184Z","2024-02-24","DEFAULT","CASH","CARD_TRANSACTION","","HEAG mobilo GmbH","","","","-7.370000","","","EUR","","","","TR Card Transaction","45a68a41-b77f-429d-bca4-2f8c3703235f","","","","4111"
"2024-02-27T07:45:16.269950Z","2024-02-27","DEFAULT","CASH","CARD_TRANSACTION","","Apotheke am Markt","","","","-19.060000","","","EUR","","","","TR Card Transaction","ea76eabb-b98f-48d5-99c6-f152cfc65841","","","","5912"
"2024-02-29T17:53:52.714097Z","2024-02-29","DEFAULT","CASH","CARD_TRANSACTION","","MCDONALDS 01271","","","","-8.260000","","","EUR","","","","TR Card Transaction","31bc8826-3f84-4226-a73b-09d12d357ef1","","","","5814"
"2024-03-01T01:23:21.427963Z","2024-03-01","DEFAULT","CASH","INTEREST_PAYMENT","","","","","","23.230000","","0.00","EUR","","","","Interest payment Booking","efb8ce3b-7aeb-425e-8105-1bda8cb2fef7","","","",""
"2024-03-01T06:20:38.826450Z","2024-03-01","DEFAULT","CASH","CUSTOMER_INPAYMENT","","","","","","300.000000","","","EUR","","","","Direct Debit Top up with DE89370400440532013000","882010c5-a80a-4267-9a1e-3f80c5a4636a","","","",""
"2024-03-04T07:38:30.691218Z","2024-03-04","DEFAULT","TRADING","BUY","CRYPTO","Ethereum","ETH","0.0382730000","522.5616","-20.00","","","EUR","","","","Savings plan execution XF000ETH0019 Ethereum, quantity: 0.038273","1349da43-b5ec-4b2a-b490-2389d81078cd","","","",""
"2024-03-04T07:42:46.157364Z","2024-03-04","DEFAULT","TRADING","BUY","FUND","Core S&P 500 USD (Acc)","IE00B5BMR087","0.0818740000","610.6957","-50.00","","","EUR","","","","Savings plan execution IE00B5BMR087 iShares VII plc - iShares Core S&P 500 UCITS ETF USD (Acc), quantity: 0.081874","172f0e6b-4a83-4547-830c-17f2df2a36f0","","","",""
"2024-03-04T08:59:14.592867Z","2024-03-04","DEFAULT","TRADING","BUY","STOCK","Microsoft","US5949181045","0.0603660000","414.1402","-25.00","","","EUR","","","","Savings plan execution US5949181045 MICROSOFT  DL-,00000625, quantity: 0.060366","6b9e81cb-0a1c-49a0-9a1a-7336b6f3e937","","","",""
"2024-03-04T16:32:45.818805Z","2024-03-04","DEFAULT","TRADING","BUY","FUND","Core MSCI World USD (Acc)","IE00B4L5Y983","1.2230590000","81.7622","-100.00","","","EUR","","","","Savings plan execution IE00B4L5Y983 iShares III plc - iShares Core MSCI World UCITS ETF USD (Acc), quantity: 1.223059","cb8b223c-b80e-4e01-b067-8cfcb03c2c9c","","","",""
"2024-03-04T17:13:24.871080Z","2024-03-04","DEFAULT","TRADING","BUY","FUND","FTSE All-World USD (Dist)","IE00B3RBWM25","0.6173220000","80.9950","-50.00","","","EUR","","","","Savings plan execution IE00B3RBWM25 Vanguard FTSE All-World UCITS ETF (USD) Distributing, quantity: 0.617322","54e8e6fb-1aa1-4ea0-9ef7-1636092e96bd","","","",""
"2024-03-04T18:48:41.082255Z","2024-03-04","DEFAULT","TRADING","BUY","STOCK","Apple","US0378331005","0.1729920000","144.5156","-25.00","","","EUR","","","","Savings plan execution US0378331005 APPLE INC., quantity: 0.172992","fb071577-5e8a-4369-a778-e118e320179c","","","",""
"2024-03-04T19:34:46.127131Z","2024-03-04","DEFAULT","TRADING","BUY","CRYPTO","Bitcoin","BTC","0.0015500000","16123.8778","-24.99","","","EUR","","","","Savings plan execution XF000BTC0017 Bitcoin, quantity: 0.001550","3330a6d8-5d41-4583-81e9-9c2d87332dfc","","","",""
"2024-03-13T10:55:02.874364Z","2024-03-13","DEFAULT","CASH","CARD_TRANSACTION","","Zalando SE","","","","-72.000000","","","EUR","","","","TR Card Transaction","08a8a1ba-891e-4200-b1ec-c2eb7d279944","","","","5691"
"2024-03-13T14:48:35.745937Z","2024-03-13","DEFAULT","TRADING","SELL","STOCK","Amazon","US0231351067","-5.0168120000","106.4105","533.84","-1.00","-8.93","EUR","","","","Sell trade US0231351067 AMAZON.COM INC. DL-,01, quantity: 5.016812","c1e57c92-54b7-44c1-95a8-d54475f94882","","","",""
"2024-03-14T17:08:25.730782Z","2024-03-14","DEFAULT","CASH","CARD_TRANSACTION","","Spotify","","","","-10.990000","","","EUR","","","","TR Card Transaction","a0f134ea-2b96-4726-ae62-5ae55255209d","","","","5815"
"2024-03-15T09:46:02.077335Z","2024-03-15","DEFAULT","CASH","DIVIDEND","STOCK","Microsoft","US5949181045","0.4532320000","","0.400000","","-0.11","EUR","0.42","USD","0.957947","Cash Dividend for ISIN US5949181045","5f628d40-dc65-4fc0-a222-277bdfad7ce7","","","",""
"2024-03-15T17:28:58.428736Z","2024-03-15","DEFAULT","CASH","DIVIDEND","FUND","FTSE All-World USD (Dist)","IE00B3RBWM25","33.1386070000","","17.770000","","-4.69","EUR","18.49","USD","0.960892","Cash Dividend for ISIN IE00B3RBWM25","1d666217-28f2-460c-821f-8057223c7077","","","",""
"2024-03-18T17:43:41.475557Z","2024-03-18","DEFAULT","CASH","TRANSFER_INSTANT_OUTBOUND","","","","","","-300.000000","","","EUR","","","","Outgoing transfer for Max Mustermann","67f4fc0d-5087-441f-8abc-5a96db93074b","","","",""
"2024-03-19T21:21:03.591534Z","2024-03-19","DEFAULT","CASH","CARD_TRANSACTION","","Netto Marken-Discount","","","","-7.340000","","","EUR","","","","TR Card Transaction","76e4c254-08a3-4d4a-b97a-e696a3f7cf03","","","","5411"
"2024-03-21T14:36:56.645374Z","2024-03-21","DEFAULT","TRADING","BUY","STOCK","Allianz","DE0008404005","0.6746500000","296.4501","-200.00","-1.00","","EUR","","","","Buy trade DE0008404005 ALLIANZ SE NA O.N., quantity: 0.674650","88b44b32-df52-4f4e-a26e-04f3c469c745","","","",""
"2024-03-22T14:38:48.111274Z","2024-03-22","DEFAULT","CASH","CARD_TRANSACTION","","Rossmann","","","","-8.640000","","","EUR","","","","TR Card Transaction","f794474d-0373-45cb-944f-5a23393a5b5d","","","","5912"
"2024-03-23T11:01:38.946383Z","2024-03-23","DEFAULT","CASH","CARD_TRANSACTION","","MCDONALDS 01271","","","","-10.520000","","","EUR","","","","TR Card Transaction","81efc5dc-f895-42fe-acb8-d013a564f5b6","","","","5814"
"2024-03-27T10:17:46.701199Z","2024-03-27","DEFAULT","CASH","CARD_TRANSACTION","","Zalando SE","","","","-38.410000","","","EUR","","","","TR Card Transaction","099b0ea5-cdc1-4681-84cc-c0c8af0039c6","","","","5691"
"2024-04-01T01:15:08.614825Z","2024-04-01","DEFAULT","CASH","INTEREST_PAYMENT","","","","","","23.620000","","0.00","EUR","","","","Interest payment Booking","b4d62425-56fc-4744-b6be-b2b5b48002bf","","","",""
"2024-04-01T07:40:40.008357Z","2024-04-01","DEFAULT","CASH","CUSTOMER_INPAYMENT","","","","","","500.000000","","","EUR","","","","Direct Debit Top up with DE89370400440532013000","8e5dec70-09ea-4a38-909b-2e4e477fd227","","","",""
"2024-04-01T10:31:52.196193Z","2024-04-01","DEFAULT","CASH","CARD_TRANSACTION","","MCDONALDS 01271","","","","-7.650000","","","EUR","","","","TR Card Transaction","1304e4b9-02cc-4644-8314-8eb84dbe5040","","","","5814"
"2024-04-01T12:40:56.093020Z","2024-04-01","DEFAULT","CASH","CARD_TRANSACTION","","Zalando SE","","","","-39.780000","","","EUR","","","","TR Card Transaction","8d2ed25e-8a53-43d2-8c30-b1898ca8da1a","","","","5691"
"2024-04-02T06:27:04.514526Z","2024-04-02","DEFAULT","TRADING","BUY","FUND","Core MSCI World USD (Acc)","IE00B4L5Y983","1.2308430000","81.2451","-100.00","","","EUR","","","","Savings plan execution IE00B4L5Y983 iShares III plc - iShares Core MSCI World UCITS ETF USD (Acc), quantity: 1.230843","46f224f4-c06f-4a85-90ae-ee5203589e0c","","","",""
"2024-04-02T11:56:19.881529Z","2024-04-02","DEFAULT","TRADING","BUY","CRYPTO","Bitcoin","BTC","0.0015120000","16535.7413","-25.00","","","EUR","","","","Savings plan execution XF000BTC0017 Bitcoin, quantity: 0.001512","6e449691-f63c-4205-84cc-1cc3bae9d42b","","","",""
"2024-04-02T12:45:11.040698Z","2024-04-02","DEFAULT","TRADING","BUY","FUND","FTSE All-World USD (Dist)","IE00B3RBWM25","0.6168010000","81.0634","-50.00","","","EUR","","","","Savings plan execution IE00B3RBWM25 Vanguard FTSE All-World UCITS ETF (USD) Distributing, quantity: 0.616801","1cb27142-7b4d-47b0-9b14-5793d572565a","","","",""
"2024-04-02T13:56:18.700423Z","2024-04-02","DEFAULT","TRADING","BUY","CRYPTO","Ethereum","ETH","0.0363740000","549.8393","-20.00","","","EUR","","","","Savings plan execution XF000ETH0019 Ethereum, quantity: 0.036374","acc11029-362a-42f5-ab80-b92f47b5b2fa","","","",""
"2024-04-02T17:30:33.688852Z","2024-04-02","DEFAULT","TRADING","BUY","STOCK","Microsoft","US5949181045","0.0548260000","455.9910","-25.00","","","EUR","","","","Savings plan execution US5949181045 MICROSOFT  DL-,00000625, quantity: 0.054826","e7403e2d-482b-4b16-94d6-f69658ba6417","","","",""
"2024-04-02T18:40:37.246117Z","2024-04-02","DEFAULT","TRADING","BUY","STOCK","Apple","US0378331005","0.1485360000","168.3097","-25.00","","","EUR","","","","Savings plan execution US0378331005 APPLE INC., quantity: 0.148536","dfcb6b50-09ef-4078-a724-39bd44dba76b","","","",""
"2024-04-02T19:44:16.643173Z","2024-04-02","DEFAULT","TRADING","BUY","FUND","Core S&P 500 USD (Acc)","IE00B5BMR087","0.0811360000","616.2463","-50.00","","","EUR","","","","Savings plan execution IE00B5BMR087 iShares VII plc - iShares Core S&P 500 UCITS ETF USD (Acc), quantity: 0.081136","f60ab594-c4c2-4583-8938-5ae8acd51e1e","","","",""
"2024-04-03T20:20:15.694595Z","2024-04-03","DEFAULT","CASH","CARD_TRANSACTION","","DB Vertrieb GmbH","","","","-30.400000","","","EUR","","","","TR Card Transaction","179c39dd-242d-4a97-8d52-7191eb361411","","","","4112"
"2024-04-09T11:34:13.817419Z","2024-04-09","DEFAULT","CASH","CARD_TRANSACTION","","Shell Tankstelle","","","","-46.390000","","","EUR","","","","TR Card Transaction","0529646a-0126-477f-b86c-4bc70af8e9d7","","","","5541"
"2024-04-09T13:21:40.858285Z","2024-04-09","DEFAULT","TRADING","BUY","FUND","Core MSCI World USD (Acc)","IE00B4L5Y983","3.6916980000","81.2634","-300.00","-1.00","","EUR","","","","Buy trade IE00B4L5Y983 iShares III plc - iShares Core MSCI World UCITS ETF USD (Acc), quantity: 3.691698","1860e4de-def9-4fd1-9e21-fe5243e2b54b","","","",""
"2024-04-13T13:18:51.169244Z","2024-04-13","DEFAULT","CASH","CARD_TRANSACTION","","Apotheke am Markt","","","","-12.310000","","","EUR","","","","TR Card Transaction","f0f46440-3bf3-4eab-8f3e-e722f168a7f2","","","","5912"
"2024-04-15T13:40:49.721493Z","2024-04-15","DEFAULT","CASH","DIVIDEND","STOCK","NVIDIA","US67066G1040","33.9444130000","","0.400000","","-0.11","EUR","0.42","USD","0.957565","Cash Dividend for ISIN US67066G1040","6bfcdff3-d260-4438-94c4-06debfe19230","","","",""
"2024-04-15T14:47:07.852487Z","2024-04-15","DEFAULT","CASH","DIVIDEND","STOCK","Coca-Cola","US1912161007","14.4976300000","","8.250000","","-2.18","EUR","8.63","USD","0.956482","Cash Dividend for ISIN US1912161007","9923974a-4a8e-4747-8fdf-aa3b319aae61","","","",""
"2024-04-15T18:50:31.044339Z","2024-04-15","DEFAULT","TRADING","BUY","FUND","FTSE All-World USD (Dist)","IE00B3RBWM25","0.5897130000","84.7870","-50.00","-1.00","","EUR","","","","Buy trade IE00B3RBWM25 Vanguard FTSE All-World UCITS ETF (USD) Distributing, quantity: 0.589713","e5e33b86-5498-4a4a-a051-71c62f8463cb","","","",""
"2024-04-17T10:06:47.616767Z","2024-04-17","DEFAULT","CASH","CARD_TRANSACTION","","REWE Darmstadt","","","","-34.190000","","","EUR","","","","TR Card Transaction","f69f640d-90ce-4f60-9af7-1cef1dd2ee8f","","","","5411"
"2024-04-19T15:27:05.233049Z","2024-04-19","DEFAULT","CASH","CARD_TRANSACTION","","MediaMarkt","","","","-102.210000","","","EUR","","","","TR Card Transaction","7bb31dab-033f-4c7e-8c36-6f9623da8271","","","","5732"
"2024-04-27T16:53:09.038283Z","2024-04-27","DEFAULT","CASH","CARD_TRANSACTION","","Pizzeria Da Mario","","","","-21.470000","","","EUR","","","","TR Card Transaction","ec900a98-8911-4e56-8ae9-6aa77391f28c","","","","5812"
"2024-04-27T19:55:00.281170Z","2024-04-27","DEFAULT","CASH","CARD_TRANSACTION","","HEAG mobilo GmbH","","","","-6.040000","","","EUR","","","","TR Card Transaction","40e357bc-6fa1-45a5-a06d-0d6fb2bcc49b","","","","4111"
"2024-05-01T01:55:07.040959Z","2024-05-01","DEFAULT","CASH","INTEREST_PAYMENT","","","","","","21.560000","","0.00","EUR","","","","Interest payment Booking","b397a8e9-96cf-4bc3-b2a8-422cd54f6738","","","",""
"2024-05-01T09:10:12.458858Z","2024-05-01","DEFAULT","CASH","CUSTOMER_INPAYMENT","","","","","","300.000000","","","EUR","","","","Direct Debit Top up with DE89370400440532013000","81619a73-220b-438c-94b8-703e6161cce5","","","",""
"2024-05-02T09:27:18.754914Z","2024-05-02","DEFAULT","TRADING","BUY","FUND","FTSE All-World USD (Dist)","IE00B3RBWM25","0.6050910000","82.6321","-50.00","","","EUR","","","","Savings plan execution IE00B3RBWM25 Vanguard FTSE All-World UCITS ETF (USD) Distributing, quantity: 0.605091","a08f46dc-4195-40df-b0c9-2294078e8b0d","","","",""
"2024-05-02T10:18:33.718299Z","2024-05-02","DEFAULT","TRADING","BUY","STOCK","Microsoft","US5949181045","0.0524080000","477.0306","-25.00","","","EUR","","","","Savings plan execution US5949181045 MICROSOFT  DL-,00000625, quantity: 0.052408","aac842d7-4b02-402f-85ec-ec9890c67ad4","","","",""
"2024-05-02T12:51:39.998239Z","2024-05-02","DEFAULT","TRADING","BUY","CRYPTO","Bitcoin","BTC","0.0013070000","19133.4754","-25.01","","","EUR","","","","Savings plan execution XF000BTC0017 Bitcoin, quantity: 0.001307","10eb2617-1f0a-4823-bb01-963869310c19","","","",""
"2024-05-02T14:33:20.644979Z","2024-05-02","DEFAULT","TRADING","BUY","FUND","Core S&P 500 USD (Acc)","IE00B5BMR087","0.0821730000","608.4737","-50.00","","","EUR","","","","Savings plan execution IE00B5BMR087 iShares VII plc - iShares Core S&P 500 UCITS ETF USD (Acc), quantity: 0.082173","79131193-d300-450a-b054-018dcad95501","","","",""
"2024-05-02T17:33:38.263443Z","2024-05-02","DEFAULT","TRADING","BUY","CRYPTO","Ethereum","ETH","0.0271110000","737.7143","-20.00","","","EUR","","","","Savings plan execution XF000ETH0019 Ethereum, quantity: 0.027111","14d9cc2b-381f-4a90-96ee-6ee4fed8e2e0","","","",""
"2024-05-02T17:36:41.174006Z","2024-05-02","DEFAULT","TRADING","BUY","STOCK","Apple","US0378331005","0.1470340000","170.0286","-25.00","","","EUR","","","","Savings plan execution US0378331005 APPLE INC., quantity: 0.147034","4e4324d5-b3e7-44d2-8c0a-054b35a72867","","","",""
"2024-05-02T19:25:00.311166Z","2024-05-02","DEFAULT","TRADING","BUY","FUND","Core MSCI World USD (Acc)","IE00B4L5Y983","1.2306730000","81.2563","-100.00","","","EUR","","","","Savings plan execution IE00B4L5Y983 iShares III plc - iShares Core MSCI World UCITS ETF USD (Acc), quantity: 1.230673","0042f663-63fe-4304-a45c-300326069e38","","","",""
"2024-05-04T08:00:19.735538Z","2024-05-04","DEFAULT","CASH","CARD_TRANSACTION","","Rossmann","","","","-5.460000","","","EUR","","","","TR Card Transaction","fe66575c-1ea7-4d7f-9f43-59cc7e7ea095","","","","5912"
"2024-05-07T15:23:39.804246Z","2024-05-07","DEFAULT","CASH","CARD_TRANSACTION","","Netflix.com","","","","-13.990000","","","EUR","","","","TR Card Transaction","6a63e27b-625a-445a-a156-0a77a1f58a22","","","","4899"
"2024-05-12T13:13:05.974700Z","2024-05-12","DEFAULT","CASH","CARD_TRANSACTION","","Rossmann","","","","-2.060000","","","EUR","","","","TR Card Transaction","dbaeab59-1800-4cdb-a2af-939be1c6f5be","","","","5912"
"2024-05-15T12:10:40.874098Z","2024-05-15","DEFAULT","CASH","DIVIDEND","STOCK","SAP","DE0007164600","1.9073090000","","5.200000","","-1.37","EUR","","","","Cash Dividend for ISIN DE0007164600","b669be46-9230-4906-8fc8-d73d330e34ee","","","",""
"2024-05-15T14:45:09.880673Z","2024-05-15","DEFAULT","CASH","DIVIDEND","STOCK","ASML Holding","NL0010273215","0.5260670000","","0.980000","","-0.26","EUR","","","","Cash Dividend for ISIN NL0010273215","4b432d34-efce-4d7b-a57c-84fb7cc68045","","","",""
"2024-05-15T16:33:05.926192Z","2024-05-15","DEFAULT","CASH","DIVIDEND","STOCK","Allianz","DE0008404005","6.4038660000","","95.290000","","-25.13","EUR","","","","Cash Dividend for ISIN DE0008404005","50883ed4-5271-4a58-9669-0288fcba8f88","","","",""
"2024-05-15T21:22:19.879387Z","2024-05-15","DEFAULT","CASH","DIVIDEND","STOCK","Apple","US0378331005","13.2081760000","","3.790000","","-1.00","EUR","3.93","USD","0.964252","Cash Dividend for ISIN US0378331005","6c93a1cc-d189-4e6f-a516-5cdb42ee1de0","","","",""
"2024-05-15T21:44:50.262709Z","2024-05-15","DEFAULT","CASH","CARD_TRANSACTION","","Netflix.com","","","","-13.990000","","","EUR","","","","TR Card Transaction","6ca7491a-2271-4be4-863e-e26a40e21e27","","","","4899"
"2024-05-16T12:24:23.187700Z","2024-05-16","DEFAULT","CASH","CARD_TRANSACTION","","Apotheke am Markt","","","","-22.400000","","","EUR","","","","TR Card Transaction","423507eb-3c59-437f-abd4-7ef5ad44bb89","","","","5912"
"2024-05-16T17:46:27.224164Z","2024-05-16","DEFAULT","CASH","CARD_TRANSACTION","","Amazon.de","","","","-69.590000","","","EUR","","","","TR Card Transaction","5f64c6d3-9b2e-4350-936c-713ce9dcc8a0","","","","5942"
"2024-05-17T09:58:23.960293Z","2024-05-17","DEFAULT","CASH","CARD_TRANSACTION","","MediaMarkt","","","","-72.420000","","","EUR","","","","TR Card Transaction","28bd8cfb-aa73-4f97-a640-61eb2e5299c6","","","","5732"
"2024-05-23T09:03:28.668444Z","2024-05-23","DEFAULT","CASH","CARD_TRANSACTION","","DM-Drogerie Markt","","","","-4.320000","","","EUR","","","","TR Card Transaction","5ef77af4-1757-4d8d-a7e6-51211f4fa71a","","","","5912"
"2024-05-24T16:57:45.177433Z","2024-05-24","DEFAULT","CASH","CARD_TRANSACTION","","REWE Darmstadt","","","","-16.970000","","","EUR","","","","TR Card Transaction","7843ef98-4709-4c68-8a2e-851f532a7948","","","","5411"
"2024-05-25T18:26:53.700157Z","2024-05-25","DEFAULT","CASH","CARD_TRANSACTION","","Kino Darmstadt","","","","-9.070000","","","EUR","","","","TR Card Transaction","bc853317-3cbf-4f64-97fc-17db5cec3197","","","","7832"
"2024-05-27T17:07:21.488900Z","2024-05-27","DEFAULT","CASH","CARD_TRANSACTION","","REWE Darmstadt","","","","-16.070000","","","EUR","","","","TR Card Transaction","229c398b-dacd-4639-b49d-d2a0a494f706","","","","5411"
"2024-05-27T19:11:40.783106Z","2024-05-27","DEFAULT","CASH","CARD_TRANSACTION","","MCDONALDS 01271","","","","-11.890000","","","EUR","","","","TR Card Transaction","2b336696-14ea-4a32-a5c3-414e38156a8d","","","","5814"
"2024-05-28T08:11:20.619864Z","2024-05-28","DEFAULT","CASH","CARD_TRANSACTION","","Lidl sagt Danke","","","","-8.840000","","","EUR","","","","TR Card Transaction","28df634f-1257-4a7b-8664-3c657e69285e","","","","5411"
"2024-05-29T08:56:46.989056Z","2024-05-29","DEFAULT","TRADING","BUY","CRYPTO","Ethereum","ETH","0.3339010000","598.9803","-200.00","-1.00","","EUR","","","","Buy trade XF000ETH0019 Ethereum, quantity: 0.333901","659d6c58-1bd7-4d79-9da2-1a1224a3ad4c","","","",""
"2024-05-30T18:45:18.186650Z","2024-05-30","DEFAULT","CASH","CARD_TRANSACTION","","DM-Drogerie Markt","","","","-10.690000","","","EUR","","","","TR Card Transaction","6075dc2a-bae7-4926-9466-4b7b62d9ad4f","","","","5912"
"2024-06-01T01:37:23.365805Z","2024-06-01","DEFAULT","CASH","INTEREST_PAYMENT","","","","","","20.640000","","0.00","EUR","","","","Interest payment Booking","e3e15072-cc2d-4421-9f52-9a6717cbf107","","","",""
"2024-06-01T14:05:31.372405Z","2024-06-01","DEFAULT","CASH","CUSTOMER_INPAYMENT","","","","","","400.000000","","","EUR","","","","Direct Debit Top up with DE89370400440532013000","80b00333-e7a7-48e6-98f3-49c7f7be3a90","","","",""
"2024-06-03T11:30:08.489943Z","2024-06-03","DEFAULT","TRADING","BUY","CRYPTO","Ethereum","ETH","0.0336310000","594.6852","-20.00","","","EUR","","","","Savings plan execution XF000ETH0019 Ethereum, quantity: 0.033631","2e1a93b2-ddb5-4a9d-8120-a5648f50df26","","","",""
"2024-06-03T12:16:13.490406Z","2024-06-03","DEFAULT","TRADING","BUY","STOCK","Microsoft","US5949181045","0.0538930000","463.8837","-25.00","","","EUR","","","","Savings plan execution US5949181045 MICROSOFT  DL-,00000625, quantity: 0.053893","524172c0-8962-4051-a0ed-87ba82288d4b","","","",""
"2024-06-03T12:44:27.363773Z","2024-06-03","DEFAULT","TRADING","BUY","FUND","FTSE All-World USD (Dist)","IE00B3RBWM25","0.5805110000","86.1310","-50.00","","","EUR","","","","Savings plan execution IE00B3RBWM25 Vanguard FTSE All-World UCITS ETF (USD) Distributing, quantity: 0.580511","fa13686f-3595-4829-bec5-0ed210c8e76d","","","",""
"2024-06-03T14:02:59.120898Z","2024-06-03","DEFAULT","TRADING","BUY","CRYPTO","Bitcoin","BTC","0.0012460000","20068.5899","-25.01","","","EUR","","","","Savings plan execution XF000BTC0017 Bitcoin, quantity: 0.001246","90f1247e-fca5-4dc8-adec-a4137d9f5816","","","",""
"2024-06-03T14:05:32.810978Z","2024-06-03","DEFAULT","TRADING","BUY","STOCK","Apple","US0378331005","0.1261510000","198.1751","-25.00","","","EUR","","","","Savings plan execution US0378331005 APPLE INC., quantity: 0.126151","8439c22d-e29f-4acc-86f2-483d1325fe53","","","",""
"2024-06-03T15:13:21.733640Z","2024-06-03","DEFAULT","TRADING","BUY","FUND","Core S&P 500 USD (Acc)","IE00B5BMR087","0.0786460000","635.7636","-50.00","","","EUR","","","","Savings plan execution IE00B5BMR087 iShares VII plc - iShares Core S&P 500 UCITS ETF USD (Acc), quantity: 0.078646","90325e7c-5492-469a-8195-a8df15c4f68c","","","",""
"2024-06-03T18:09:34.596337Z","2024-06-03","DEFAULT","TRADING","BUY","FUND","Core MSCI World USD (Acc)","IE00B4L5Y983","1.1612220000","86.1162","-100.00","","","EUR","","","","Savings plan execution IE00B4L5Y983 iShares III plc - iShares Core MSCI World UCITS ETF USD (Acc), quantity: 1.161222","00c279c3-3eaa-4341-8233-69e392216be8","","","",""
"2024-06-04T21:21:21.679352Z","2024-06-04","DEFAULT","CASH","TRANSFER_INBOUND","","","","","","200.000000","","","EUR","","","","Incoming transfer from Max Mustermann (DE02100500000024290661)","2fe0f9b5-020a-4ffb-a728-d814d7b16e90","","","",""
"2024-06-08T13:48:59.944625Z","2024-06-08","DEFAULT","CASH","CARD_TRANSACTION","","Spotify","","","","-10.990000","","","EUR","","","","TR Card Transaction","98af0e6d-0b7d-4698-9a7e-b50eabf09c33","","","","5815"
"2024-06-08T19:49:17.605540Z","2024-06-08","DEFAULT","CASH","CARD_TRANSACTION","","Kino Darmstadt","","","","-9.540000","","","EUR","","","","TR Card Transaction","835d83ab-ec8a-4aa6-9d15-297fbd36edb2","","","","7832"
"2024-06-11T10:51:22.480995Z","2024-06-11","DEFAULT","CASH","CARD_TRANSACTION","","Lidl sagt Danke","","","","-12.900000","","","EUR","","","","TR Card Transaction","ee375687-df4d-41fa-a4fb-a54de2902291","","","","5411"
"2024-06-12T13:54:13.457754Z","2024-06-12","DEFAULT","CASH","CARD_TRANSACTION","","DB Vertrieb GmbH","","","","-13.100000","","","EUR","","","","TR Card Transaction","dd6fb2ef-c33a-42e9-9576-ada438a33764","","","","4112"
"2024-06-13T09:30:35.720147Z","2024-06-13","DEFAULT","CASH","CARD_TRANSACTION","","Zalando SE","","","","-31.150000","","","EUR","","","","TR Card Transaction","851dec07-c030-4df7-b028-8d364380d643","","","","5691"
"2024-06-15T10:25:49.343001Z","2024-06-15","DEFAULT","CASH","DIVIDEND","STOCK","Microsoft","US5949181045","0.6143590000","","0.550000","","-0.15","EUR","0.57","USD","0.967807","Cash Dividend for ISIN US5949181045","fcbab574-ee7b-4690-99ed-c10497485aca","","","",""
"2024-06-15T19:38:25.560060Z","2024-06-15","DEFAULT","CASH","DIVIDEND","STOCK","Alphabet (A)","US02079K3059","11.2192120000","","2.720000","","-0.72","EUR","2.78","USD","0.979400","Cash Dividend for ISIN US02079K3059","d1d541ae-9661-4635-98b6-14a38d405fe8","","","",""
"2024-06-15T21:42:47.614915Z","2024-06-15","DEFAULT","CASH","DIVIDEND","FUND","FTSE All-World USD (Dist)","IE00B3RBWM25","35.5307230000","","19.090000","","-5.03","EUR","19.83","USD","0.962873","Cash Dividend for ISIN IE00B3RBWM25","9e6ef995-e770-4b2e-b1b3-8b3d37aa0b8a","","","",""
"2024-06-16T16:32:52.001668Z","2024-06-16","DEFAULT","CASH","CARD_TRANSACTION","","Starbucks Darmstadt","","","","-5.850000","","","EUR","","","","TR Card Transaction","263bf27d-cf90-478b-b277-f9d417f823e5","","","","5814"
"2024-06-18T15:24:43.861169Z","2024-06-18","DEFAULT","CASH","CARD_TRANSACTION","","Netflix.com","","","","-13.990000","","","EUR","","","","TR Card Transaction","9009538c-317e-4980-9a42-049f39012e69","","","","4899"
"2024-06-23T14:47:40.121591Z","2024-06-23","DEFAULT","CASH","CARD_TRANSACTION","","ALDI SUED","","","","-14.910000","","","EUR","","","","TR Card Transaction","b862d684-9542-494e-9267-e8af34735963","","","","5411"
"2024-07-01T01:19:40.037345Z","2024-07-01","DEFAULT","CASH","INTEREST_PAYMENT","","","","","","21.410000","","-5.65","EUR","","","","Interest payment Booking","723c28d7-1b22-4b23-95d7-f3ce3a351406","","","",""
"2024-07-01T19:01:28.340401Z","2024-07-01","DEFAULT","CASH","CUSTOMER_INPAYMENT","","","","","","400.000000","","","EUR","","","","Direct Debit Top up with DE89370400440532013000","387d1c7e-a96d-4667-8b88-05da02d96c68","","","",""
"2024-07-02T08:34:06.132177Z","2024-07-02","DEFAULT","TRADING","BUY","FUND","Core MSCI World USD (Acc)","IE00B4L5Y983","1.0932460000","91.4707","-100.00","","","EUR","","","","Savings plan execution IE00B4L5Y983 iShares III plc - iShares Core MSCI World UCITS ETF USD (Acc), quantity: 1.093246","5864f19a-e1cb-4b67-a0f5-14e051d06cc2","","","",""
"2024-07-02T10:40:31.452041Z","2024-07-02","DEFAULT","TRADING","BUY","FUND","FTSE All-World USD (Dist)","IE00B3RBWM25","0.5573940000","89.7032","-50.00","","","EUR","","","","Savings plan execution IE00B3RBWM25 Vanguard FTSE All-World UCITS ETF (USD) Distributing, quantity: 0.557394","fd077a66-a0ca-43f3-84d1-4e4a4d5dc063","","","",""
"2024-07-02T13:58:52.947472Z","2024-07-02","DEFAULT","TRADING","BUY","STOCK","Apple","US0378331005","0.1312560000","190.4676","-25.00","","","EUR","","","","Savings plan execution US0378331005 APPLE INC., quantity: 0.131256","1d842fee-59aa-4484-8c68-37d5c477c6dc","","","",""
"2024-07-02T14:22:29.722460Z","2024-07-02","DEFAULT","TRADING","BUY","FUND","Core S&P 500 USD (Acc)","IE00B5BMR087","0.0889270000","562.2615","-50.00","","","EUR","","","","Savings plan execution IE00B5BMR087 iShares VII plc - iShares Core S&P 500 UCITS ETF USD (Acc), quantity: 0.088927","33a13b20-a41b-478b-97e3-69b8b430062a","","","",""
"2024-07-02T17:02:09.638953Z","2024-07-02","DEFAULT","TRADING","BUY","CRYPTO","Bitcoin","BTC","0.0010220000","24459.8815","-25.00","","","EUR","","","","Savings plan execution XF000BTC0017 Bitcoin, quantity: 0.001022","aa3ae0cb-2090-4f1e-a276-658511477bb7","","","",""
"2024-07-02T20:02:04.342452Z","2024-07-02","DEFAULT","TRADING","BUY","STOCK","Microsoft","US5949181045","0.0503070000","496.9472","-25.00","","","EUR","","","","Savings plan execution US5949181045 MICROSOFT  DL-,00000625, quantity: 0.050307","60e85d2a-7dac-4f48-91a5-2ce67427d93d","","","",""
"2024-07-05T15:39:32.565347Z","2024-07-05","DEFAULT","CASH","CARD_TRANSACTION","","MCDONALDS 01271","","","","-10.710000","","","EUR","","","","TR Card Transaction","233a5834-1f43-46ba-b596-f46b28d25c40","","","","5814"
"2024-07-11T08:39:18.763535Z","2024-07-11","DEFAULT","TRADING","BUY","CRYPTO","Bitcoin","BTC","0.0033810000","29578.1671","-100.00","-1.00","","EUR","","","","Buy trade XF000BTC0017 Bitcoin, quantity: 0.003381","d8d48475-d7ff-477a-832b-100b0d4de548","","","",""
"2024-07-13T10:29:54.778642Z","2024-07-13","DEFAULT","CASH","CARD_TRANSACTION","","Amazon.de","","","","-67.230000","","","EUR","","","","TR Card Transaction","60d8627e-a4a7-4831-914b-849597268449","","","","5942"
"2024-07-13T11:43:24.268113Z","2024-07-13","DEFAULT","CASH","CARD_TRANSACTION","","Zalando SE","","","","-34.740000","","","EUR","","","","TR Card Transaction","71dfcdc2-1365-44ec-a4c1-95a6513b95c0","","","","5691"
"2024-07-15T15:18:48.330655Z","2024-07-15","DEFAULT","CASH","DIVIDEND","STOCK","NVIDIA","US67066G1040","33.9444130000","","0.410000","","-0.11","EUR","0.42","USD","0.976478","Cash Dividend for ISIN US67066G1040","86f66a27-7d4d-4d31-baff-eae9b870d05a","","","",""
"2024-07-15T20:01:09.655216Z","2024-07-15","DEFAULT","CASH","DIVIDEND","STOCK","Coca-Cola","US1912161007","14.4976300000","","8.410000","","-2.22","EUR","8.63","USD","0.974916","Cash Dividend for ISIN US1912161007","14bd2092-a51b-4861-badf-854ee04184ea","","","",""
"2024-07-20T19:57:38.292426Z","2024-07-20","DEFAULT","CASH","CARD_TRANSACTION","","Amazon.de","","","","-62.090000","","","EUR","","","","TR Card Transaction","fd6c64dd-f103-437b-9802-d7c410e01a97","","","","5942"
"2024-07-22T18:31:48.486449Z","2024-07-22","DEFAULT","CASH","CARD_TRANSACTION","","Spotify","","","","-10.990000","","","EUR","","","","TR Card Transaction","08e07e7d-37b7-4b3f-ad53-03dad0d8adff","","","","5815"
"2024-07-23T20:41:11.716546Z","2024-07-23","DEFAULT","CASH","TRANSFER_INSTANT_OUTBOUND","","","","","","-150.000000","","","EUR","","","","Outgoing transfer for Max Mustermann","3edf9b34-4200-4001-a78f-f38c5cd156f1","","","",""
"2024-07-25T19:01:20.639434Z","2024-07-25","DEFAULT","CASH","CARD_TRANSACTION","","Lidl sagt Danke","","","","-22.190000","","","EUR","","","","TR Card Transaction","fcda951b-9e7d-458b-8472-35ecc8515f32","","","","5411"
"2024-07-28T13:11:30.982663Z","2024-07-28","DEFAULT","CASH","CARD_TRANSACTION","","Rossmann","","","","-12.530000","","","EUR","","","","TR Card Transaction","f502663d-26b6-4bc7-a54d-21044baaeeb9","","","","5912"
"2024-07-28T15:04:57.032390Z","2024-07-28","DEFAULT","CASH","CARD_TRANSACTION","","MCDONALDS 01271","","","","-8.230000","","","EUR","","","","TR Card Transaction","3fdce8c4-e121-48be-8b92-6ee671f14e1c","","","","5814"
"2024-07-31T19:55:33.493050Z","2024-07-31","DEFAULT","CASH","TRANSFER_INSTANT_OUTBOUND","","","","","","-50.000000","","","EUR","","","","Outgoing transfer for Max Mustermann","e4879aaa-5494-4cc0-a51b-eb772596f804","","","",""
"2024-08-01T01:07:45.814320Z","2024-08-01","DEFAULT","CASH","INTEREST_PAYMENT","","","","","","20.130000","","-5.31","EUR","","","","Interest payment Booking","daec2c52-884c-46b6-a9f4-2d1e8a905b9d","","","",""
"2024-08-01T14:56:45.563443Z","2024-08-01","DEFAULT","CASH","CUSTOMER_INPAYMENT","","","","","","400.000000","","","EUR","","","","Direct Debit Top up with DE89370400440532013000","0f56b8fc-9a13-4d1e-8157-54a2c0bd079d","","","",""
"2024-08-02T07:18:51.417749Z","2024-08-02","DEFAULT","TRADING","BUY","FUND","Core MSCI World USD (Acc)","IE00B4L5Y983","1.0208120000","97.9612","-100.00","","","EUR","","","","Savings plan execution IE00B4L5Y983 iShares III plc - iShares Core MSCI World UCITS ETF USD (Acc), quantity: 1.020812","49dc75e5-6802-4f4f-8f83-d517a5dfa9a6","","","",""
"2024-08-02T07:23:25.751435Z","2024-08-02","DEFAULT","TRADING","BUY","FUND","FTSE All-World USD (Dist)","IE00B3RBWM25","0.5922800000","84.4196","-50.00","","","EUR","","","","Savings plan execution IE00B3RBWM25 Vanguard FTSE All-World UCITS ETF (USD) Distributing, quantity: 0.592280","4b48b8c4-d5cb-4a6a-9e11-bf6d0f42c2dd","","","",""
"2024-08-02T09:09:54.275250Z","2024-08-02","DEFAULT","TRADING","BUY","STOCK","Apple","US0378331005","0.1400140000","178.5530","-25.00","","","EUR","","","","Savings plan execution US0378331005 APPLE INC., quantity: 0.140014","0c662dfe-00e2-4d73-ad4c-501c71b5ef65","","","",""
"2024-08-02T09:46:10.384265Z","2024-08-02","DEFAULT","TRADING","BUY","STOCK","Microsoft","US5949181045","0.0426860000","585.6723","-25.00","","","EUR","","","","Savings plan execution US5949181045 MICROSOFT  DL-,00000625, quantity: 0.042686","f04382df-9896-4b5f-9b24-c5a0eec8d385","","","",""
"2024-08-02T16:41:44.077667Z","2024-08-02","DEFAULT","CASH","CARD_TRANSACTION","","MCDONALDS 01271","","","","-7.650000","","","EUR","","","","TR Card Transaction","31bcfdc2-3285-4d34-a385-a63f26b869bd","","","","5814"
"2024-08-02T19:42:21.148845Z","2024-08-02","DEFAULT","TRADING","BUY","CRYPTO","Bitcoin","BTC","0.0008570000","29179.8920","-25.01","","","EUR","","","","Savings plan execution XF000BTC0017 Bitcoin, quantity: 0.000857","3d186e00-4214-4327-b913-da1b985c3797","","","",""
"2024-08-02T20:27:50.130083Z","2024-08-02","DEFAULT","TRADING","BUY","FUND","Core S&P 500 USD (Acc)","IE00B5BMR087","0.0889480000","562.1292","-50.00","","","EUR","","","","Savings plan execution IE00B5BMR087 iShares VII plc - iShares Core S&P 500 UCITS ETF USD (Acc), quantity: 0.088948","f80e6054-0c2a-4e4c-824a-6e24b86d8877","","","",""
"2024-08-03T20:21:50.472253Z","2024-08-03","DEFAULT","CASH","CARD_TRANSACTION","","Pizzeria Da Mario","","","","-19.880000","","","EUR","","","","TR Card Transaction","a932c8db-d216-4781-945e-533a7bd99660","","","","5812"
"2024-08-04T15:01:14.922925Z","2024-08-04","DEFAULT","CASH","CARD_TRANSACTION","","DM-Drogerie Markt","","","","-6.140000","","","EUR","","","","TR Card Transaction","a439926c-26f6-42fb-b095-b85850bf7b37","","","","5912"
"2024-08-07T15:09:37.012652Z","2024-08-07","DEFAULT","CASH","CARD_TRANSACTION","","REWE Darmstadt","","","","-38.740000","","","EUR","","","","TR Card Transaction","5129042a-a6ed-43ca-a0c7-30c9d420cc68","","","","5411"
"2024-08-08T10:37:54.525436Z","2024-08-08","DEFAULT","CASH","CARD_TRANSACTION","","Rossmann","","","","-24.370000","","","EUR","","","","TR Card Transaction","b94f9f63-37fa-4e61-a1b8-186854c8c71d","","","","5912"
"2024-08-15T08:51:03.468328Z","2024-08-15","DEFAULT","CASH","DIVIDEND","STOCK","Apple","US0378331005","13.6055970000","","3.930000","","-1.04","EUR","4.05","USD","0.971494","Cash Dividend for ISIN US0378331005","67f1c511-2c30-44aa-b607-5d847ad7018f","","","",""
"2024-08-15T13:15:16.835998Z","2024-08-15","DEFAULT","CASH","DIVIDEND","STOCK","ASML Holding","NL0010273215","0.5260670000","","0.980000","","-0.26","EUR","","","","Cash Dividend for ISIN NL0010273215","becb134d-ac32-456f-aabc-9f7d16a40c06","","","",""
"2024-08-16T14:35:17.095797Z","2024-08-16","DEFAULT","CASH","CARD_TRANSACTION","","Shell Tankstelle","","","","-37.100000","","","EUR","","","","TR Card Transaction","ddb65e05-5bd8-492d-8bd9-e7fe2efe1a59","","","","5541"
"2024-08-20T12:06:34.618005Z","2024-08-20","DEFAULT","CASH","CARD_TRANSACTION","","Shell Tankstelle","","","","-33.340000","","","EUR","","","","TR Card Transaction","fed7a258-3854-4f74-be88-7574efc4759a","","","","5541"
"2024-08-22T11:21:32.506755Z","2024-08-22","DEFAULT","CASH","CARD_TRANSACTION","","Pizzeria Da Mario","","","","-23.330000","","","EUR","","","","TR Card Transaction","cab6ccf6-18a4-4175-b002-b305519e2afc","","","","5812"
"2024-08-22T14:48:26.630565Z","2024-08-22","DEFAULT","CASH","CARD_TRANSACTION","","Shell Tankstelle","","","","-69.690000","","","EUR","","","","TR Card Transaction","fc7c66e9-b94a-47be-a72a-d08a2eaea2da","","","","5541"
"2024-08-24T11:31:00.334713Z","2024-08-24","DEFAULT","CASH","CARD_TRANSACTION","","Shell Tankstelle","","","","-34.460000","","","EUR","","","","TR Card Transaction","9d15ff9a-4a44-48eb-af4b-ded5cbecb253","","","","5541"
"2024-08-28T12:36:43.162107Z","2024-08-28","DEFAULT","CASH","CARD_TRANSACTION","","DB Vertrieb GmbH","","","","-56.310000","","","EUR","","","","TR Card Transaction","69b017ab-1d9c-441c-85d7-6393f14c928e","","","","4112"
"2024-08-28T18:50:10.893761Z","2024-08-28","DEFAULT","CASH","CARD_TRANSACTION","","HEAG mobilo GmbH","","","","-3.380000","","","EUR","","","","TR Card Transaction","58f68e2b-9aab-4fe3-8938-058eb9ff38c3","","","","4111"
"2024-08-30T15:21:46.371126Z","2024-08-30","DEFAULT","CASH","CARD_TRANSACTION","","DB Vertrieb GmbH","","","","-27.910000","","","EUR","","","","TR Card Transaction","77017de8-2835-44c0-9764-55209cccb67f","","","","4112"
"2024-09-01T01:51:08.479083Z","2024-09-01","DEFAULT","CASH","INTEREST_PAYMENT","","","","","","19.340000","","-5.10","EUR","","","","Interest payment Booking","7bd9f64a-49ee-4a97-a608-059bf0c43528","","","",""
"2024-09-01T07:26:22.677162Z","2024-09-01","DEFAULT","CASH","CUSTOMER_INPAYMENT","","","","","","400.000000","","","EUR","","","","Direct Debit Top up with DE89370400440532013000","37fd7a01-8fa2-44ee-9a13-b74757cfcb43","","","",""
"2024-09-02T12:42:45.268361Z","2024-09-02","DEFAULT","TRADING","BUY","FUND","Core MSCI World USD (Acc)","IE00B4L5Y983","1.1064360000","90.3803","-100.00","","","EUR","","","","Savings plan execution IE00B4L5Y983 iShares III plc - iShares Core MSCI World UCITS ETF USD (Acc), quantity: 1.106436","babd959e-454d-4fb9-bfe7-5d2f83c05fc1","","","",""
"2024-09-02T12:51:13.647554Z","2024-09-02","DEFAULT","TRADING","BUY","STOCK","Microsoft","US5949181045","0.0462830000","540.1546","-25.00","","","EUR","","","","Savings plan execution US5949181045 MICROSOFT  DL-,00000625, quantity: 0.046283","6330daca-caf3-43e0-a75f-88c2f9df203d","","","",""
"2024-09-02T15:53:23.024829Z","2024-09-02","DEFAULT","TRADING","BUY","FUND","FTSE All-World USD (Dist)","IE00B3RBWM25","0.5662150000","88.3057","-50.00","","","EUR","","","","Savings plan execution IE00B3RBWM25 Vanguard FTSE All-World UCITS ETF (USD) Distributing, quantity: 0.566215","a32ddf87-51f2-4e03-905d-34474af92ad1","","","",""
"2024-09-02T16:27:50.400982Z","2024-09-02","DEFAULT","TRADING","BUY","FUND","Core S&P 500 USD (Acc)","IE00B5BMR087","0.0844880000","591.7974","-50.00","","","EUR","","","","Savings plan execution IE00B5BMR087 iShares VII plc - iShares Core S&P 500 UCITS ETF USD (Acc), quantity: 0.084488","dff88596-ea70-49d6-84c1-f715e2d4f90a","","","",""
"2024-09-02T16:35:35.774915Z","2024-09-02","DEFAULT","TRADING","BUY","STOCK","Apple","US0378331005","0.1448550000","172.5863","-25.00","","","EUR","","","","Savings plan execution US0378331005 APPLE INC., quantity: 0.144855","5b0577d4-5ded-46c2-97d1-aa9bcdcf2e38","","","",""
"2024-09-02T20:54:17.112024Z","2024-09-02","DEFAULT","TRADING","BUY","CRYPTO","Bitcoin","BTC","0.0007980000","31308.9247","-24.98","","","EUR","","","","Savings plan execution XF000BTC0017 Bitcoin, quantity: 0.000798","fc2c3071-4a23-4b1c-aa38-23c1838a3317","","","",""
"2024-09-04T09:03:40.359338Z","2024-09-04","DEFAULT","CASH","CARD_TRANSACTION","","MediaMarkt","","","","-84.380000","","","EUR","","","","TR Card Transaction","94ccb824-c2d9-46e8-8ea4-8a5fb085ae47","","","","5732"
"2024-09-05T19:52:09.916403Z","2024-09-05","DEFAULT","CASH","CARD_TRANSACTION","","Lidl sagt Danke","","","","-13.390000","","","EUR","","","","TR Card Transaction","7c96d8f6-edfb-4425-85a0-15bfa9a6f4cc","","","","5411"
"2024-09-08T16:54:23.949069Z","2024-09-08","DEFAULT","CASH","CARD_TRANSACTION","","Lidl sagt Danke","","","","-30.860000","","","EUR","","","","TR Card Transaction","f6c93029-6069-4b44-af9f-f065207d439d","","","","5411"
"2024-09-14T08:35:49.117791Z","2024-09-14","DEFAULT","CASH","CARD_TRANSACTION","","Lidl sagt Danke","","","","-26.500000","","","EUR","","","","TR Card Transaction","3800d760-0d33-41ab-86c8-776b1db1f29f","","","","5411"
"2024-09-15T10:41:21.076573Z","2024-09-15","DEFAULT","CASH","DIVIDEND","FUND","FTSE All-World USD (Dist)","IE00B3RBWM25","37.2466120000","","20.430000","","-5.39","EUR","20.78","USD","0.983079","Cash Dividend for ISIN IE00B3RBWM25","204ce7f8-bd60-44ee-80b9-5e7fbdac151b","","","",""
"2024-09-15T19:52:17.488337Z","2024-09-15","DEFAULT","CASH","DIVIDEND","STOCK","Alphabet (A)","US02079K3059","11.2192120000","","2.750000","","-0.73","EUR","2.78","USD","0.989091","Cash Dividend for ISIN US02079K3059","c6a759ea-f649-4be7-b48e-1ac9304a119f","","","",""
"2024-09-15T20:39:41.200160Z","2024-09-15","DEFAULT","CASH","DIVIDEND","STOCK","Microsoft","US5949181045","0.7536350000","","0.680000","","-0.18","EUR","0.70","USD","0.975808","Cash Dividend for ISIN US5949181045","e723f49d-f799-4149-8107-4f503010ea56","","","",""
"2024-09-16T18:36:18.006662Z","2024-09-16","DEFAULT","CASH","CARD_TRANSACTION","","Netflix.com","","","","-13.990000","","","EUR","","","","TR Card Transaction","72c0a131-6659-4d60-8c17-982261f04dd5","","","","4899"
"2024-09-18T17:57:56.749631Z","2024-09-18","DEFAULT","CASH","CARD_TRANSACTION","","MCDONALDS 01271","","","","-12.700000","","","EUR","","","","TR Card Transaction","a43efb6c-1c5f-4d0b-86be-7004e8189d51","","","","5814"
"2024-09-21T12:19:10.444893Z","2024-09-21","DEFAULT","CASH","CARD_TRANSACTION","","Starbucks Darmstadt","","","","-7.290000","","","EUR","","","","TR Card Transaction","e7ccd13d-2fb0-45bb-bba5-8ac7d3250818","","","","5814"
"2024-09-21T12:49:22.028622Z","2024-09-21","DEFAULT","CASH","CARD_TRANSACTION","","Pizzeria Da Mario","","","","-17.360000","","","EUR","","","","TR Card Transaction","eeff6dd2-a49c-4c32-9a7a-897134f54ef6","","","","5812"
"2024-09-22T12:24:03.468516Z","2024-09-22","DEFAULT","CASH","CARD_TRANSACTION","","Spotify","","","","-10.990000","","","EUR","","","","TR Card Transaction","5698e991-bb03-414a-8d45-7fd2213aec2f","","","","5815"
"2024-09-23T09:10:48.219821Z","2024-09-23","DEFAULT","CASH","CARD_TRANSACTION","","Rossmann","","","","-13.650000","","","EUR","","","","TR Card Transaction","163b888c-e850-472f-8481-3813bf587eae","","","","5912"
"2024-09-25T06:00:24.842438Z","2024-09-25","DEFAULT","CASH","CARD_TRANSACTION","","Netto Marken-Discount","","","","-23.730000","","","EUR","","","","TR Card Transaction","dd03064b-2172-40a5-af0c-df2fc342dd18","","","","5411"
"2024-09-28T14:46:41.940919Z","2024-09-28","DEFAULT","CASH","CARD_TRANSACTION","","REWE Darmstadt","","","","-42.950000","","","EUR","","","","TR Card Transaction","c0da81af-b99c-4f90-880f-5e6c91bbd1f6","","","","5411"
"2024-10-01T01:52:10.439604Z","2024-10-01","DEFAULT","CASH","INTEREST_PAYMENT","","","","","","19.200000","","-5.06","EUR","","","","Interest payment Booking","1beac716-3cee-4ff8-9a57-6b039b9365ae","","","",""
"2024-10-01T15:23:39.435029Z","2024-10-01","DEFAULT","CASH","CUSTOMER_INPAYMENT","","","","","","500.000000","","","EUR","","","","Direct Debit Top up with DE89370400440532013000","efc607d6-8daa-4bc8-94ef-62956b1a99b8","","","",""
"2024-10-02T07:34:24.799541Z","2024-10-02","DEFAULT","TRADING","BUY","STOCK","NVIDIA","US67066G1040","3.1060760000","64.3899","-200.00","-1.00","","EUR","","","","Buy trade US67066G1040 NVIDIA CORP.   DL-,001, quantity: 3.106076","37139981-52bb-426e-a213-2f7b6f6d2e81","","","",""
"2024-10-02T09:50:10.031436Z","2024-10-02","DEFAULT","TRADING","BUY","FUND","FTSE All-World USD (Dist)","IE00B3RBWM25","0.5309200000","94.1762","-50.00","","","EUR","","","","Savings plan execution IE00B3RBWM25 Vanguard FTSE All-World UCITS ETF (USD) Distributing, quantity: 0.530920","b31e6d51-01df-4815-867e-302aa70bee33","","","",""
"2024-10-02T11:23:56.969885Z","2024-10-02","DEFAULT","TRADING","BUY","FUND","Core MSCI World USD (Acc)","IE00B4L5Y983","1.0988750000","91.0021","-100.00","","","EUR","","","","Savings plan execution IE00B4L5Y983 iShares III plc - iShares Core MSCI World UCITS ETF USD (Acc), quantity: 1.098875","4e455ae6-bb1b-4a5a-b9ce-4eb91b0e1f85","","","",""
"2024-10-02T16:01:50.027084Z","2024-10-02","DEFAULT","TRADING","BUY","STOCK","Microsoft","US5949181045","0.0481770000","518.9235","-25.00","","","EUR","","","","Savings plan execution US5949181045 MICROSOFT  DL-,00000625, quantity: 0.048177","bd721950-216a-446d-8f83-3ae675094596","","","",""
"2024-10-02T16:01:56.493357Z","2024-10-02","DEFAULT","TRADING","BUY","CRYPTO","Bitcoin","BTC","0.0009400000","26605.3695","-25.01","","","EUR","","","","Savings plan execution XF000BTC0017 Bitcoin, quantity: 0.000940","16de58ab-ac20-416e-9a16-3d6d130eb48f","","","",""
"2024-10-02T17:58:53.278062Z","2024-10-02","DEFAULT","TRADING","BUY","STOCK","Apple","US0378331005","0.1342000000","186.2888","-25.00","","","EUR","","","","Savings plan execution US0378331005 APPLE INC., quantity: 0.134200","4dfd066e-e2b7-4e29-bee6-cc2e4e0ba0da","","","",""
"2024-10-02T21:13:19.423262Z","2024-10-02","DEFAULT","TRADING","BUY","FUND","Core S&P 500 USD (Acc)","IE00B5BMR087","0.0801720000","623.6555","-50.00","","","EUR","","","","Savings plan execution IE00B5BMR087 iShares VII plc - iShares Core S&P 500 UCITS ETF USD (Acc), quantity: 0.080172","bf793b48-75d1-4309-8c6a-3bff929aff55","","","",""
"2024-10-05T21:57:57.269338Z","2024-10-05","DEFAULT","CASH","CARD_TRANSACTION","","REWE Darmstadt","","","","-16.080000","","","EUR","","","","TR Card Transaction","60ce5e5d-ac69-4d77-86dd-74a0f137fa33","","","","5411"
"2024-10-09T15:21:45.484598Z","2024-10-09","DEFAULT","CASH","CARD_TRANSACTION","","Starbucks Darmstadt","","","","-5.250000","","","EUR","","","","TR Card Transaction","bbba79a0-d938-4e07-abe0-5c80adfc52d7","","","","5814"
"2024-10-11T18:40:03.832773Z","2024-10-11","DEFAULT","CASH","CARD_TRANSACTION","","ALDI SUED","","","","-30.930000","","","EUR","","","","TR Card Transaction","4d99ef7e-691e-45c3-95eb-81c5a0e2fb4c","","","","5411"
"2024-10-12T13:10:25.338199Z","2024-10-12","DEFAULT","CASH","CARD_TRANSACTION","","ALDI SUED","","","","-34.070000","","","EUR","","","","TR Card Transaction","e594918d-e7a9-4c20-8f73-d417169ce997","","","","5411"
"2024-10-12T21:54:22.196868Z","2024-10-12","DEFAULT","CASH","TRANSFER_INSTANT_OUTBOUND","","","","","","-200.000000","","","EUR","","","","Outgoing transfer for Max Mustermann","2a1c3ade-9516-4575-ab11-4d92ba1c2c9f","","","",""
"2024-10-15T14:21:51.914327Z","2024-10-15","DEFAULT","CASH","DIVIDEND","STOCK","NVIDIA","US67066G1040","37.0504890000","","0.460000","","-0.12","EUR","0.46","USD","0.995315","Cash Dividend for ISIN US67066G1040","21f17bab-6485-4264-98c1-a0f1469c8889","","","",""
"2024-10-15T20:42:06.700462Z","2024-10-15","DEFAULT","CASH","DIVIDEND","STOCK","Coca-Cola","US1912161007","14.4976300000","","8.520000","","-2.25","EUR","8.63","USD","0.987212","Cash Dividend for ISIN US1912161007","2498e92f-6458-4582-b5a7-4920c1c84faf","","","",""
"2024-10-19T12:09:53.713633Z","2024-10-19","DEFAULT","CASH","CARD_TRANSACTION","","Kino Darmstadt","","","","-9.910000","","","EUR","","","","TR Card Transaction","348a5144-12e8-4329-b2ed-b3ac0d3253c5","","","","7832"
"2024-10-19T12:46:47.371129Z","2024-10-19","DEFAULT","CASH","CARD_TRANSACTION","","Starbucks Darmstadt","","","","-7.880000","","","EUR","","","","TR Card Transaction","41a6e72e-72bd-419b-be6c-fb54b569de9a","","","","5814"
"2024-10-24T18:57:33.441727Z","2024-10-24","DEFAULT","TRADING","BUY","CRYPTO","XRP","XRP","78.5420090000","1.909806","-150.00","-1.00","","EUR","","","","Buy trade XF000XRP0018 XRP, quantity: 78.542009","2b6edd9f-21f5-48f6-b59f-dfe6057c6205","","","",""
"2024-10-25T15:13:59.769089Z","2024-10-25","DEFAULT","TRADING","BUY","STOCK","Coca-Cola","US1912161007","4.6579120000","64.4065","-300.00","-1.00","","EUR","","","","Buy trade US1912161007 COCA-COLA CO.   DL-,25, quantity: 4.657912","62c541f3-ccd1-4d46-ad09-e9ce8a8b1579","","","",""
"2024-10-29T18:07:46.775584Z","2024-10-29","DEFAULT","CASH","CARD_TRANSACTION","","Pizzeria Da Mario","","","","-15.230000","","","EUR","","","","TR Card Transaction","d32d5b97-2d61-4c3a-bf68-45ad1b6a2d27","","","","5812"
"2024-11-01T01:48:58.754981Z","2024-11-01","DEFAULT","CASH","INTEREST_PAYMENT","","","","","","10.070000","","-2.66","EUR","","","","Interest payment Booking","51e19fc8-5a82-476f-82c4-eb89d84d2003","","","",""
"2024-11-01T20:09:04.922984Z","2024-11-01","DEFAULT","CASH","CUSTOMER_INPAYMENT","","","","","","300.000000","","","EUR","","","","Direct Debit Top up with DE89370400440532013000","d3a54e71-192c-4e85-a24f-bb3d19ad8be9","","","",""
"2024-11-04T08:46:38.628146Z","2024-11-04","DEFAULT","TRADING","BUY","FUND","FTSE All-World USD (Dist)","IE00B3RBWM25","0.5353680000","93.3937","-50.00","","","EUR","","","","Savings plan execution IE00B3RBWM25 Vanguard FTSE All-World UCITS ETF (USD) Distributing, quantity: 0.535368","3c877489-eb7e-4041-9d12-09e7c7e4e2ae","","","",""
"2024-11-04T14:53:46.768021Z","2024-11-04","DEFAULT","TRADING","BUY","CRYPTO","Bitcoin","BTC","0.0007910000","31616.7928","-25.01","","","EUR","","","","Savings plan execution XF000BTC0017 Bitcoin, quantity: 0.000791","deace251-ec69-48cc-a510-6f64101180d6","","","",""
"2024-11-04T15:14:33.108055Z","2024-11-04","DEFAULT","TRADING","BUY","FUND","Core MSCI World USD (Acc)","IE00B4L5Y983","1.0230360000","97.7483","-100.00","","","EUR","","","","Savings plan execution IE00B4L5Y983 iShares III plc - iShares Core MSCI World UCITS ETF USD (Acc), quantity: 1.023036","d796d9e0-e476-44a2-becf-21da3e66a5cb","","","",""
"2024-11-04T17:15:55.891253Z","2024-11-04","DEFAULT","TRADING","BUY","FUND","Core S&P 500 USD (Acc)","IE00B5BMR087","0.0903670000","553.2976","-50.00","","","EUR","","","","Savings plan execution IE00B5BMR087 iShares VII plc - iShares Core S&P 500 UCITS ETF USD (Acc), quantity: 0.090367","472544aa-6d73-400b-83bf-b35454559283","","","",""
"2024-11-04T19:03:40.110299Z","2024-11-04","DEFAULT","TRADING","BUY","STOCK","Microsoft","US5949181045","0.0559280000","447.0017","-25.00","","","EUR","","","","Savings plan execution US5949181045 MICROSOFT  DL-,00000625, quantity: 0.055928","be4b5b21-ceaa-4d83-a6d7-da245744d53a","","","",""
"2024-11-04T21:53:44.453485Z","2024-11-04","DEFAULT","TRADING","BUY","STOCK","Apple","US0378331005","0.1151260000","217.1527","-25.00","","","EUR","","","","Savings plan execution US0378331005 APPLE INC., quantity: 0.115126","0c04fddc-03b7-4ede-95c0-60143e3e3994","","","",""
"2024-11-08T09:36:06.123179Z","2024-11-08","DEFAULT","CASH","CARD_TRANSACTION","","Netto Marken-Discount","","","","-15.580000","","","EUR","","","","TR Card Transaction","af2547c0-8fe1-4529-a292-66b1b84fde22","","","","5411"
"2024-11-10T20:54:29.601195Z","2024-11-10","DEFAULT","CASH","CARD_TRANSACTION","","ALDI SUED","","","","-16.500000","","","EUR","","","","TR Card Transaction","8c34a253-a3d8-4c97-ab78-fb06c9b46c30","","","","5411"
"2024-11-13T07:20:29.733064Z","2024-11-13","DEFAULT","CASH","CARD_TRANSACTION","","Starbucks Darmstadt","","","","-5.380000","","","EUR","","","","TR Card Transaction","7f054045-e18b-403a-b352-b4401ffa5d41","","","","5814"
"2024-11-13T14:22:52.716189Z","2024-11-13","DEFAULT","TRADING","BUY","CRYPTO","Cardano","ADA","457.1902160000","1.093637","-500.00","-1.00","","EUR","","","","Buy trade XF000ADA0010 Cardano, quantity: 457.190216","65b7c149-5c8e-4c75-aeaf-8831b0f4ae97","","","",""
"2024-11-15T08:21:22.646345Z","2024-11-15","DEFAULT","CASH","DIVIDEND","STOCK","Apple","US0378331005","13.9997780000","","4.160000","","-1.10","EUR","4.17","USD","0.997485","Cash Dividend for ISIN US0378331005","13e67443-438f-4ae5-8af7-5b9ea73d5c34","","","",""
"2024-11-15T13:20:53.320691Z","2024-11-15","DEFAULT","CASH","DIVIDEND","STOCK","ASML Holding","NL0010273215","0.5260670000","","0.980000","","-0.26","EUR","","","","Cash Dividend for ISIN NL0010273215","833726fa-7c55-413f-98d9-961e9c2bffbc","","","",""
"2024-11-19T15:48:35.564400Z","2024-11-19","DEFAULT","CASH","CARD_TRANSACTION","","MediaMarkt","","","","-72.450000","","","EUR","","","","TR Card Transaction","6995f9e1-1c45-4f76-b89f-aae75a00cc65","","","","5732"
"2024-11-24T10:42:17.027639Z","2024-11-24","DEFAULT","CASH","CARD_TRANSACTION","","ALDI SUED","","","","-12.850000","","","EUR","","","","TR Card Transaction","10407929-41e0-4f70-a8e9-16b9f24dac15","","","","5411"
"2024-11-24T13:15:56.236802Z","2024-11-24","DEFAULT","CASH","CARD_TRANSACTION","","Zalando SE","","","","-35.710000","","","EUR","","","","TR Card Transaction","72e639b3-5159-4ab4-953c-5376042bd22e","","","","5691"
"2024-11-26T18:40:36.931768Z","2024-11-26","DEFAULT","CASH","CARD_TRANSACTION","","MCDONALDS 01271","","","","-9.120000","","","EUR","","","","TR Card Transaction","399ce715-5ad9-4abc-bb3d-29a8240770cb","","","","5814"
"2024-11-27T17:57:59.982434Z","2024-11-27","DEFAULT","CASH","CARD_TRANSACTION","","Pizzeria Da Mario","","","","-21.920000","","","EUR","","","","TR Card Transaction","6fba4025-4a1f-4ba0-a115-a38cb12ccf90","","","","5812"
"2024-12-01T01:35:52.234843Z","2024-12-01","DEFAULT","CASH","INTEREST_PAYMENT","","","","","","8.710000","","-2.30","EUR","","","","Interest payment Booking","769c8662-8861-4f4a-aec6-56141dbeb73b","","","",""
"2024-12-01T17:45:44.676295Z","2024-12-01","DEFAULT","CASH","CUSTOMER_INPAYMENT","","","","","","300.000000","","","EUR","","","","Direct Debit Top up with DE89370400440532013000","9baa0310-ec83-41eb-bfa5-1e97fc4794d9","","","",""
"2024-12-02T08:10:01.587159Z","2024-12-02","DEFAULT","TRADING","BUY","FUND","FTSE All-World USD (Dist)","IE00B3RBWM25","0.5173830000","96.6401","-50.00","","","EUR","","","","Savings plan execution IE00B3RBWM25 Vanguard FTSE All-World UCITS ETF (USD) Distributing, quantity: 0.517383","ef0accaf-a842-467d-bed8-3c2858af096f","","","",""
"2024-12-02T08:46:17.597429Z","2024-12-02","DEFAULT","TRADING","BUY","CRYPTO","Bitcoin","BTC","0.0008180000","30544.3336","-24.99","","","EUR","","","","Savings plan execution XF000BTC0017 Bitcoin, quantity: 0.000818","d1b0dec6-59ab-44fe-86bf-ad175c462abe","","","",""
"2024-12-02T10:04:43.371628Z","2024-12-02","DEFAULT","TRADING","BUY","STOCK","Microsoft","US5949181045","0.0596950000","418.7928","-25.00","","","EUR","","","","Savings plan execution US5949181045 MICROSOFT  DL-,00000625, quantity: 0.059695","dd900c78-32ae-4e10-b4e6-cac6901f10cc","","","",""
"2024-12-02T17:30:55.740618Z","2024-12-02","DEFAULT","TRADING","BUY","STOCK","Apple","US0378331005","0.1092840000","228.7614","-25.00","","","EUR","","","","Savings plan execution US0378331005 APPLE INC., quantity: 0.109284","5a0135e3-f4f1-42b3-a92a-d7bdc061748a","","","",""
"2024-12-02T20:31:37.457372Z","2024-12-02","DEFAULT","TRADING","BUY","FUND","Core MSCI World USD (Acc)","IE00B4L5Y983","1.0654410000","93.8578","-100.00","","","EUR","","","","Savings plan execution IE00B4L5Y983 iShares III plc - iShares Core MSCI World UCITS ETF USD (Acc), quantity: 1.065441","618da119-9c37-4e77-b83d-9f2cead605ed","","","",""
"2024-12-02T20:35:41.060341Z","2024-12-02","DEFAULT","TRADING","BUY","FUND","Core S&P 500 USD (Acc)","IE00B5BMR087","0.0906960000","551.2896","-50.00","","","EUR","","","","Savings plan execution IE00B5BMR087 iShares VII plc - iShares Core S&P 500 UCITS ETF USD (Acc), quantity: 0.090696","25e81395-c9de-4387-810e-85b555dcdbe7","","","",""
"2024-12-02T21:27:45.801494Z","2024-12-02","DEFAULT","CASH","CARD_TRANSACTION","","REWE Darmstadt","","","","-32.970000","","","EUR","","","","TR Card Transaction","636cc544-91df-4383-aa3a-3cdca9fa15f9","","","","5411"
"2024-12-05T09:49:04.643668Z","2024-12-05","DEFAULT","TRADING","SELL","STOCK","Microsoft","US5949181045","-0.4587170000","409.9901","188.07","-1.00","","EUR","","","","Sell trade US5949181045 MICROSOFT  DL-,00000625, quantity: 0.458717","eb65bcfe-095f-4c69-9178-f4dfaae77c40","","","",""
"2024-12-07T21:46:07.347907Z","2024-12-07","DEFAULT","CASH","CARD_TRANSACTION","","REWE Darmstadt","","","","-30.280000","","","EUR","","","","TR Card Transaction","3f4fd06c-4db4-4d88-b354-913d1ba1af72","","","","5411"
"2024-12-08T18:44:30.145237Z","2024-12-08","DEFAULT","CASH","CARD_TRANSACTION","","Spotify","","","","-10.990000","","","EUR","","","","TR Card Transaction","33414184-e8ba-4ed2-9aa8-69879c701644","","","","5815"
"2024-12-09T11:16:25.210351Z","2024-12-09","DEFAULT","CASH","CARD_TRANSACTION","","Pizzeria Da Mario","","","","-23.490000","","","EUR","","","","TR Card Transaction","835f66ee-2ae7-42bd-a040-777c710bedd1","","","","5812"
"2024-12-11T06:33:00.004887Z","2024-12-11","DEFAULT","CASH","CARD_TRANSACTION","","Amazon.de","","","","-14.880000","","","EUR","","","","TR Card Transaction","ede1e1ce-1a3e-4c29-ab77-654133d626d0","","","","5942"
"2024-12-11T06:51:57.595673Z","2024-12-11","DEFAULT","CASH","CARD_TRANSACTION","","HEAG mobilo GmbH","","","","-4.520000","","","EUR","","","","TR Card Transaction","9f584547-e11c-46ef-8d91-ad941dbd8d9c","","","","4111"
"2024-12-13T20:01:39.040657Z","2024-12-13","DEFAULT","CASH","CARD_TRANSACTION","","Rossmann","","","","-13.670000","","","EUR","","","","TR Card Transaction","e7935fac-1be4-4ea3-9f1f-440c389fa8b5","","","","5912"
"2024-12-13T20:45:54.922402Z","2024-12-13","DEFAULT","CASH","CARD_TRANSACTION","","Amazon.de","","","","-49.330000","","","EUR","","","","TR Card Transaction","568eb920-8457-4d4c-b72e-cf6cb3945624","","","","5942"
"2024-12-15T11:37:33.175516Z","2024-12-15","DEFAULT","CASH","DIVIDEND","STOCK","Microsoft","US5949181045","0.4587180000","","0.420000","","-0.11","EUR","0.43","USD","0.985368","Cash Dividend for ISIN US5949181045","7c1fdc9a-f9e1-4579-baf9-8cd5fa1b1134","","","",""
"2024-12-15T16:29:59.690474Z","2024-12-15","DEFAULT","CASH","DIVIDEND","STOCK","Coca-Cola","US1912161007","19.1555420000","","11.440000","","-3.02","EUR","11.40","USD","1.003160","Cash Dividend for ISIN US1912161007","57a05fcc-72f2-4e50-821c-ea35ac47bfd5","","","",""
"2024-12-15T18:50:28.989867Z","2024-12-15","DEFAULT","CASH","DIVIDEND","FUND","FTSE All-World USD (Dist)","IE00B3RBWM25","38.8302830000","","21.540000","","-5.68","EUR","21.67","USD","0.994172","Cash Dividend for ISIN IE00B3RBWM25","ccfd65f9-e8ef-4a58-b628-1d4e1f01b904","","","",""
"2024-12-15T21:12:38.162794Z","2024-12-15","DEFAULT","CASH","DIVIDEND","STOCK","Alphabet (A)","US02079K3059","11.2192120000","","2.780000","","-0.73","EUR","2.78","USD","1.001217","Cash Dividend for ISIN US02079K3059","29cbb96f-2955-470a-8b66-4f096e70f78e","","","",""
"2024-12-19T18:48:34.674442Z","2024-12-19","DEFAULT","CASH","CARD_TRANSACTION","","MediaMarkt","","","","-144.910000","","","EUR","","","","TR Card Transaction","446f40b9-d2b5-42c8-9289-349f2c806e1f","","","","5732"
"2024-12-20T18:05:31.024991Z","2024-12-20","DEFAULT","CASH","CARD_TRANSACTION","","Netflix.com","","","","-13.990000","","","EUR","","","","TR Card Transaction","ab19b2a0-a9b8-4379-833e-f32198d9d56b","","","","4899"
"2024-12-20T21:39:24.320756Z","2024-12-20","DEFAULT","CASH","CARD_TRANSACTION","","Zalando SE","","","","-27.300000","","","EUR","","","","TR Card Transaction","edf3e586-7fd5-44f1-83cf-909f93eeafdb","","","","5691"
"2024-12-24T11:32:23.714220Z","2024-12-24","DEFAULT","CASH","CARD_TRANSACTION","","Netflix.com","","","","-13.990000","","","EUR","","","","TR Card Transaction","083781e8-05d5-4587-8c25-eb2ddb2039be","","","","4899"
"2024-12-24T12:22:34.054982Z","2024-12-24","DEFAULT","TRADING","BUY","STOCK","ASML Holding","NL0010273215","0.3768390000","530.7305","-200.00","-1.00","","EUR","","","","Buy trade NL0010273215 ASML HOLDING  EO -,09, quantity: 0.376839","409fdc8e-2fb5-443e-aebf-7176b297b5c8","","","",""
"2024-12-27T16:11:24.866723Z","2024-12-27","DEFAULT","CASH","TRANSFER_INSTANT_OUTBOUND","","","","","","-100.000000","","","EUR","","","","Outgoing transfer for Max Mustermann","d0ccdea4-bb62-485a-879e-5229e4726463","","","",""
"2024-12-28T10:38:15.651966Z","2024-12-28","DEFAULT","CASH","CARD_TRANSACTION","","Spotify","","","","-10.990000","","","EUR","","","","TR Card Transaction","62b556fb-0935-40f5-aaad-2356d0b63ed1","","","","5815"
"2024-12-31T12:52:49.511932Z","2024-12-31","DEFAULT","CASH","CARD_TRANSACTION","","Pizzeria Da Mario","","","","-31.380000","","","EUR","","","","TR Card Transaction","3f978506-dfb3-467b-98e1-7d75b21bd856","","","","5812"
"2025-01-01T01:14:04.668568Z","2025-01-01","DEFAULT","CASH","INTEREST_PAYMENT","","","","","","7.710000","","0.00","EUR","","","","Interest payment Booking","651871ff-f3e1-49b5-9f4a-843f710e18c7","","","",""
"2025-01-01T11:47:16.713981Z","2025-01-01","DEFAULT","TRADING","BUY","FUND","Core S&P 500 USD (Acc)","IE00B5BMR087","0.2885590000","519.8238","-150.00","-1.00","","EUR","","","","Buy trade IE00B5BMR087 iShares VII plc - iShares Core S&P 500 UCITS ETF USD (Acc), quantity: 0.288559","c0ffbe36-6737-4af5-b250-2f43b7ac8c3c","","","",""
"2025-01-01T11:57:50.512267Z","2025-01-01","DEFAULT","CASH","TAX_OPTIMIZATION","","","","","","0.000000","","2.60","EUR","","","","Tax Optimisation","b1dfd5e1-a7f5-4f37-a370-53065801bb65","","","",""
"2025-01-01T15:18:54.597801Z","2025-01-01","DEFAULT","CASH","CARD_TRANSACTION","","Spotify","","","","-10.990000","","","EUR","","","","TR Card Transaction","e84bfc5f-dd2c-46a7-8e84-83b45214b0aa","","","","5815"
"2025-01-01T20:08:42.722992Z","2025-01-01","DEFAULT","CASH","CUSTOMER_INPAYMENT","","","","","","300.000000","","","EUR","","","","Direct Debit Top up with DE89370400440532013000","adbac65d-6be6-494b-be48-ad6522d05feb","","","",""
"2025-01-02T07:30:30.114655Z","2025-01-02","DEFAULT","TRADING","BUY","FUND","Core S&P 500 USD (Acc)","IE00B5BMR087","0.0962390000","519.5375","-50.00","","","EUR","","","","Savings plan execution IE00B5BMR087 iShares VII plc - iShares Core S&P 500 UCITS ETF USD (Acc), quantity: 0.096239","5be8d50c-2889-485b-8e6f-ef27f39a8d78","","","",""
"2025-01-02T09:14:02.873563Z","2025-01-02","DEFAULT","TRADING","BUY","STOCK","Microsoft","US5949181045","0.0603120000","414.5131","-25.00","","","EUR","","","","Savings plan execution US5949181045 MICROSOFT  DL-,00000625, quantity: 0.060312","9f996514-7998-4068-9565-9b55553bc53c","","","",""
"2025-01-02T12:05:35.887571Z","2025-01-02","DEFAULT","TRADING","BUY","FUND","Core MSCI World USD (Acc)","IE00B4L5Y983","0.9955060000","100.4515","-100.00","","","EUR","","","","Savings plan execution IE00B4L5Y983 iShares III plc - iShares Core MSCI World UCITS ETF USD (Acc), quantity: 0.995506","dff5af6b-a754-4b3d-8585-dc30d8256077","","","",""
"2025-01-02T18:11:05.799582Z","2025-01-02","DEFAULT","TRADING","BUY","CRYPTO","Bitcoin","BTC","0.0007880000","31738.2654","-25.01","","","EUR","","","","Savings plan execution XF000BTC0017 Bitcoin, quantity: 0.000788","fc0eb438-1a3e-4ddb-9ddf-8fd90b396415","","","",""
"2025-01-02T21:12:08.543398Z","2025-01-02","DEFAULT","TRADING","BUY","FUND","FTSE All-World USD (Dist)","IE00B3RBWM25","0.5260960000","95.0396","-50.00","","","EUR","","","","Savings plan execution IE00B3RBWM25 Vanguard FTSE All-World UCITS ETF (USD) Distributing, quantity: 0.526096","4dbf4ed8-47cb-4156-9179-66f9770c6760","","","",""
"2025-01-13T18:49:36.125453Z","2025-01-13","DEFAULT","TRADING","BUY","STOCK","Microsoft","US5949181045","1.2603820000","396.7050","-500.00","-1.00","","EUR","","","","Buy trade US5949181045 MICROSOFT  DL-,00000625, quantity: 1.260382","731c1a50-5c84-468a-a07d-eb7fccf84fea","","","",""
"2025-01-14T18:18:43.645974Z","2025-01-14","DEFAULT","TRADING","BUY","FUND","Core MSCI World USD (Acc)","IE00B4L5Y983","2.5285900000","98.8693","-250.00","-1.00","","EUR","","","","Buy trade IE00B4L5Y983 iShares III plc - iShares Core MSCI World UCITS ETF USD (Acc), quantity: 2.528590","0800f889-4479-44db-97b1-3c614fcbc1ed","","","",""
"2025-01-15T21:58:57.160576Z","2025-01-15","DEFAULT","CASH","DIVIDEND","STOCK","NVIDIA","US67066G1040","37.0504890000","","0.480000","","-0.13","EUR","0.48","USD","0.998224","Cash Dividend for ISIN US67066G1040","ae2b5405-64a8-4d40-ab7f-f91e319ca6c1","","","",""
"2025-01-19T17:13:25.441597Z","2025-01-19","DEFAULT","CASH","CARD_TRANSACTION","","Spotify","","","","-10.990000","","","EUR","","","","TR Card Transaction","0f7bb109-2071-42b1-9846-ccf7bb930303","","","","5815"
"2025-01-19T20:28:24.486032Z","2025-01-19","DEFAULT","CASH","CARD_TRANSACTION","","Netflix.com","","","","-13.990000","","","EUR","","","","TR Card Transaction","76d81e00-7fc7-40cb-acee-99098b66585b","","","","4899"
"2025-01-28T16:29:15.910195Z","2025-01-28","DEFAULT","CASH","CARD_TRANSACTION","","MCDONALDS 01271","","","","-6.510000","","","EUR","","","","TR Card Transaction","b35f0981-ba73-41f6-9f1b-98ca74a7bc4b","","","","5814"
"2025-02-01T01:39:58.330825Z","2025-02-01","DEFAULT","CASH","INTEREST_PAYMENT","","","","","","5.860000","","0.00","EUR","","","","Interest payment Booking","c34daf83-19ae-425b-b002-882ba322282d","","","",""
"2025-02-01T15:53:04.380570Z","2025-02-01","DEFAULT","CASH","CUSTOMER_INPAYMENT","","","","","","300.000000","","","EUR","","","","Direct Debit Top up with DE89370400440532013000","6c522abf-3a07-485d-a617-dc1fcb78281b","","","",""
"2025-02-03T11:26:07.558162Z","2025-02-03","DEFAULT","TRADING","BUY","FUND","FTSE All-World USD (Dist)","IE00B3RBWM25","0.4622630000","108.1635","-50.00","","","EUR","","","","Savings plan execution IE00B3RBWM25 Vanguard FTSE All-World UCITS ETF (USD) Distributing, quantity: 0.462263","6822c292-512e-435e-8489-94f49664b542","","","",""
"2025-02-03T11:57:56.159401Z","2025-02-03","DEFAULT","TRADING","BUY","FUND","Core MSCI World USD (Acc)","IE00B4L5Y983","1.0198050000","98.0580","-100.00","","","EUR","","","","Savings plan execution IE00B4L5Y983 iShares III plc - iShares Core MSCI World UCITS ETF USD (Acc), quantity: 1.019805","b2c6405d-fecc-45cd-91f3-b855bba3ec4a","","","",""
"2025-02-03T13:07:42.991325Z","2025-02-03","DEFAULT","TRADING","BUY","CRYPTO","Bitcoin","BTC","0.0009500000","26319.8928","-25.00","","","EUR","","","","Savings plan execution XF000BTC0017 Bitcoin, quantity: 0.000950","cc90afb5-9e04-4169-b980-d8e54f30ee04","","","",""
"2025-02-03T19:10:35.579150Z","2025-02-03","DEFAULT","TRADING","BUY","FUND","Core S&P 500 USD (Acc)","IE00B5BMR087","0.1006190000","496.9262","-50.00","","","EUR","","","","Savings plan execution IE00B5BMR087 iShares VII plc - iShares Core S&P 500 UCITS ETF USD (Acc), quantity: 0.100619","b3891c0d-74be-4dd5-9df0-e8ae6a24f915","","","",""
"2025-02-03T21:44:17.723479Z","2025-02-03","DEFAULT","TRADING","BUY","STOCK","Microsoft","US5949181045","0.0640340000","390.4191","-25.00","","","EUR","","","","Savings plan execution US5949181045 MICROSOFT  DL-,00000625, quantity: 0.064034","e02c16fe-3c10-4dde-b4d6-5087ee11433f","","","",""
"2025-02-06T17:04:11.141498Z","2025-02-06","DEFAULT","CASH","CARD_TRANSACTION","","HEAG mobilo GmbH","","","","-7.540000","","","EUR","","","","TR Card Transaction","0ae2fc00-bf4e-42bb-98e9-ffdab7328728","","","","4111"
"2025-02-08T08:22:38.838145Z","2025-02-08","DEFAULT","CASH","CARD_TRANSACTION","","DB Vertrieb GmbH","","","","-45.280000","","","EUR","","","","TR Card Transaction","44017f9a-6fc9-48dd-8742-734f4c62e527","","","","4112"
"2025-02-15T14:44:24.351938Z","2025-02-15","DEFAULT","CASH","DIVIDEND","STOCK","Apple","US0378331005","14.1090620000","","4.410000","","-1.16","EUR","4.40","USD","1.001219","Cash Dividend for ISIN US0378331005","9d3d2750-e727-4152-af6d-33170c20173d","","","",""
"2025-02-15T17:51:32.895092Z","2025-02-15","DEFAULT","CASH","DIVIDEND","STOCK","ASML Holding","NL0010273215","0.9029060000","","1.760000","","-0.46","EUR","","","","Cash Dividend for ISIN NL0010273215","3cff3f3c-6e57-4707-b059-799a8b206409","","","",""
"2025-02-16T14:35:12.512575Z","2025-02-16","DEFAULT","CASH","CARD_TRANSACTION","","DM-Drogerie Markt","","","","-28.400000","","","EUR","","","","TR Card Transaction","ecb1596e-5cb4-469e-9ecf-a2e0793858c3","","","","5912"
"2025-02-18T09:15:04.185710Z","2025-02-18","DEFAULT","TRADING","BUY","STOCK","NVIDIA","US67066G1040","4.9014050000","102.0116","-500.00","-1.00","","EUR","","","","Buy trade US67066G1040 NVIDIA CORP.   DL-,001, quantity: 4.901405","967d65ea-6383-4d91-ad69-538579078001","","","",""
"2025-02-18T13:49:05.905645Z","2025-02-18","DEFAULT","CASH","CARD_TRANSACTION","","DM-Drogerie Markt","","","","-18.010000","","","EUR","","","","TR Card Transaction","fe18ec37-65d1-4095-9084-1bedf777acd1","","","","5912"
"2025-02-19T20:40:55.346974Z","2025-02-19","DEFAULT","CASH","CARD_TRANSACTION","","Lidl sagt Danke","","","","-8.000000","","","EUR","","","","TR Card Transaction","a447be71-5848-4d03-a961-210f01e3f653","","","","5411"
"2025-02-20T08:00:27.830045Z","2025-02-20","DEFAULT","CASH","CARD_TRANSACTION","","Lidl sagt Danke","","","","-8.940000","","","EUR","","","","TR Card Transaction","af38d1d9-c3e2-4c75-ab87-159dfd24f3ff","","","","5411"
"2025-02-26T15:38:26.531265Z","2025-02-26","DEFAULT","CASH","CARD_TRANSACTION","","Starbucks Darmstadt","","","","-4.810000","","","EUR","","","","TR Card Transaction","f7374022-fead-41b4-8420-69ead2f6305c","","","","5814"
"2025-02-27T15:48:10.067793Z","2025-02-27","DEFAULT","CASH","TRANSFER_INSTANT_OUTBOUND","","","","","","-150.000000","","","EUR","","","","Outgoing transfer for Max Mustermann","5945b971-9562-46d9-b866-fbc078edd87b","","","",""
"2025-03-01T01:05:20.616708Z","2025-03-01","DEFAULT","CASH","INTEREST_PAYMENT","","","","","","4.800000","","0.00","EUR","","","","Interest payment Booking","112c9a1b-ec69-488d-abe0-cdd34e209690","","","",""
"2025-03-01T20:00:47.707265Z","2025-03-01","DEFAULT","CASH","CUSTOMER_INPAYMENT","","","","","","500.000000","","","EUR","","","","Direct Debit Top up with DE89370400440532013000","00663da8-08f9-4689-8d99-5bbc8525a107","","","",""
"2025-03-03T07:44:22.429635Z","2025-03-03","DEFAULT","TRADING","BUY","CRYPTO","Bitcoin","BTC","0.0008810000","28362.8561","-24.99","","","EUR","","","","Savings plan execution XF000BTC0017 Bitcoin, quantity: 0.000881","beaee277-adf1-4891-b822-a347b5f58b9d","","","",""
"2025-03-03T12:14:37.178837Z","2025-03-03","DEFAULT","TRADING","BUY","STOCK","Microsoft","US5949181045","0.0625330000","399.7915","-25.00","","","EUR","","","","Savings plan execution US5949181045 MICROSOFT  DL-,00000625, quantity: 0.062533","4211f789-352d-4894-ae45-a8b1a4a8b80e","","","",""
"2025-03-03T16:28:22.778245Z","2025-03-03","DEFAULT","TRADING","BUY","FUND","Core MSCI World USD (Acc)","IE00B4L5Y983","1.0085510000","99.1522","-100.00","","","EUR","","","","Savings plan execution IE00B4L5Y983 iShares III plc - iShares Core MSCI World UCITS ETF USD (Acc), quantity: 1.008551","69e9f366-35ca-4206-8838-8315b0548ced","","","",""
"2025-03-03T21:20:34.781156Z","2025-03-03","DEFAULT","TRADING","BUY","FUND","Core S&P 500 USD (Acc)","IE00B5BMR087","0.0995020000","502.5040","-50.00","","","EUR","","","","Savings plan execution IE00B5BMR087 iShares VII plc - iShares Core S&P 500 UCITS ETF USD (Acc), quantity: 0.099502","677804d5-e26f-4129-b89a-463ed22e489d","","","",""
"2025-03-03T21:23:31.314831Z","2025-03-03","DEFAULT","TRADING","BUY","FUND","FTSE All-World USD (Dist)","IE00B3RBWM25","0.4792230000","104.3355","-50.00","","","EUR","","","","Savings plan execution IE00B3RBWM25 Vanguard FTSE All-World UCITS ETF (USD) Distributing, quantity: 0.479223","1835a6c8-5f42-485b-a8ce-06f518ca13ce","","","",""
"2025-03-08T12:01:31.411284Z","2025-03-08","DEFAULT","CASH","CARD_TRANSACTION","","DM-Drogerie Markt","","","","-9.580000","","","EUR","","","","TR Card Transaction","2936a51f-6d1a-4a1b-9a99-46995b0c0e09","","","","5912"
"2025-03-09T11:31:42.062663Z","2025-03-09","DEFAULT","CASH","CARD_TRANSACTION","","Netflix.com","","","","-13.990000","","","EUR","","","","TR Card Transaction","1c3a4dd8-6001-4d77-8b27-9066bd96b2fd","","","","4899"
"2025-03-09T21:38:46.523382Z","2025-03-09","DEFAULT","CASH","CARD_TRANSACTION","","Pizzeria Da Mario","","","","-17.240000","","","EUR","","","","TR Card Transaction","052851af-51dc-405d-b109-32a72f72bb1e","","","","5812"
"2025-03-11T16:40:19.717286Z","2025-03-11","DEFAULT","CASH","CARD_TRANSACTION","","DB Vertrieb GmbH","","","","-41.210000","","","EUR","","","","TR Card Transaction","8fa37179-21cf-4dfd-b78a-bfc54b9852e9","","","","4112"
"2025-03-12T10:23:36.496524Z","2025-03-12","DEFAULT","CASH","CARD_TRANSACTION","","Amazon.de","","","","-66.110000","","","EUR","","","","TR Card Transaction","6d8319ca-549c-4132-8ca5-5d0a94d739c7","","","","5942"
"2025-03-13T16:40:58.945647Z","2025-03-13","DEFAULT","CASH","CARD_TRANSACTION","","Starbucks Darmstadt","","","","-8.550000","","","EUR","","","","TR Card Transaction","b7eacd6e-bd96-481b-a95d-ca8e9ac90724","","","","5814"
"2025-03-14T16:50:40.600073Z","2025-03-14","DEFAULT","CASH","CARD_TRANSACTION","","MCDONALDS 01271","","","","-14.020000","","","EUR","","","","TR Card Transaction","0e20b8e0-aa87-494b-b5ea-73aeb6f428ab","","","","5814"
"2025-03-15T13:31:36.492571Z","2025-03-15","DEFAULT","CASH","DIVIDEND","STOCK","Microsoft","US5949181045","1.9059790000","","1.850000","","-0.49","EUR","1.86","USD","0.993302","Cash Dividend for ISIN US5949181045","fceee537-1f0c-4949-b442-3aacad444858","","","",""
"2025-03-15T16:32:56.100225Z","2025-03-15","DEFAULT","CASH","DIVIDEND","FUND","FTSE All-World USD (Dist)","IE00B3RBWM25","40.2978650000","","23.720000","","-6.26","EUR","23.57","USD","1.006373","Cash Dividend for ISIN IE00B3RBWM25","f6e5974e-335f-4552-86fa-6d86fbaaf776","","","",""
"2025-03-16T14:04:28.408500Z","2025-03-16","DEFAULT","CASH","CARD_TRANSACTION","","Kino Darmstadt","","","","-11.450000","","","EUR","","","","TR Card Transaction","dd9faee4-e38d-47ca-814e-ca4ba55a8a80","","","","7832"
"2025-03-23T15:01:01.683288Z","2025-03-23","DEFAULT","CASH","CARD_TRANSACTION","","Pizzeria Da Mario","","","","-16.700000","","","EUR","","","","TR Card Transaction","57b3b595-1db4-4e81-b266-da953e5525b1","","","","5812"
"2025-03-25T12:45:38.475354Z","2025-03-25","DEFAULT","CASH","CARD_TRANSACTION","","Pizzeria Da Mario","","","","-22.490000","","","EUR","","","","TR Card Transaction","d8e63085-7520-47bd-a81e-7757d6c71aef","","","","5812"
"2025-03-26T16:35:30.386737Z","2025-03-26","DEFAULT","TRADING","BUY","STOCK","Microsoft","US5949181045","1.1737130000","425.9985","-500.00","-1.00","","EUR","","","","Buy trade US5949181045 MICROSOFT  DL-,00000625, quantity: 1.173713","3fc347bf-c38c-471d-9efc-673a4b36ad28","","","",""
"2025-03-27T07:41:18.339753Z","2025-03-27","DEFAULT","CASH","CARD_TRANSACTION","","Rossmann","","","","-9.510000","","","EUR","","","","TR Card Transaction","b24720d9-6651-4c55-85bf-f1502f609580","","","","5912"
"2025-03-28T08:59:04.146707Z","2025-03-28","DEFAULT","TRADING","BUY","STOCK","NVIDIA","US67066G1040","1.6159530000","123.7660","-200.00","-1.00","","EUR","","","","Buy trade US67066G1040 NVIDIA CORP.   DL-,001, quantity: 1.615953","69623c4f-39e2-4cac-81c3-b2269169d110","","","",""
"2025-03-29T16:05:26.360262Z","2025-03-29","DEFAULT","CASH","CARD_TRANSACTION","","Amazon.de","","","","-78.010000","","","EUR","","","","TR Card Transaction","97d7a9d6-5f62-45cf-87da-4fbe8f2436f5","","","","5942"
"2025-03-30T18:44:09.574721Z","2025-03-30","DEFAULT","CASH","CARD_TRANSACTION","","Kino Darmstadt","","","","-11.080000","","","EUR","","","","TR Card Transaction","8dbfe845-a0de-4aa1-a21c-49b476df57d6","","","","7832"
"2025-04-01T01:44:14.501946Z","2025-04-01","DEFAULT","CASH","INTEREST_PAYMENT","","","","","","3.240000","","0.00","EUR","","","","Interest payment Booking","4a95e592-1230-4e02-af50-a8799ad12a00","","","",""
"2025-04-01T06:03:41.883837Z","2025-04-01","DEFAULT","CASH","CUSTOMER_INPAYMENT","","","","","","500.000000","","","EUR","","","","Direct Debit Top up with DE89370400440532013000","b82f4f83-6b27-49ac-8b1e-79f07cd271b4","","","",""
"2025-04-01T13:09:55.144360Z","2025-04-01","DEFAULT","TRADING","BUY","STOCK","SAP","DE0007164600","2.9813780000","167.7077","-500.00","-1.00","","EUR","","","","Buy trade DE0007164600 SAP SE O.N., quantity: 2.981378","204b4350-8bec-47a1-84cf-379946e90a5c","","","",""
"2025-04-02T06:32:48.303708Z","2025-04-02","DEFAULT","TRADING","BUY","FUND","Core MSCI World USD (Acc)","IE00B4L5Y983","1.0725780000","93.2333","-100.00","","","EUR","","","","Savings plan execution IE00B4L5Y983 iShares III plc - iShares Core MSCI World UCITS ETF USD (Acc), quantity: 1.072578","2efed3dc-9fbf-4745-a96f-4fe82f753267","","","",""
"2025-04-02T12:37:02.218981Z","2025-04-02","DEFAULT","TRADING","BUY","STOCK","Microsoft","US5949181045","0.0581440000","429.9637","-25.00","","","EUR","","","","Savings plan execution US5949181045 MICROSOFT  DL-,00000625, quantity: 0.058144","fb8cc211-7ed0-4123-b70a-f26f68c662ed","","","",""
"2025-04-02T13:37:31.007499Z","2025-04-02","DEFAULT","TRADING","BUY","CRYPTO","Bitcoin","BTC","0.0010430000","23970.7107","-25.00","","","EUR","","","","Savings plan execution XF000BTC0017 Bitcoin, quantity: 0.001043","a112259e-091f-4b29-99c4-6a5cadfa1786","","","",""
"2025-04-02T19:35:04.042079Z","2025-04-02","DEFAULT","TRADING","BUY","FUND","Core S&P 500 USD (Acc)","IE00B5BMR087","0.1059480000","471.9318","-50.00","","","EUR","","","","Savings plan execution IE00B5BMR087 iShares VII plc - iShares Core S&P 500 UCITS ETF USD (Acc), quantity: 0.105948","cce3b844-116a-48dc-a74f-a71d89179fd6","","","",""
"2025-04-02T21:01:42.749461Z","2025-04-02","DEFAULT","TRADING","BUY","FUND","FTSE All-World USD (Dist)","IE00B3RBWM25","0.4759080000","105.0624","-50.00","","","EUR","","","","Savings plan execution IE00B3RBWM25 Vanguard FTSE All-World UCITS ETF (USD) Distributing, quantity: 0.475908","b6cd64b0-de92-485a-95f3-1827c3d01e8f","","","",""
"2025-04-03T15:17:35.392482Z","2025-04-03","DEFAULT","CASH","TRANSFER_INSTANT_OUTBOUND","","","","","","-300.000000","","","EUR","","","","Outgoing transfer for Max Mustermann","9f3deb45-8f29-4dfc-b511-bc2403b1d379","","","",""
"2025-04-08T15:53:44.706956Z","2025-04-08","DEFAULT","CASH","CARD_TRANSACTION","","MediaMarkt","","","","-151.100000","","","EUR","","","","TR Card Transaction","be546300-44b1-408c-868e-f13fced5a157","","","","5732"
"2025-04-10T11:55:21.216376Z","2025-04-10","DEFAULT","CASH","CARD_TRANSACTION","","REWE Darmstadt","","","","-12.090000","","","EUR","","","","TR Card Transaction","01f511e1-11e7-49e1-9763-bfa640083a05","","","","5411"
"2025-04-14T07:54:00.992778Z","2025-04-14","DEFAULT","TRADING","BUY","STOCK","Apple","US0378331005","1.1482990000","217.7133","-250.00","-1.00","","EUR","","","","Buy trade US0378331005 APPLE INC., quantity: 1.148299","61776bfe-adb7-47ed-8788-573c7a94982f","","","",""
"2025-04-15T09:19:09.275487Z","2025-04-15","DEFAULT","CASH","CARD_TRANSACTION","","DB Vertrieb GmbH","","","","-48.290000","","","EUR","","","","TR Card Transaction","561ec571-f67f-4e02-953d-a04ec01df8cc","","","","4112"
"2025-04-15T12:27:47.919018Z","2025-04-15","DEFAULT","CASH","DIVIDEND","STOCK","NVIDIA","US67066G1040","43.5678470000","","0.570000","","-0.15","EUR","0.57","USD","0.996856","Cash Dividend for ISIN US67066G1040","7355bb2d-128b-4b5e-8ad1-fe27092c6072","","","",""
"2025-04-15T14:26:41.023482Z","2025-04-15","DEFAULT","CASH","DIVIDEND","STOCK","Coca-Cola","US1912161007","19.1555420000","","11.910000","","-3.14","EUR","11.95","USD","0.996952","Cash Dividend for ISIN US1912161007","b68928d1-69ca-4c41-adba-ca05933793ef","","","",""
"2025-04-20T18:01:02.521586Z","2025-04-20","DEFAULT","CASH","CARD_TRANSACTION","","MCDONALDS 01271","","","","-5.650000","","","EUR","","","","TR Card Transaction","23abc4f5-06da-4910-828d-0ce5b7553779","","","","5814"
"2025-04-21T08:49:56.294464Z","2025-04-21","DEFAULT","CASH","TRANSFER_INSTANT_INBOUND","","","","","","350.000000","","","EUR","","","","Incoming transfer from Max Mustermann","12fc8782-b143-4642-900f-ff4b4301bd0c","","","",""
"2025-04-21T15:46:30.212544Z","2025-04-21","DEFAULT","TRADING","BUY","STOCK","Microsoft","US5949181045","0.6383480000","469.9633","-300.00","-1.00","","EUR","","","","Buy trade US5949181045 MICROSOFT  DL-,00000625, quantity: 0.638348","5f6a29d4-c078-48ac-88b5-0715afe738e3","","","",""
"2025-04-22T07:55:36.875972Z","2025-04-22","DEFAULT","CASH","CARD_TRANSACTION","","REWE Darmstadt","","","","-44.830000","","","EUR","","","","TR Card Transaction","055e09a4-49a1-4d6e-8bb5-a6fa1bf418b6","","","","5411"
"2025-04-25T17:26:11.608396Z","2025-04-25","DEFAULT","CASH","CARD_TRANSACTION","","HEAG mobilo GmbH","","","","-6.280000","","","EUR","","","","TR Card Transaction","145bd823-3c9e-4144-8949-2d0ddee50090","","","","4111"
"2025-04-26T21:43:34.427636Z","2025-04-26","DEFAULT","CASH","CARD_TRANSACTION","","DB Vertrieb GmbH","","","","-16.530000","","","EUR","","","","TR Card Transaction","c9c2efef-5e01-4aba-bcf2-fa86a9e7f696","","","","4112"
"2025-04-28T10:38:21.566452Z","2025-04-28","DEFAULT","CASH","CARD_TRANSACTION","","Rossmann","","","","-22.460000","","","EUR","","","","TR Card Transaction","d86bb352-cf9d-4c71-a636-d9127cf5a520","","","","5912"
"2025-04-28T16:32:58.901472Z","2025-04-28","DEFAULT","CASH","TRANSFER_INSTANT_INBOUND","","","","","","50.000000","","","EUR","","","","Incoming transfer from Max Mustermann","817d2d96-6e8b-4424-ac73-4de758afd960","","","",""
"2025-05-01T01:42:10.775643Z","2025-05-01","DEFAULT","CASH","INTEREST_PAYMENT","","","","","","1.160000","","0.00","EUR","","","","Interest payment Booking","840784e8-4e55-4d05-8b35-bfacb46f7bc6","","","",""
"2025-05-01T06:16:59.577187Z","2025-05-01","DEFAULT","CASH","CUSTOMER_INPAYMENT","","","","","","500.000000","","","EUR","","","","Direct Debit Top up with DE89370400440532013000","a8aa31be-6daf-464c-b20c-aa919364c3fc","","","",""
"2025-05-02T10:53:44.938721Z","2025-05-02","DEFAULT","TRADING","BUY","CRYPTO","Bitcoin","BTC","0.0009110000","27431.4140","-24.99","","","EUR","","","","Savings plan execution XF000BTC0017 Bitcoin, quantity: 0.000911","53952ca0-9337-4b47-8f47-015c329847b9","","","",""
"2025-05-02T13:40:41.475690Z","2025-05-02","DEFAULT","TRADING","BUY","STOCK","Microsoft","US5949181045","0.0504300000","495.7376","-25.00","","","EUR","","","","Savings plan execution US5949181045 MICROSOFT  DL-,00000625, quantity: 0.050430","5c4651a4-41ef-497e-9f5c-0bcc4f420969","","","",""
"2025-05-02T17:35:59.414146Z","2025-05-02","DEFAULT","TRADING","BUY","FUND","Core MSCI World USD (Acc)","IE00B4L5Y983","1.0789490000","92.6827","-100.00","","","EUR","","","","Savings plan execution IE00B4L5Y983 iShares III plc - iShares Core MSCI World UCITS ETF USD (Acc), quantity: 1.078949","67a85c7e-522a-4d31-80b3-19ff4c17e8d6","","","",""
"2025-05-02T18:14:36.368191Z","2025-05-02","DEFAULT","TRADING","BUY","FUND","FTSE All-World USD (Dist)","IE00B3RBWM25","0.4525650000","110.4813","-50.00","","","EUR","","","","Savings plan execution IE00B3RBWM25 Vanguard FTSE All-World UCITS ETF (USD) Distributing, quantity: 0.452565","bfe4ddd1-ddc3-41bf-b4ea-c0c069596930","","","",""
"2025-05-02T19:44:48.111596Z","2025-05-02","DEFAULT","TRADING","BUY","FUND","Core S&P 500 USD (Acc)","IE00B5BMR087","0.1039100000","481.1866","-50.00","","","EUR","","","","Savings plan execution IE00B5BMR087 iShares VII plc - iShares Core S&P 500 UCITS ETF USD (Acc), quantity: 0.103910","452b8182-55a5-46ad-9e2e-268d96c90245","","","",""
"2025-05-05T06:18:07.217146Z","2025-05-05","DEFAULT","CASH","CARD_TRANSACTION","","MCDONALDS 01271","","","","-5.240000","","","EUR","","","","TR Card Transaction","78319f2c-dff0-4701-8915-baf81dc8870e","","","","5814"
"2025-05-08T21:02:31.335158Z","2025-05-08","DEFAULT","CASH","CARD_TRANSACTION","","MediaMarkt","","","","-22.750000","","","EUR","","","","TR Card Transaction","68936c18-0131-40f3-9575-7dd9875ce5d6","","","","5732"
"2025-05-10T21:01:24.040550Z","2025-05-10","DEFAULT","CASH","CARD_TRANSACTION","","Amazon.de","","","","-76.340000","","","EUR","","","","TR Card Transaction","92b964a5-561d-44d3-96e7-330975d93128","","","","5942"
"2025-05-15T07:16:37.123384Z","2025-05-15","DEFAULT","CASH","DIVIDEND","STOCK","SAP","DE0007164600","4.8886870000","","13.980000","","-3.69","EUR","","","","Cash Dividend for ISIN DE0007164600","e5b050d3-12f4-4863-9005-d02c5261f50e","","","",""
"2025-05-15T07:18:38.347514Z","2025-05-15","DEFAULT","CASH","CARD_TRANSACTION","","DB Vertrieb GmbH","","","","-52.530000","","","EUR","","","","TR Card Transaction","5c76819a-3130-4131-9baa-2c3d25a25e24","","","","4112"
"2025-05-15T08:32:11.485679Z","2025-05-15","DEFAULT","CASH","DIVIDEND","STOCK","Apple","US0378331005","15.2573610000","","4.760000","","-1.26","EUR","4.76","USD","1.000070","Cash Dividend for ISIN US0378331005","22baff0c-7353-45ae-890d-1367a8aa1e16","","","",""
"2025-05-15T14:44:36.407034Z","2025-05-15","DEFAULT","CASH","DIVIDEND","STOCK","Allianz","DE0008404005","6.4038660000","","99.900000","","-26.35","EUR","","","","Cash Dividend for ISIN DE0008404005","2c26afb4-fb92-4050-8652-f9ca4adc001e","","","",""
"2025-05-15T21:11:57.473668Z","2025-05-15","DEFAULT","CASH","DIVIDEND","STOCK","ASML Holding","NL0010273215","0.9029060000","","1.760000","","-0.46","EUR","","","","Cash Dividend for ISIN NL0010273215","c8b8a11c-4733-40a2-93e4-6b8b5e3dde2b","","","",""
"2025-05-20T06:28:31.384487Z","2025-05-20","DEFAULT","CASH","CARD_TRANSACTION","","DM-Drogerie Markt","","","","-22.730000","","","EUR","","","","TR Card Transaction","f60b8c83-794b-4def-b981-f81f29e220b3","","","","5912"
"2025-05-20T17:40:34.111493Z","2025-05-20","DEFAULT","CASH","CARD_TRANSACTION","","Netflix.com","","","","-13.990000","","","EUR","","","","TR Card Transaction","a928fc6e-8e77-401c-95c1-efa9db8d4687","","","","4899"
"2025-05-23T09:35:02.243529Z","2025-05-23","DEFAULT","CASH","CARD_TRANSACTION","","Rossmann","","","","-15.390000","","","EUR","","","","TR Card Transaction","fcd452b9-d5e3-49cd-9d4e-1e69c71f5e26","","","","5912"
"2025-05-23T11:42:12.467771Z","2025-05-23","DEFAULT","CASH","TRANSFER_INSTANT_INBOUND","","","","","","100.000000","","","EUR","","","","Incoming transfer from Max Mustermann","9dfb030b-ab53-45d6-8d90-49df54c4cd87","","","",""
"2025-05-23T17:35:16.501093Z","2025-05-23","DEFAULT","TRADING","BUY","STOCK","Alphabet (A)","US02079K3059","1.2272060000","203.7148","-250.00","-1.00","","EUR","","","","Buy trade US02079K3059 ALPHABET INC.CL.A DL-,001, quantity: 1.227206","981e53dd-8ab7-4c79-b3dd-3f5b863e3092","","","",""
"2025-05-26T13:55:30.840145Z","2025-05-26","DEFAULT","CASH","CARD_TRANSACTION","","DM-Drogerie Markt","","","","-10.950000","","","EUR","","","","TR Card Transaction","0183a881-dc96-4ae7-94df-32a75f55d999","","","","5912"
"2025-06-01T01:59:23.409758Z","2025-06-01","DEFAULT","CASH","INTEREST_PAYMENT","","","","","","0.880000","","0.00","EUR","","","","Interest payment Booking","fff6546b-56cb-4e94-bc4f-aa0b71348a26","","","",""
"2025-06-01T06:12:42.761785Z","2025-06-01","DEFAULT","CASH","CUSTOMER_INPAYMENT","","","","","","400.000000","","","EUR","","","","Direct Debit Top up with DE89370400440532013000","4825e5b1-d669-44ed-abe0-68fe66923174","","","",""
"2025-06-02T10:30:39.995505Z","2025-06-02","DEFAULT","TRADING","BUY","FUND","Core MSCI World USD (Acc)","IE00B4L5Y983","1.0343430000","96.6798","-100.00","","","EUR","","","","Savings plan execution IE00B4L5Y983 iShares III plc - iShares Core MSCI World UCITS ETF USD (Acc), quantity: 1.034343","846161cb-31fc-47c7-8456-be4ec202a5cf","","","",""
"2025-06-02T10:49:41.041889Z","2025-06-02","DEFAULT","CASH","TRANSFER_INSTANT_INBOUND","","","","","","200.000000","","","EUR","","","","Incoming transfer from Max Mustermann","76ef10c1-2186-4500-ad71-3a1d30072bfa","","","",""
"2025-06-02T11:15:38.546579Z","2025-06-02","DEFAULT","TRADING","BUY","FUND","Core S&P 500 USD (Acc)","IE00B5BMR087","0.1064390000","469.7520","-50.00","","","EUR","","","","Savings plan execution IE00B5BMR087 iShares VII plc - iShares Core S&P 500 UCITS ETF USD (Acc), quantity: 0.106439","8502c16f-5a63-41d2-9bab-eb78c8b7945b","","","",""
"2025-06-02T15:31:49.078701Z","2025-06-02","DEFAULT","TRADING","BUY","STOCK","Microsoft","US5949181045","0.0579820000","431.1666","-25.00","","","EUR","","","","Savings plan execution US5949181045 MICROSOFT  DL-,00000625, quantity: 0.057982","2c2d0209-3f40-4c69-884d-d3b98d684862","","","",""
"2025-06-02T17:17:25.294475Z","2025-06-02","DEFAULT","TRADING","BUY","STOCK","Alphabet (A)","US02079K3059","1.4601310000","205.4611","-300.00","-1.00","","EUR","","","","Buy trade US02079K3059 ALPHABET INC.CL.A DL-,001, quantity: 1.460131","2299af04-ad6f-450f-95f6-840c6713c03c","","","",""
"2025-06-02T19:38:01.437588Z","2025-06-02","DEFAULT","TRADING","BUY","CRYPTO","Bitcoin","BTC","0.0008480000","29491.7284","-25.01","","","EUR","","","","Savings plan execution XF000BTC0017 Bitcoin, quantity: 0.000848","ea6a0cb4-342c-44e6-af8a-5dbd33bc5e30","","","",""
"2025-06-02T19:41:55.792125Z","2025-06-02","DEFAULT","TRADING","BUY","FUND","FTSE All-World USD (Dist)","IE00B3RBWM25","0.4498710000","111.1429","-50.00","","","EUR","","","","Savings plan execution IE00B3RBWM25 Vanguard FTSE All-World UCITS ETF (USD) Distributing, quantity: 0.449871","8c904311-78b3-4ac7-b6c5-ebd8163156b9","","","",""
"2025-06-04T10:30:21.095407Z","2025-06-04","DEFAULT","CASH","TRANSFER_INSTANT_INBOUND","","","","","","150.000000","","","EUR","","","","Incoming transfer from Max Mustermann","5f073de5-fa26-4123-9aeb-619e4058ca93","","","",""
"2025-06-04T14:59:17.917243Z","2025-06-04","DEFAULT","CASH","CARD_TRANSACTION","","Lidl sagt Danke","","","","-11.050000","","","EUR","","","","TR Card Transaction","07a90da9-f76a-4701-9b4f-98bf3d37fa8c","","","","5411"
"2025-06-04T21:21:34.542111Z","2025-06-04","DEFAULT","CASH","CARD_TRANSACTION","","MediaMarkt","","","","-143.620000","","","EUR","","","","TR Card Transaction","ca921572-3b15-4e9d-8473-261cf74ed1f7","","","","5732"
"2025-06-05T15:12:52.351271Z","2025-06-05","DEFAULT","CASH","TRANSFER_INSTANT_INBOUND","","","","","","50.000000","","","EUR","","","","Incoming transfer from Max Mustermann","a765e8e4-76c0-4ecb-a424-23251cd39878","","","",""
"2025-06-05T19:17:16.626797Z","2025-06-05","DEFAULT","CASH","CARD_TRANSACTION","","MediaMarkt","","","","-50.380000","","","EUR","","","","TR Card Transaction","66555285-f33c-4c70-9345-8df1a54b84b1","","","","5732"
"2025-06-10T18:30:45.283891Z","2025-06-10","DEFAULT","CASH","CARD_TRANSACTION","","Zalando SE","","","","-46.250000","","","EUR","","","","TR Card Transaction","63f52560-b02f-4252-b4ac-ba051648e8e4","","","","5691"
"2025-06-12T14:32:36.440919Z","2025-06-12","DEFAULT","CASH","CARD_TRANSACTION","","Pizzeria Da Mario","","","","-33.340000","","","EUR","","","","TR Card Transaction","6f751ff6-3c64-48cd-8fcc-0e3b5a60bb84","","","","5812"
"2025-06-12T19:40:31.624187Z","2025-06-12","DEFAULT","CASH","CARD_TRANSACTION","","MCDONALDS 01271","","","","-7.660000","","","EUR","","","","TR Card Transaction","cc4dc1f6-3400-476a-9d50-42b2f8d82840","","","","5814"
"2025-06-12T20:59:35.611931Z","2025-06-12","DEFAULT","CASH","TRANSFER_INSTANT_INBOUND","","","","","","100.000000","","","EUR","","","","Incoming transfer from Max Mustermann","0a71c1e8-5792-435e-adde-f89619f0ad61","","","",""
"2025-06-15T07:57:42.594088Z","2025-06-15","DEFAULT","CASH","DIVIDEND","STOCK","Alphabet (A)","US02079K3059","13.9065490000","","3.610000","","-0.95","EUR","3.62","USD","0.998401","Cash Dividend for ISIN US02079K3059","4c6ab545-8487-43c6-b8bf-a45d137c6deb","","","",""
"2025-06-15T09:21:39.754525Z","2025-06-15","DEFAULT","CASH","DIVIDEND","FUND","FTSE All-World USD (Dist)","IE00B3RBWM25","41.6762090000","","24.160000","","-6.37","EUR","24.38","USD","0.991133","Cash Dividend for ISIN IE00B3RBWM25","f8301dfb-c602-425d-9f69-f065fc69fcbf","","","",""
"2025-06-15T09:59:47.720082Z","2025-06-15","DEFAULT","CASH","DIVIDEND","STOCK","Microsoft","US5949181045","3.8845960000","","3.760000","","-0.99","EUR","3.79","USD","0.992484","Cash Dividend for ISIN US5949181045","41c53b80-aad2-470c-ad78-d906992a0d62","","","",""
"2025-06-15T13:14:14.648347Z","2025-06-15","DEFAULT","CASH","CARD_TRANSACTION","","Pizzeria Da Mario","","","","-18.540000","","","EUR","","","","TR Card Transaction","de4be64c-c9ab-4916-bb85-37aa776a01c4","","","","5812"
"2025-06-16T06:10:05.598988Z","2025-06-16","DEFAULT","CASH","CARD_TRANSACTION","","Spotify","","","","-10.990000","","","EUR","","","","TR Card Transaction","2ab9598b-17c1-440b-9675-63b3971e852a","","","","5815"
"2025-06-16T16:48:14.180189Z","2025-06-16","DEFAULT","CASH","CARD_TRANSACTION","","REWE Darmstadt","","","","-26.260000","","","EUR","","","","TR Card Transaction","326c297e-5524-4873-8af2-aed4b2a55904","","","","5411"
"2025-06-17T20:39:10.935209Z","2025-06-17","DEFAULT","CASH","CARD_TRANSACTION","","Netflix.com","","","","-13.990000","","","EUR","","","","TR Card Transaction","ef328ca1-c21a-4ce5-b14e-0c8fd44fe373","","","","4899"
"2025-06-18T09:54:05.428379Z","2025-06-18","DEFAULT","CASH","CARD_TRANSACTION","","MediaMarkt","","","","-174.270000","","","EUR","","","","TR Card Transaction","3936c3a1-38c6-4948-a5b7-e2a6c9a90187","","","","5732"
"2025-06-18T18:28:13.243459Z","2025-06-18","DEFAULT","CASH","TRANSFER_INSTANT_INBOUND","","","","","","200.000000","","","EUR","","","","Incoming transfer from Max Mustermann","c6888add-a6ad-490c-b9a5-cab252f7b45b","","","",""
"2025-06-22T08:38:53.732880Z","2025-06-22","DEFAULT","CASH","CARD_TRANSACTION","","MCDONALDS 01271","","","","-8.730000","","","EUR","","","","TR Card Transaction","868c33b8-3c58-4899-ac2c-83a27b700ab1","","","","5814"
"2025-06-22T18:13:13.329474Z","2025-06-22","DEFAULT","CASH","CARD_TRANSACTION","","Spotify","","","","-10.990000","","","EUR","","","","TR Card Transaction","455fe756-4fda-433f-b819-9ae71eb7d181","","","","5815"
"2025-07-01T01:09:54.457067Z","2025-07-01","DEFAULT","CASH","INTEREST_PAYMENT","","","","","","1.130000","","-0.30","EUR","","","","Interest payment Booking","d16a9c67-8dcb-4b42-ae35-9ac547238094","","","",""
"2025-07-01T14:28:09.307393Z","2025-07-01","DEFAULT","CASH","CUSTOMER_INPAYMENT","","","","","","500.000000","","","EUR","","","","Direct Debit Top up with DE89370400440532013000","f2738f94-7b80-4a53-9ffc-4ac16baaabed","","","",""
"2025-07-02T06:51:12.631907Z","2025-07-02","DEFAULT","TRADING","BUY","CRYPTO","Bitcoin","BTC","0.0008530000","29307.8077","-25.00","","","EUR","","","","Savings plan execution XF000BTC0017 Bitcoin, quantity: 0.000853","9b902eb5-3d56-4851-869f-d49a9eee07e6","","","",""
"2025-07-02T07:36:41.821140Z","2025-07-02","DEFAULT","TRADING","BUY","FUND","FTSE All-World USD (Dist)","IE00B3RBWM25","0.4179520000","119.6311","-50.00","","","EUR","","","","Savings plan execution IE00B3RBWM25 Vanguard FTSE All-World UCITS ETF (USD) Distributing, quantity: 0.417952","320a13f7-bb42-4853-b47f-f5d0b183a2b7","","","",""
"2025-07-02T11:18:35.493091Z","2025-07-02","DEFAULT","TRADING","BUY","FUND","Core S&P 500 USD (Acc)","IE00B5BMR087","0.0967720000","516.6791","-50.00","","","EUR","","","","Savings plan execution IE00B5BMR087 iShares VII plc - iShares Core S&P 500 UCITS ETF USD (Acc), quantity: 0.096772","d518efcd-99e8-419b-958a-3aab78aa31a3","","","",""
"2025-07-02T13:55:05.651107Z","2025-07-02","DEFAULT","TRADING","BUY","FUND","Core MSCI World USD (Acc)","IE00B4L5Y983","1.0258870000","97.4766","-100.00","","","EUR","","","","Savings plan execution IE00B4L5Y983 iShares III plc - iShares Core MSCI World UCITS ETF USD (Acc), quantity: 1.025887","e21ecbcf-b1db-462b-b294-e14633220735","","","",""
"2025-07-02T19:57:10.247721Z","2025-07-02","DEFAULT","TRADING","BUY","STOCK","Microsoft","US5949181045","0.0599750000","416.8402","-25.00","","","EUR","","","","Savings plan execution US5949181045 MICROSOFT  DL-,00000625, quantity: 0.059975","6b0744ca-ad36-427a-8258-f1d48c22371d","","","",""
"2025-07-04T11:49:17.538177Z","2025-07-04","DEFAULT","CASH","CARD_TRANSACTION","","REWE Darmstadt","","","","-16.670000","","","EUR","","","","TR Card Transaction","01553b9f-0383-478b-ae25-67c865ea8851","","","","5411"
"2025-07-05T07:30:09.887658Z","2025-07-05","DEFAULT","CASH","CARD_TRANSACTION","","Spotify","","","","-10.990000","","","EUR","","","","TR Card Transaction","d7c0ec61-229a-4f04-a191-8d6e3e585c7b","","","","5815"
"2025-07-07T07:04:24.142505Z","2025-07-07","DEFAULT","CASH","CARD_TRANSACTION","","Starbucks Darmstadt","","","","-4.810000","","","EUR","","","","TR Card Transaction","bba9dd7b-1ec4-4c93-9f03-a546743ac991","","","","5814"
"2025-07-08T20:41:33.371128Z","2025-07-08","DEFAULT","CASH","CARD_TRANSACTION","","Apotheke am Markt","","","","-19.250000","","","EUR","","","","TR Card Transaction","49b9d97f-963e-4954-8c67-b542830d3f00","","","","5912"
"2025-07-10T17:53:19.121148Z","2025-07-10","DEFAULT","CASH","CARD_TRANSACTION","","Lidl sagt Danke","","","","-22.190000","","","EUR","","","","TR Card Transaction","e2e9e60e-fb6c-4b47-94a4-81c49dcac07a","","","","5411"
"2025-07-12T10:41:50.316640Z","2025-07-12","DEFAULT","CASH","CARD_TRANSACTION","","DM-Drogerie Markt","","","","-14.600000","","","EUR","","","","TR Card Transaction","9e809785-168e-451c-8bec-ecd31090e0f2","","","","5912"
"2025-07-14T19:03:15.993762Z","2025-07-14","DEFAULT","CASH","CARD_TRANSACTION","","MCDONALDS 01271","","","","-9.630000","","","EUR","","","","TR Card Transaction","4d48153f-4ffd-4c52-ae94-8da1c738fda9","","","","5814"
"2025-07-15T19:04:38.308230Z","2025-07-15","DEFAULT","CASH","DIVIDEND","STOCK","NVIDIA","US67066G1040","43.5678470000","","0.570000","","-0.15","EUR","0.57","USD","1.007658","Cash Dividend for ISIN US67066G1040","5e5012f9-6701-4e5f-8ded-fdf639740675","","","",""
"2025-07-15T21:02:59.910823Z","2025-07-15","DEFAULT","CASH","DIVIDEND","STOCK","Coca-Cola","US1912161007","19.1555420000","","11.910000","","-3.14","EUR","11.95","USD","0.996566","Cash Dividend for ISIN US1912161007","f5d68b36-0d9f-4d99-8b20-71cb0755d16e","","","",""
"2025-07-16T10:47:45.588869Z","2025-07-16","DEFAULT","CASH","CARD_TRANSACTION","","REWE Darmstadt","","","","-44.670000","","","EUR","","","","TR Card Transaction","4e2844b7-0eaa-4aa0-9134-f3324ba6d9ac","","","","5411"
"2025-07-18T07:42:49.574608Z","2025-07-18","DEFAULT","CASH","CARD_TRANSACTION","","Zalando SE","","","","-50.340000","","","EUR","","","","TR Card Transaction","9057c01b-c96c-4d7c-aec0-f24b89c82ee6","","","","5691"
"2025-07-18T09:56:28.795337Z","2025-07-18","DEFAULT","CASH","CARD_TRANSACTION","","ALDI SUED","","","","-32.840000","","","EUR","","","","TR Card Transaction","4361afa3-2cac-4d98-8fd5-221f758daa30","","","","5411"
"2025-07-19T18:21:42.748967Z","2025-07-19","DEFAULT","CASH","CARD_TRANSACTION","","DM-Drogerie Markt","","","","-28.120000","","","EUR","","","","TR Card Transaction","e4a6a1ff-96e5-4eeb-8569-af4212ecbc5f","","","","5912"
"2025-07-21T06:08:12.438698Z","2025-07-21","DEFAULT","CASH","CARD_TRANSACTION","","ALDI SUED","","","","-5.580000","","","EUR","","","","TR Card Transaction","331e094d-50df-4f1e-95fe-d1af49d877c4","","","","5411"
"2025-07-21T10:27:35.595787Z","2025-07-21","DEFAULT","CASH","TRANSFER_INSTANT_INBOUND","","","","","","100.000000","","","EUR","","","","Incoming transfer from Max Mustermann","7e4469e8-963a-48cf-91b2-3cc091f9389d","","","",""
"2025-07-21T14:58:13.000594Z","2025-07-21","DEFAULT","CASH","CARD_TRANSACTION","","MediaMarkt","","","","-50.830000","","","EUR","","","","TR Card Transaction","890dad1d-c9e5-41bc-b49d-e9f7228116bb","","","","5732"
"2025-07-25T13:14:52.023304Z","2025-07-25","DEFAULT","CASH","CARD_TRANSACTION","","MediaMarkt","","","","-111.210000","","","EUR","","","","TR Card Transaction","2b07fa55-ea91-48d4-a76c-dfbf855322e8","","","","5732"
"2025-07-25T14:51:38.816102Z","2025-07-25","DEFAULT","CASH","TRANSFER_INSTANT_INBOUND","","","","","","100.000000","","","EUR","","","","Incoming transfer from Max Mustermann","e2e1b947-d212-4d3d-97d6-34e08fd6a4b6","","","",""
"2025-07-25T16:33:09.700188Z","2025-07-25","DEFAULT","CASH","CARD_TRANSACTION","","HEAG mobilo GmbH","","","","-5.760000","","","EUR","","","","TR Card Transaction","53c8a1b2-b02a-42c6-b826-415097fb1a76","","","","4111"
"2025-07-28T13:56:15.486903Z","2025-07-28","DEFAULT","CASH","CARD_TRANSACTION","","Apotheke am Markt","","","","-8.700000","","","EUR","","","","TR Card Transaction","04a55cf4-5c39-4051-980f-a272712f19c0","","","","5912"
"2025-07-30T07:27:25.854653Z","2025-07-30","DEFAULT","CASH","CARD_TRANSACTION","","Lidl sagt Danke","","","","-27.800000","","","EUR","","","","TR Card Transaction","ef3f10c8-0af4-4b00-9925-9fa434cdd631","","","","5411"
"2025-07-30T21:01:21.983138Z","2025-07-30","DEFAULT","CASH","CARD_TRANSACTION","","Netflix.com","","","","-13.990000","","","EUR","","","","TR Card Transaction","92b815b5-33fd-47aa-b2b6-8056b3477d98","","","","4899"
"2025-08-01T01:10:21.166924Z","2025-08-01","DEFAULT","CASH","INTEREST_PAYMENT","","","","","","0.670000","","-0.18","EUR","","","","Interest payment Booking","83dd479d-dd76-45d0-87f0-7d26dff8d94a","","","",""
"2025-08-01T15:15:39.843610Z","2025-08-01","DEFAULT","CASH","CUSTOMER_INPAYMENT","","","","","","300.000000","","","EUR","","","","Direct Debit Top up with DE89370400440532013000","83e4a12d-d103-4765-8f1c-0dd580042e8e","","","",""
"2025-08-04T07:10:57.324814Z","2025-08-04","DEFAULT","TRADING","BUY","CRYPTO","Bitcoin","BTC","0.0007540000","33164.2409","-25.01","","","EUR","","","","Savings plan execution XF000BTC0017 Bitcoin, quantity: 0.000754","af976dd0-aa2a-4f3f-a19f-7a3dc79c4901","","","",""
"2025-08-04T07:39:00.861331Z","2025-08-04","DEFAULT","CASH","CARD_TRANSACTION","","MediaMarkt","","","","-30.230000","","","EUR","","","","TR Card Transaction","183930e8-4695-4d38-b7b5-74976992fd31","","","","5732"
"2025-08-04T10:03:00.494097Z","2025-08-04","DEFAULT","TRADING","BUY","FUND","Core MSCI World USD (Acc)","IE00B4L5Y983","1.0193530000","98.1015","-100.00","","","EUR","","","","Savings plan execution IE00B4L5Y983 iShares III plc - iShares Core MSCI World UCITS ETF USD (Acc), quantity: 1.019353","ee546776-70d5-44a5-880c-5a553fa5bb9a","","","",""
"2025-08-04T11:02:08.305579Z","2025-08-04","DEFAULT","TRADING","BUY","FUND","FTSE All-World USD (Dist)","IE00B3RBWM25","0.4204800000","118.9118","-50.00","","","EUR","","","","Savings plan execution IE00B3RBWM25 Vanguard FTSE All-World UCITS ETF (USD) Distributing, quantity: 0.420480","468eb070-485c-4034-875c-12dededaf233","","","",""
"2025-08-04T17:42:36.091771Z","2025-08-04","DEFAULT","TRADING","BUY","STOCK","Microsoft","US5949181045","0.0619420000","403.6017","-25.00","","","EUR","","","","Savings plan execution US5949181045 MICROSOFT  DL-,00000625, quantity: 0.061942","da651e37-bd77-4ebc-b807-d1002d3c6b70","","","",""
"2025-08-04T17:43:43.962680Z","2025-08-04","DEFAULT","TRADING","BUY","FUND","Core S&P 500 USD (Acc)","IE00B5BMR087","0.0933370000","535.6929","-50.00","","","EUR","","","","Savings plan execution IE00B5BMR087 iShares VII plc - iShares Core S&P 500 UCITS ETF USD (Acc), quantity: 0.093337","b3d084e3-0860-4278-9747-cd0c77860d4c","","","",""
"2025-08-07T13:44:18.033589Z","2025-08-07","DEFAULT","CASH","CARD_TRANSACTION","","Kino Darmstadt","","","","-9.480000","","","EUR","","","","TR Card Transaction","eb7fa3a9-710a-41bd-afc6-3d6005c94c93","","","","7832"
"2025-08-08T13:29:09.737394Z","2025-08-08","DEFAULT","CASH","CARD_TRANSACTION","","Starbucks Darmstadt","","","","-7.970000","","","EUR","","","","TR Card Transaction","bad8a4bd-992d-400e-8442-fd38b91e179f","","","","5814"
"2025-08-08T15:42:20.220774Z","2025-08-08","DEFAULT","CASH","TRANSFER_INSTANT_INBOUND","","","","","","50.000000","","","EUR","","","","Incoming transfer from Max Mustermann","f729e899-608d-4ca5-a73f-91db88e940f3","","","",""
"2025-08-08T18:26:51.975696Z","2025-08-08","DEFAULT","CASH","CARD_TRANSACTION","","Kino Darmstadt","","","","-10.530000","","","EUR","","","","TR Card Transaction","71310efb-8e91-4ff6-a32f-0554fb37e107","","","","7832"
"2025-08-09T20:08:09.757878Z","2025-08-09","DEFAULT","CASH","CARD_TRANSACTION","","Netto Marken-Discount","","","","-5.400000","","","EUR","","","","TR Card Transaction","85b78f30-0b31-4055-9ba7-06457aed4c32","","","","5411"
"2025-08-10T15:59:45.219961Z","2025-08-10","DEFAULT","CASH","CARD_TRANSACTION","","MediaMarkt","","","","-59.260000","","","EUR","","","","TR Card Transaction","892508fe-3967-4cc1-8c50-7f154c3b8090","","","","5732"
"2025-08-10T21:27:26.128574Z","2025-08-10","DEFAULT","CASH","TRANSFER_INSTANT_INBOUND","","","","","","50.000000","","","EUR","","","","Incoming transfer from Max Mustermann","8f6ba773-99c2-4f00-8258-1136d7ca21dc","","","",""
"2025-08-15T08:31:56.350807Z","2025-08-15","DEFAULT","CASH","DIVIDEND","STOCK","Apple","US0378331005","15.2573610000","","4.730000","","-1.25","EUR","4.76","USD","0.993533","Cash Dividend for ISIN US0378331005","16d11189-da25-44b0-bbcf-f4997722fb10","","","",""
"2025-08-15T10:02:56.147158Z","2025-08-15","DEFAULT","CASH","DIVIDEND","STOCK","ASML Holding","NL0010273215","0.9029060000","","1.760000","","-0.46","EUR","","","","Cash Dividend for ISIN NL0010273215","fbaf385b-30d7-412b-8a6d-b7e6686f5b01","","","",""
"2025-08-15T21:17:58.212080Z","2025-08-15","DEFAULT","CASH","CARD_TRANSACTION","","Starbucks Darmstadt","","","","-6.560000","","","EUR","","","","TR Card Transaction","becf962e-9fe9-4c60-9c24-cfb5db96d0db","","","","5814"
"2025-08-17T09:30:49.864366Z","2025-08-17","DEFAULT","CASH","TRANSFER_INSTANT_INBOUND","","","","","","50.000000","","","EUR","","","","Incoming transfer from Max Mustermann","9fe6f3a5-45d4-4918-b358-677e0536f5b2","","","",""
"2025-08-17T12:13:09.348670Z","2025-08-17","DEFAULT","CASH","CARD_TRANSACTION","","Amazon.de","","","","-32.280000","","","EUR","","","","TR Card Transaction","340c7f4b-387b-4b85-b90d-316e5ff9797a","","","","5942"
"2025-08-18T12:27:49.995955Z","2025-08-18","DEFAULT","CASH","CARD_TRANSACTION","","Kino Darmstadt","","","","-13.970000","","","EUR","","","","TR Card Transaction","ca414b0a-21cc-4404-9683-09297ee5769c","","","","7832"
"2025-08-20T07:52:14.700901Z","2025-08-20","DEFAULT","CASH","TRANSFER_INSTANT_INBOUND","","","","","","50.000000","","","EUR","","","","Incoming transfer from Max Mustermann","f86238d7-f1dd-44a1-872b-3ec56c06ae3d","","","",""
"2025-08-20T13:59:20.875353Z","2025-08-20","DEFAULT","TRADING","BUY","STOCK","Alphabet (A)","US02079K3059","0.9465150000","211.3014","-200.00","-1.00","","EUR","","","","Buy trade US02079K3059 ALPHABET INC.CL.A DL-,001, quantity: 0.946515","338eb7d7-0e54-4844-8c7c-b0a9093e21b5","","","",""
"2025-08-20T14:25:16.004493Z","2025-08-20","DEFAULT","CASH","CARD_TRANSACTION","","Shell Tankstelle","","","","-40.590000","","","EUR","","","","TR Card Transaction","eb93e73b-cc56-4640-94c5-cefa3a1cfd12","","","","5541"
"2025-08-20T19:59:29.958508Z","2025-08-20","DEFAULT","CASH","TRANSFER_INSTANT_INBOUND","","","","","","200.000000","","","EUR","","","","Incoming transfer from Max Mustermann","e0c477f6-469f-4320-a63b-a6ce6af2a896","","","",""
"2025-08-23T07:31:37.223781Z","2025-08-23","DEFAULT","CASH","TRANSFER_INSTANT_INBOUND","","","","","","50.000000","","","EUR","","","","Incoming transfer from Max Mustermann","b0e41ab7-787e-4769-bba4-f95a712ec306","","","",""
"2025-08-23T15:49:07.896777Z","2025-08-23","DEFAULT","CASH","CARD_TRANSACTION","","DB Vertrieb GmbH","","","","-48.210000","","","EUR","","","","TR Card Transaction","f3c288e2-71c2-4311-bd3c-253802b361c0","","","","4112"
"2025-08-25T06:06:08.976310Z","2025-08-25","DEFAULT","CASH","CARD_TRANSACTION","","Starbucks Darmstadt","","","","-8.730000","","","EUR","","","","TR Card Transaction","db8ea1b5-e9e6-4ab6-af7b-7f3452faf201","","","","5814"
"2025-08-26T11:23:06.802257Z","2025-08-26","DEFAULT","CASH","CARD_TRANSACTION","","Netflix.com","","","","-13.990000","","","EUR","","","","TR Card Transaction","3475ffc1-0bd1-4623-b690-66c94545c5b5","","","","4899"
"2025-08-28T09:30:42.644209Z","2025-08-28","DEFAULT","CASH","CARD_TRANSACTION","","Apotheke am Markt","","","","-13.770000","","","EUR","","","","TR Card Transaction","f13e59b7-eeca-4bfe-a060-cf853307fe51","","","","5912"
"2025-08-28T14:11:07.802056Z","2025-08-28","DEFAULT","CASH","TRANSFER_INSTANT_INBOUND","","","","","","100.000000","","","EUR","","","","Incoming transfer from Max Mustermann","f1edc637-ab64-46be-8475-8add9a2cbce8","","","",""
"2025-08-28T20:21:07.524773Z","2025-08-28","DEFAULT","TRADING","BUY","STOCK","SAP","DE0007164600","0.2608460000","191.6840","-50.00","-1.00","","EUR","","","","Buy trade DE0007164600 SAP SE O.N., quantity: 0.260846","23ff373a-7742-405b-a69a-d24dbe38e649","","","",""
"2025-08-30T11:09:21.168128Z","2025-08-30","DEFAULT","CASH","CARD_TRANSACTION","","Lidl sagt Danke","","","","-34.750000","","","EUR","","","","TR Card Transaction","be1a7c44-d23c-4e92-bc60-5267ca4aefdf","","","","5411"
"2025-09-01T01:06:51.537311Z","2025-09-01","DEFAULT","CASH","INTEREST_PAYMENT","","","","","","0.920000","","-0.24","EUR","","","","Interest payment Booking","3199c56f-4cdb-4f2b-a12d-b4274448c742","","","",""
"2025-09-01T18:50:48.453405Z","2025-09-01","DEFAULT","CASH","CUSTOMER_INPAYMENT","","","","","","400.000000","","","EUR","","","","Direct Debit Top up with DE89370400440532013000","7a06392c-a36a-4712-8044-6fb9ee556e11","","","",""
"2025-09-02T08:47:14.875048Z","2025-09-02","DEFAULT","TRADING","BUY","FUND","Core MSCI World USD (Acc)","IE00B4L5Y983","1.0037680000","99.6246","-100.00","","","EUR","","","","Savings plan execution IE00B4L5Y983 iShares III plc - iShares Core MSCI World UCITS ETF USD (Acc), quantity: 1.003768","3cb3f408-f4a7-4fdb-9da6-7c2adde48120","","","",""
"2025-09-02T12:57:02.038146Z","2025-09-02","DEFAULT","TRADING","BUY","STOCK","Microsoft","US5949181045","0.0554880000","450.5465","-25.00","","","EUR","","","","Savings plan execution US5949181045 MICROSOFT  DL-,00000625, quantity: 0.055488","c1e93714-6ddc-410f-9b99-72fe395d0819","","","",""
"2025-09-02T18:20:41.386789Z","2025-09-02","DEFAULT","TRADING","BUY","FUND","Core S&P 500 USD (Acc)","IE00B5BMR087","0.0950250000","526.1774","-50.00","","","EUR","","","","Savings plan execution IE00B5BMR087 iShares VII plc - iShares Core S&P 500 UCITS ETF USD (Acc), quantity: 0.095025","2b48a4df-4971-433e-8d45-2513ca25a9d6","","","",""
"2025-09-02T20:12:00.598673Z","2025-09-02","DEFAULT","TRADING","BUY","CRYPTO","Bitcoin","BTC","0.0006720000","37204.7881","-25.00","","","EUR","","","","Savings plan execution XF000BTC0017 Bitcoin, quantity: 0.000672","d04be04a-e06c-43ca-9f17-b107363e76a6","","","",""
"2025-09-02T21:35:49.480093Z","2025-09-02","DEFAULT","TRADING","BUY","FUND","FTSE All-World USD (Dist)","IE00B3RBWM25","0.3947550000","126.6607","-50.00","","","EUR","","","","Savings plan execution IE00B3RBWM25 Vanguard FTSE All-World UCITS ETF (USD) Distributing, quantity: 0.394755","13a40611-ea80-4cef-8cf8-39e1ff99db88","","","",""
"2025-09-04T21:31:35.578399Z","2025-09-04","DEFAULT","CASH","CARD_TRANSACTION","","Netto Marken-Discount","","","","-15.640000","","","EUR","","","","TR Card Transaction","82d9e12a-35dd-4c44-8106-0b8a5f6bec15","","","","5411"
"2025-09-05T15:34:52.446316Z","2025-09-05","DEFAULT","TRADING","BUY","CRYPTO","Bitcoin","BTC","0.0027040000","36981.2401","-100.00","-1.00","","EUR","","","","Buy trade XF000BTC0017 Bitcoin, quantity: 0.002704","9db1b10a-ce9e-4b65-b656-bf2f3586906e","","","",""
"2025-09-07T14:21:54.432044Z","2025-09-07","DEFAULT","CASH","CARD_TRANSACTION","","Spotify","","","","-10.990000","","","EUR","","","","TR Card Transaction","b0b2525d-52b7-4591-82b3-e57deb8fdf45","","","","5815"
"2025-09-07T17:04:31.323365Z","2025-09-07","DEFAULT","CASH","CARD_TRANSACTION","","Lidl sagt Danke","","","","-34.200000","","","EUR","","","","TR Card Transaction","d17cc141-0ded-4303-8cf1-1947e77861cd","","","","5411"
"2025-09-08T09:23:07.099779Z","2025-09-08","DEFAULT","CASH","TRANSFER_INSTANT_INBOUND","","","","","","100.000000","","","EUR","","","","Incoming transfer from Max Mustermann","b15f39c5-212b-483e-a05d-6b4a4fb396a7","","","",""
"2025-09-08T14:49:21.333774Z","2025-09-08","DEFAULT","CASH","CARD_TRANSACTION","","Lidl sagt Danke","","","","-30.820000","","","EUR","","","","TR Card Transaction","61612e8f-11e5-4efb-a4da-a32dfd1a8200","","","","5411"
"2025-09-11T09:57:25.788845Z","2025-09-11","DEFAULT","CASH","CARD_TRANSACTION","","Apotheke am Markt","","","","-17.820000","","","EUR","","","","TR Card Transaction","57b192f3-795c-4550-bdcf-6be9477fe448","","","","5912"
"2025-09-13T07:30:51.378670Z","2025-09-13","DEFAULT","CASH","TRANSFER_INBOUND","","","","","","200.000000","","","EUR","","","","Incoming transfer from Max Mustermann (DE02100500000024290661)","a03ea741-c396-4af1-b7cf-52ebcb8f3fde","","","",""
"2025-09-15T09:40:51.017663Z","2025-09-15","DEFAULT","CASH","DIVIDEND","STOCK","Alphabet (A)","US02079K3059","14.8530640000","","3.860000","","-1.02","EUR","3.86","USD","1.001113","Cash Dividend for ISIN US02079K3059","1fb07213-2ea9-4a83-9e35-c536ab06406d","","","",""
"2025-09-15T10:10:47.862113Z","2025-09-15","DEFAULT","CASH","DIVIDEND","FUND","FTSE All-World USD (Dist)","IE00B3RBWM25","42.9093960000","","25.010000","","-6.60","EUR","25.10","USD","0.996506","Cash Dividend for ISIN IE00B3RBWM25","e4fab479-850e-4287-9f93-d2d09e63a791","","","",""
"2025-09-15T11:41:58.596655Z","2025-09-15","DEFAULT","CASH","DIVIDEND","STOCK","Microsoft","US5949181045","4.0620010000","","3.940000","","-1.04","EUR","3.96","USD","0.993781","Cash Dividend for ISIN US5949181045","b4d7647a-8958-4db1-b994-7f40ab849a98","","","",""
"2025-09-16T12:31:35.249468Z","2025-09-16","DEFAULT","TRADING","BUY","FUND","FTSE All-World USD (Dist)","IE00B3RBWM25","1.1788790000","127.2396","-150.00","-1.00","","EUR","","","","Buy trade IE00B3RBWM25 Vanguard FTSE All-World UCITS ETF (USD) Distributing, quantity: 1.178879","18be5e9c-50c3-4c01-a64b-6e384f0d1b15","","","",""
"2025-09-17T19:58:37.301636Z","2025-09-17","DEFAULT","CASH","CARD_TRANSACTION","","Spotify","","","","-10.990000","","","EUR","","","","TR Card Transaction","f3e52547-91b1-4327-8632-3806772f56a6","","","","5815"
"2025-09-18T18:37:12.783061Z","2025-09-18","DEFAULT","CASH","TRANSFER_INBOUND","","","","","","100.000000","","","EUR","","","","Incoming transfer from Max Mustermann (DE02100500000024290661)","12df3a07-496a-4716-85ee-2d0ff80977b3","","","",""
"2025-09-20T13:15:47.048826Z","2025-09-20","DEFAULT","CASH","CARD_TRANSACTION","","DM-Drogerie Markt","","","","-21.910000","","","EUR","","","","TR Card Transaction","9e807a00-133e-4995-9689-05e90fa38a49","","","","5912"
"2025-09-22T16:13:28.151397Z","2025-09-22","DEFAULT","CASH","CARD_TRANSACTION","","REWE Darmstadt","","","","-20.360000","","","EUR","","","","TR Card Transaction","13a194ae-722d-4b0b-ba8b-f127fb6becfa","","","","5411"
"2025-09-23T14:28:42.211339Z","2025-09-23","DEFAULT","CASH","CARD_TRANSACTION","","Spotify","","","","-10.990000","","","EUR","","","","TR Card Transaction","88ad4b09-b919-44b3-af6d-af247c599fad","","","","5815"
"2025-09-25T11:03:50.932117Z","2025-09-25","DEFAULT","CASH","CARD_TRANSACTION","","REWE Darmstadt","","","","-21.200000","","","EUR","","","","TR Card Transaction","822eb2a6-7982-4b7d-8ce5-f7e1c49a73e3","","","","5411"
"2025-09-25T15:13:26.115780Z","2025-09-25","DEFAULT","CASH","CARD_TRANSACTION","","ALDI SUED","","","","-30.940000","","","EUR","","","","TR Card Transaction","454d0f1c-aafd-4d82-ba07-921b2fcc5120","","","","5411"
"2025-09-26T20:22:19.675545Z","2025-09-26","DEFAULT","TRADING","SELL","FUND","Core S&P 500 USD (Acc)","IE00B5BMR087","-1.3073130000","552.8885","722.80","-1.00","-18.38","EUR","","","","Sell trade IE00B5BMR087 iShares VII plc - iShares Core S&P 500 UCITS ETF USD (Acc), quantity: 1.307313","c9f0fe85-b1f9-4925-a036-4dc84f4e06eb","","","",""
"2025-09-27T14:10:30.231279Z","2025-09-27","DEFAULT","CASH","CARD_TRANSACTION","","Zalando SE","","","","-87.450000","","","EUR","","","","TR Card Transaction","f943710f-3477-4278-8e36-17f9e660e322","","","","5691"
"2025-09-30T18:01:04.594706Z","2025-09-30","DEFAULT","CASH","CARD_TRANSACTION","","Kino Darmstadt","","","","-13.000000","","","EUR","","","","TR Card Transaction","1c7fbf31-e2f8-439d-94e4-acff7af0e972","","","","7832"
"2025-10-01T01:35:54.643400Z","2025-10-01","DEFAULT","CASH","INTEREST_PAYMENT","","","","","","2.380000","","-0.63","EUR","","","","Interest payment Booking","e2e0ada5-a42d-47ab-909b-cf81bc81a851","","","",""
"2025-10-01T13:48:42.976613Z","2025-10-01","DEFAULT","CASH","CUSTOMER_INPAYMENT","","","","","","400.000000","","","EUR","","","","Direct Debit Top up with DE89370400440532013000","adf0186a-2b0c-41b9-9daf-d0895286e1fc","","","",""
"2025-10-02T06:09:01.343279Z","2025-10-02","DEFAULT","TRADING","BUY","FUND","Core MSCI World USD (Acc)","IE00B4L5Y983","0.9774590000","102.3061","-100.00","","","EUR","","","","Savings plan execution IE00B4L5Y983 iShares III plc - iShares Core MSCI World UCITS ETF USD (Acc), quantity: 0.977459","1085fc2d-06c3-4a33-8edf-5d45d27403e5","","","",""
"2025-10-02T14:44:51.285151Z","2025-10-02","DEFAULT","TRADING","BUY","CRYPTO","Bitcoin","BTC","0.0006360000","39329.4301","-25.01","","","EUR","","","","Savings plan execution XF000BTC0017 Bitcoin, quantity: 0.000636","313ec5fd-dbc9-4763-a891-d9dd9441d05f","","","",""
"2025-10-02T15:46:48.445486Z","2025-10-02","DEFAULT","TRADING","BUY","STOCK","Microsoft","US5949181045","0.0522150000","478.7887","-25.00","","","EUR","","","","Savings plan execution US5949181045 MICROSOFT  DL-,00000625, quantity: 0.052215","8b53dc2c-cc54-4e50-8899-8a2fa4b584c2","","","",""
"2025-10-02T19:36:21.001531Z","2025-10-02","DEFAULT","TRADING","BUY","FUND","FTSE All-World USD (Dist)","IE00B3RBWM25","0.3761890000","132.9119","-50.00","","","EUR","","","","Savings plan execution IE00B3RBWM25 Vanguard FTSE All-World UCITS ETF (USD) Distributing, quantity: 0.376189","c3c37bb6-d90c-40f5-aadd-0e7382c3cdb3","","","",""
"2025-10-02T21:12:11.113735Z","2025-10-02","DEFAULT","TRADING","BUY","FUND","Core S&P 500 USD (Acc)","IE00B5BMR087","0.0886900000","563.7640","-50.00","","","EUR","","","","Savings plan execution IE00B5BMR087 iShares VII plc - iShares Core S&P 500 UCITS ETF USD (Acc), quantity: 0.088690","b53c7210-e709-44ea-b612-08b7d5e80233","","","",""
"2025-10-03T16:02:54.352476Z","2025-10-03","DEFAULT","CASH","CARD_TRANSACTION","","MCDONALDS 01271","","","","-13.900000","","","EUR","","","","TR Card Transaction","e1dff676-e5f5-4b6a-b0f5-2633a47ec8fb","","","","5814"
"2025-10-05T10:14:26.908645Z","2025-10-05","DEFAULT","CASH","CARD_TRANSACTION","","Lidl sagt Danke","","","","-6.300000","","","EUR","","","","TR Card Transaction","2573d627-27e7-46d6-bcdd-94b6a5fd6e59","","","","5411"
"2025-10-06T10:14:47.224954Z","2025-10-06","DEFAULT","CASH","CARD_TRANSACTION","","Apotheke am Markt","","","","-13.270000","","","EUR","","","","TR Card Transaction","dfdc58c1-dd2f-4d26-b4a3-a817ec6f2698","","","","5912"
"2025-10-12T09:05:32.611193Z","2025-10-12","DEFAULT","CASH","CARD_TRANSACTION","","Netflix.com","","","","-13.990000","","","EUR","","","","TR Card Transaction","b2d7a644-089a-4282-b6da-e64072cd7d2d","","","","4899"
"2025-10-12T17:59:22.789921Z","2025-10-12","DEFAULT","CASH","CUSTOMER_INPAYMENT_REVERSAL","","","","","","-500.000000","","","EUR","","","","Direct Debit Chargeback with DE89370400440532013000","8c574f89-0809-43cc-bf4d-2c54aa4e0368","","","",""
"2025-10-14T11:52:10.245597Z","2025-10-14","DEFAULT","TRADING","BUY","STOCK","Coca-Cola","US1912161007","1.5114390000","66.1621","-100.00","-1.00","","EUR","","","","Buy trade US1912161007 COCA-COLA CO.   DL-,25, quantity: 1.511439","c4c6e6eb-1a2d-4c8f-b6d4-fe50e4ff734d","","","",""
"2025-10-14T12:12:08.309329Z","2025-10-14","DEFAULT","CASH","CARD_TRANSACTION","","Rossmann","","","","-6.500000","","","EUR","","","","TR Card Transaction","2d8037f8-9a49-446d-9897-69b645a8734e","","","","5912"
"2025-10-15T11:30:24.007993Z","2025-10-15","DEFAULT","CASH","CARD_TRANSACTION","","DM-Drogerie Markt","","","","-21.260000","","","EUR","","","","TR Card Transaction","7c6b1d7d-b78a-4851-8f18-777473a03739","","","","5912"
"2025-10-15T11:43:53.936273Z","2025-10-15","DEFAULT","CASH","CARD_TRANSACTION","","Rossmann","","","","-10.610000","","","EUR","","","","TR Card Transaction","cd9c527a-948a-4b61-b962-5a43d05e4334","","","","5912"
"2025-10-15T12:23:40.793341Z","2025-10-15","DEFAULT","CASH","DIVIDEND","STOCK","NVIDIA","US67066G1040","43.5678470000","","0.570000","","-0.15","EUR","0.57","USD","1.003528","Cash Dividend for ISIN US67066G1040","cdc85384-5a29-4867-aba7-08aa4599e21d","","","",""
"2025-10-15T15:53:43.452798Z","2025-10-15","DEFAULT","CASH","DIVIDEND","STOCK","Coca-Cola","US1912161007","20.6669810000","","12.940000","","-3.41","EUR","12.90","USD","1.002886","Cash Dividend for ISIN US1912161007","3a0bb26d-678c-42b7-aa2a-5c4665a7c47c","","","",""
"2025-10-18T16:56:28.165042Z","2025-10-18","DEFAULT","CASH","CARD_TRANSACTION","","MediaMarkt","","","","-181.310000","","","EUR","","","","TR Card Transaction","d0bd0932-30be-459a-bebc-377d55c69b3c","","","","5732"
"2025-10-20T12:59:46.837080Z","2025-10-20","DEFAULT","CASH","CARD_TRANSACTION","","HEAG mobilo GmbH","","","","-3.900000","","","EUR","","","","TR Card Transaction","53ac0496-72f2-436e-a59a-0b62b4079257","","","","4111"
"2025-10-22T09:35:30.413775Z","2025-10-22","DEFAULT","CASH","CARD_TRANSACTION","","Starbucks Darmstadt","","","","-7.690000","","","EUR","","","","TR Card Transaction","ec17b00c-763a-47ae-9132-1493ab238e07","","","","5814"
"2025-10-22T10:03:33.188526Z","2025-10-22","DEFAULT","CASH","TRANSFER_INSTANT_INBOUND","","","","","","200.000000","","","EUR","","","","Incoming transfer from Max Mustermann","5d4db275-1e33-4517-893d-e7e248f236b9","","","",""
"2025-10-22T13:51:08.252164Z","2025-10-22","DEFAULT","CASH","CARD_TRANSACTION","","MediaMarkt","","","","-146.800000","","","EUR","","","","TR Card Transaction","be0fcb20-abfa-4e68-83ea-8b0ef463f3fb","","","","5732"
"2025-10-27T16:01:02.802663Z","2025-10-27","DEFAULT","CASH","CARD_TRANSACTION","","Pizzeria Da Mario","","","","-34.830000","","","EUR","","","","TR Card Transaction","13ffebce-dc34-4bf3-b5b2-4d01be2fd745","","","","5812"
"2025-10-27T16:29:10.714435Z","2025-10-27","DEFAULT","CASH","CARD_TRANSACTION","","Apotheke am Markt","","","","-5.680000","","","EUR","","","","TR Card Transaction","a4840b82-1f82-4e69-a8c9-28c8958c09b3","","","","5912"
"2025-10-28T08:05:44.199671Z","2025-10-28","DEFAULT","TRADING","BUY","STOCK","Apple","US0378331005","0.2078420000","240.5676","-50.00","-1.00","","EUR","","","","Buy trade US0378331005 APPLE INC., quantity: 0.207842","6242e1e8-9c3e-40f5-9a67-de7a7cd5ac73","","","",""
"2025-10-28T16:10:48.778251Z","2025-10-28","DEFAULT","CASH","TRANSFER_INSTANT_INBOUND","","","","","","100.000000","","","EUR","","","","Incoming transfer from Max Mustermann","0207e9ef-a7e9-4d29-839f-e4a6af8c28b7","","","",""
"2025-10-28T17:03:50.661490Z","2025-10-28","DEFAULT","CASH","CARD_TRANSACTION","","Netto Marken-Discount","","","","-12.100000","","","EUR","","","","TR Card Transaction","9c43c89f-88bd-4dde-b6e3-45159bcaac4e","","","","5411"
"2025-11-01T01:32:39.826602Z","2025-11-01","DEFAULT","CASH","INTEREST_PAYMENT","","","","","","0.780000","","-0.21","EUR","","","","Interest payment Booking","d98b6803-b083-4bc2-9690-61d2eda6d398","","","",""
"2025-11-01T11:52:48.303014Z","2025-11-01","DEFAULT","CASH","CUSTOMER_INPAYMENT","","","","","","300.000000","","","EUR","","","","Direct Debit Top up with DE89370400440532013000","25b3b58c-b4eb-4062-950a-197a634d3590","","","",""
"2025-11-02T07:38:03.002931Z","2025-11-02","DEFAULT","CASH","CARD_TRANSACTION","","Netflix.com","","","","-13.990000","","","EUR","","","","TR Card Transaction","d4ef4bc7-2f0e-4e94-bf4d-4795ed0747b3","","","","4899"
"2025-11-03T07:35:45.041288Z","2025-11-03","DEFAULT","TRADING","BUY","STOCK","ASML Holding","NL0010273215","0.5052740000","989.5617","-500.00","-1.00","","EUR","","","","Buy trade NL0010273215 ASML HOLDING  EO -,09, quantity: 0.505274","48467741-63f4-48ba-b932-dc1f9af6ad05","","","",""
"2025-11-03T11:50:36.393557Z","2025-11-03","DEFAULT","CASH","TRANSFER_INSTANT_INBOUND","","","","","","450.000000","","","EUR","","","","Incoming transfer from Max Mustermann","64e2cf1f-4ee3-417a-b901-fa4dc5750095","","","",""
"2025-11-03T13:20:23.693448Z","2025-11-03","DEFAULT","TRADING","BUY","CRYPTO","Bitcoin","BTC","0.0005790000","43176.5302","-25.00","","","EUR","","","","Savings plan execution XF000BTC0017 Bitcoin, quantity: 0.000579","635a8edd-bb7d-4313-aff1-f8b4ed7866d6","","","",""
"2025-11-03T14:33:09.424865Z","2025-11-03","DEFAULT","TRADING","BUY","FUND","FTSE All-World USD (Dist)","IE00B3RBWM25","0.3533750000","141.4927","-50.00","","","EUR","","","","Savings plan execution IE00B3RBWM25 Vanguard FTSE All-World UCITS ETF (USD) Distributing, quantity: 0.353375","30ea0c2b-5ffe-4fea-bedb-76ca5296de05","","","",""
"2025-11-03T16:05:23.759063Z","2025-11-03","DEFAULT","TRADING","BUY","FUND","Core MSCI World USD (Acc)","IE00B4L5Y983","1.0358060000","96.5432","-100.00","","","EUR","","","","Savings plan execution IE00B4L5Y983 iShares III plc - iShares Core MSCI World UCITS ETF USD (Acc), quantity: 1.035806","bad63468-edec-4936-9ddc-238723414e3b","","","",""
"2025-11-03T18:36:07.247256Z","2025-11-03","DEFAULT","TRADING","BUY","FUND","Core S&P 500 USD (Acc)","IE00B5BMR087","0.0824250000","606.6146","-50.00","","","EUR","","","","Savings plan execution IE00B5BMR087 iShares VII plc - iShares Core S&P 500 UCITS ETF USD (Acc), quantity: 0.082425","3ee1abb0-b9cc-48db-8a4c-f57c53acbeab","","","",""
"2025-11-03T19:09:51.282496Z","2025-11-03","DEFAULT","TRADING","BUY","STOCK","Microsoft","US5949181045","0.0573220000","436.1355","-25.00","","","EUR","","","","Savings plan execution US5949181045 MICROSOFT  DL-,00000625, quantity: 0.057322","e4be25c3-6294-4e35-93c0-d44412ee81ae","","","",""
"2025-11-05T08:03:17.840951Z","2025-11-05","DEFAULT","CASH","CARD_TRANSACTION","","Kino Darmstadt","","","","-9.920000","","","EUR","","","","TR Card Transaction","48f24097-c345-4fca-a9b0-32bf182ee02e","","","","7832"
"2025-11-10T10:43:04.148374Z","2025-11-10","DEFAULT","CASH","TRANSFER_INSTANT_INBOUND","","","","","","150.000000","","","EUR","","","","Incoming transfer from Max Mustermann","e0e5c615-73e8-4a64-8714-5b02c05f1580","","","",""
"2025-11-10T18:39:43.309488Z","2025-11-10","DEFAULT","TRADING","BUY","STOCK","Coca-Cola","US1912161007","1.5624580000","64.0017","-100.00","-1.00","","EUR","","","","Buy trade US1912161007 COCA-COLA CO.   DL-,25, quantity: 1.562458","90ac26f2-82fc-4bbe-8c6c-2725fcea67bf","","","",""
"2025-11-11T19:13:06.324623Z","2025-11-11","DEFAULT","CASH","CARD_TRANSACTION","","Amazon.de","","","","-60.000000","","","EUR","","","","TR Card Transaction","4511f4e9-0c73-4f71-a349-d948933e5bf8","","","","5942"
"2025-11-11T19:48:45.136850Z","2025-11-11","DEFAULT","CASH","CARD_TRANSACTION","","REWE Darmstadt","","","","-13.190000","","","EUR","","","","TR Card Transaction","f852c376-49eb-4c18-b3fb-988f0981109e","","","","5411"
"2025-11-12T17:48:18.908353Z","2025-11-12","DEFAULT","TRADING","BUY","CRYPTO","XRP","XRP","37.1157320000","4.041413","-150.00","-1.00","","EUR","","","","Buy trade XF000XRP0018 XRP, quantity: 37.115732","a82fd042-8c95-4596-b8be-36999610ff19","","","",""
"2025-11-12T18:10:22.992101Z","2025-11-12","DEFAULT","CASH","TRANSFER_INSTANT_INBOUND","","","","","","200.000000","","","EUR","","","","Incoming transfer from Max Mustermann","43a3b7b1-26ff-461f-a2e5-5d7cf92afc6b","","","",""
"2025-11-14T19:50:17.905009Z","2025-11-14","DEFAULT","CASH","CARD_TRANSACTION","","Zalando SE","","","","-46.410000","","","EUR","","","","TR Card Transaction","e2c89adc-c9b5-41da-9f6d-9f475501704d","","","","5691"
"2025-11-15T06:49:14.766278Z","2025-11-15","DEFAULT","CASH","DIVIDEND","STOCK","Apple","US0378331005","15.4652030000","","4.800000","","-1.27","EUR","4.83","USD","0.993066","Cash Dividend for ISIN US0378331005","2bea5333-e5c2-4c4a-b9e6-3003803ac7d8","","","",""
"2025-11-15T09:23:15.583102Z","2025-11-15","DEFAULT","CASH","DIVIDEND","STOCK","ASML Holding","NL0010273215","1.4081800000","","2.750000","","-0.73","EUR","","","","Cash Dividend for ISIN NL0010273215","f8f863dd-78df-4c26-a07c-31a1f9baef2c","","","",""
"2025-11-28T06:15:44.395618Z","2025-11-28","DEFAULT","CASH","CARD_TRANSACTION","","DM-Drogerie Markt","","","","-25.450000","","","EUR","","","","TR Card Transaction","b5bb7679-f98e-46d4-8d6b-d76897e96613","","","","5912"
"2025-11-28T06:51:01.614560Z","2025-11-28","DEFAULT","CASH","TRANSFER_INSTANT_INBOUND","","","","","","150.000000","","","EUR","","","","Incoming transfer from Max Mustermann","20862c69-483c-4b1f-bf58-9c1402e5c437","","","",""
"2025-11-28T09:21:49.435182Z","2025-11-28","DEFAULT","TRADING","BUY","STOCK","Tesla","US88160R1014","0.3327030000","300.5688","-100.00","-1.00","","EUR","","","","Buy trade US88160R1014 TESLA INC. DL -,001, quantity: 0.332703","8d23eb26-3815-49ec-9cb6-4c46c8cc9835","","","",""
"2025-11-29T06:56:39.713158Z","2025-11-29","DEFAULT","CASH","CARD_TRANSACTION","","DB Vertrieb GmbH","","","","-50.980000","","","EUR","","","","TR Card Transaction","ad42de35-39fe-428f-b10c-0af49e23cacf","","","","4112"
"2025-11-29T09:46:58.435694Z","2025-11-29","DEFAULT","CASH","TRANSFER_INSTANT_INBOUND","","","","","","50.000000","","","EUR","","","","Incoming transfer from Max Mustermann","e574cb81-4817-4f36-8509-045c23784ff8","","","",""
"2025-11-29T17:08:56.060759Z","2025-11-29","DEFAULT","CASH","CARD_TRANSACTION","","MCDONALDS 01271","","","","-8.920000","","","EUR","","","","TR Card Transaction","658af526-f900-4c0c-9b35-ffab98451b1d","","","","5814"
"2025-11-30T15:06:34.306439Z","2025-11-30","DEFAULT","CASH","CARD_TRANSACTION","","Kino Darmstadt","","","","-12.200000","","","EUR","","","","TR Card Transaction","a5b19c0c-338f-40f1-8132-0a0a6b3be76a","","","","7832"
"2025-12-01T01:10:52.758072Z","2025-12-01","DEFAULT","CASH","INTEREST_PAYMENT","","","","","","0.700000","","-0.18","EUR","","","","Interest payment Booking","16c87519-b79a-4143-a5c3-28f4b8461c39","","","",""
"2025-12-01T10:48:26.204163Z","2025-12-01","DEFAULT","CASH","CUSTOMER_INPAYMENT","","","","","","300.000000","","","EUR","","","","Direct Debit Top up with DE89370400440532013000","7d03fd61-4dc9-43d4-b01e-612550a8e1f9","","","",""
"2025-12-02T07:44:47.898920Z","2025-12-02","DEFAULT","TRADING","BUY","FUND","Core S&P 500 USD (Acc)","IE00B5BMR087","0.0849520000","588.5650","-50.00","","","EUR","","","","Savings plan execution IE00B5BMR087 iShares VII plc - iShares Core S&P 500 UCITS ETF USD (Acc), quantity: 0.084952","7f2c8b99-9cc0-4445-b983-8936b41fddf3","","","",""
"2025-12-02T08:05:16.979137Z","2025-12-02","DEFAULT","TRADING","BUY","FUND","FTSE All-World USD (Dist)","IE00B3RBWM25","0.3519380000","142.0705","-50.00","","","EUR","","","","Savings plan execution IE00B3RBWM25 Vanguard FTSE All-World UCITS ETF (USD) Distributing, quantity: 0.351938","6bd2253a-b745-428e-aed5-f0eb54f6b60e","","","",""
"2025-12-02T14:21:21.438586Z","2025-12-02","DEFAULT","TRADING","BUY","FUND","Core MSCI World USD (Acc)","IE00B4L5Y983","1.0030150000","99.6994","-100.00","","","EUR","","","","Savings plan execution IE00B4L5Y983 iShares III plc - iShares Core MSCI World UCITS ETF USD (Acc), quantity: 1.003015","9e85a13c-8627-47f9-a22f-09eb408636de","","","",""
"2025-12-02T15:08:33.562146Z","2025-12-02","DEFAULT","TRADING","BUY","STOCK","Microsoft","US5949181045","0.0625460000","399.7062","-25.00","","","EUR","","","","Savings plan execution US5949181045 MICROSOFT  DL-,00000625, quantity: 0.062546","8b778802-7135-448e-9a78-5d24c0b9cd43","","","",""
"2025-12-02T18:27:27.829142Z","2025-12-02","DEFAULT","CASH","CARD_TRANSACTION","","HEAG mobilo GmbH","","","","-3.790000","","","EUR","","","","TR Card Transaction","fdbd2164-993a-44dd-ae63-80641cec99a7","","","","4111"
"2025-12-02T19:47:02.869880Z","2025-12-02","DEFAULT","TRADING","BUY","CRYPTO","Bitcoin","BTC","0.0005510000","45348.0841","-24.99","","","EUR","","","","Savings plan execution XF000BTC0017 Bitcoin, quantity: 0.000551","29370571-609b-498a-a0ec-a6dbc881613b","","","",""
"2025-12-03T12:55:03.545528Z","2025-12-03","DEFAULT","CASH","CARD_TRANSACTION","","REWE Darmstadt","","","","-42.430000","","","EUR","","","","TR Card Transaction","55d5e576-fd02-4d27-b04e-3724b709c8d3","","","","5411"
"2025-12-04T12:06:11.804881Z","2025-12-04","DEFAULT","CASH","CARD_TRANSACTION","","REWE Darmstadt","","","","-19.220000","","","EUR","","","","TR Card Transaction","436a2fcf-51cb-4d22-82dc-c66c56f3b1e6","","","","5411"
"2025-12-04T20:04:20.985985Z","2025-12-04","DEFAULT","CASH","TRANSFER_INSTANT_INBOUND","","","","","","50.000000","","","EUR","","","","Incoming transfer from Max Mustermann","b9229888-58b0-452c-ad75-ba6a160f8ac0","","","",""
"2025-12-07T14:18:47.042301Z","2025-12-07","DEFAULT","CASH","CARD_TRANSACTION","","DM-Drogerie Markt","","","","-19.390000","","","EUR","","","","TR Card Transaction","8865e7c6-3e37-4c67-8134-ab7548309e2a","","","","5912"
"2025-12-14T11:25:48.626891Z","2025-12-14","DEFAULT","CASH","CARD_TRANSACTION","","Pizzeria Da Mario","","","","-25.410000","","","EUR","","","","TR Card Transaction","b906dcbd-51f9-4d0f-b120-5d5a2edd4ed1","","","","5812"
"2025-12-15T13:09:21.592801Z","2025-12-15","DEFAULT","CASH","DIVIDEND","FUND","FTSE All-World USD (Dist)","IE00B3RBWM25","45.1697770000","","26.400000","","-6.96","EUR","26.42","USD","0.999337","Cash Dividend for ISIN IE00B3RBWM25","4ee0cd58-e474-4f9b-8b1c-a3d89ac6770d","","","",""
"2025-12-15T15:53:35.672922Z","2025-12-15","DEFAULT","CASH","DIVIDEND","STOCK","Microsoft","US5949181045","4.2340840000","","4.080000","","-1.08","EUR","4.13","USD","0.987815","Cash Dividend for ISIN US5949181045","a1473dcd-d4b2-4378-a165-714595d4b775","","","",""
"2025-12-15T17:37:24.667709Z","2025-12-15","DEFAULT","CASH","DIVIDEND","STOCK","Coca-Cola","US1912161007","22.2294390000","","13.680000","","-3.61","EUR","13.87","USD","0.986209","Cash Dividend for ISIN US1912161007","38d94365-c626-4554-bfa7-6dc75c53941d","","","",""
"2025-12-15T20:05:56.547579Z","2025-12-15","DEFAULT","CASH","DIVIDEND","STOCK","Alphabet (A)","US02079K3059","14.8530640000","","3.830000","","-1.01","EUR","3.86","USD","0.992391","Cash Dividend for ISIN US02079K3059","9f325db9-b1ea-4118-8067-3968e563d167","","","",""
"2025-12-17T10:49:27.423847Z","2025-12-17","DEFAULT","CASH","CARD_TRANSACTION","","Starbucks Darmstadt","","","","-5.470000","","","EUR","","","","TR Card Transaction","42eee3f6-16d3-4ba0-b149-6e4b6d0162ed","","","","5814"
"2025-12-20T13:33:38.231103Z","2025-12-20","DEFAULT","CASH","CARD_TRANSACTION","","MCDONALDS 01271","","","","-8.100000","","","EUR","","","","TR Card Transaction","8750df81-e0f5-4449-93da-4181bab9d663","","","","5814"
"2025-12-21T10:42:57.588411Z","2025-12-21","DEFAULT","CASH","CARD_TRANSACTION","","Starbucks Darmstadt","","","","-8.490000","","","EUR","","","","TR Card Transaction","e22fff22-03b4-455f-ae34-928b292d87fd","","","","5814"
"2025-12-22T09:09:57.728910Z","2025-12-22","DEFAULT","CASH","CARD_TRANSACTION","","Netflix.com","","","","-13.990000","","","EUR","","","","TR Card Transaction","a59f084b-3628-485f-8584-f542f44805d7","","","","4899"
"2025-12-27T10:15:37.834963Z","2025-12-27","DEFAULT","CASH","CARD_TRANSACTION","","Pizzeria Da Mario","","","","-21.170000","","","EUR","","","","TR Card Transaction","dae90c4f-862c-44e0-9b64-165437b674d2","","","","5812"
"2025-12-27T14:53:12.814972Z","2025-12-27","DEFAULT","CASH","CARD_TRANSACTION","","Kino Darmstadt","","","","-10.570000","","","EUR","","","","TR Card Transaction","b7d3e74e-6dcd-4c13-9222-1116f82cf1f0","","","","7832"
"2025-12-27T16:59:48.126024Z","2025-12-27","DEFAULT","CASH","TRANSFER_INSTANT_INBOUND","","","","","","50.000000","","","EUR","","","","Incoming transfer from Max Mustermann","8f829d2c-5ad5-4166-be70-35627a5b4a98","","","",""
"2025-12-29T19:38:25.951413Z","2025-12-29","DEFAULT","CASH","CARD_TRANSACTION","","REWE Darmstadt","","","","-3.270000","","","EUR","","","","TR Card Transaction","c2470a72-0d7d-4096-8c83-f6f1839903dc","","","","5411"
"2025-12-30T06:03:04.393416Z","2025-12-30","DEFAULT","CASH","CARD_TRANSACTION","","HEAG mobilo GmbH","","","","-6.720000","","","EUR","","","","TR Card Transaction","3bb5c8d1-80a4-459a-b94b-252b4e6535c1","","","","4111"
"2025-12-30T08:42:12.853869Z","2025-12-30","DEFAULT","CASH","CARD_TRANSACTION","","Kino Darmstadt","","","","-10.010000","","","EUR","","","","TR Card Transaction","c1e8c17a-a94a-4288-9499-8f6b8701c77d","","","","7832"
"2026-01-01T01:28:41.431106Z","2026-01-01","DEFAULT","CASH","INTEREST_PAYMENT","","","","","","0.670000","","0.00","EUR","","","","Interest payment Booking","c7203e59-22ea-4aae-a7d7-ab92c8e673c1","","","",""
"2026-01-01T07:46:23.231222Z","2026-01-01","DEFAULT","CASH","TAX_OPTIMIZATION","","","","","","0.000000","","9.78","EUR","","","","Tax Optimisation","f2c104fe-fa98-4eff-870f-36206a0fee98","","","",""
"2026-01-01T12:55:37.995542Z","2026-01-01","DEFAULT","CASH","CUSTOMER_INPAYMENT","","","","","","300.000000","","","EUR","","","","Direct Debit Top up with DE89370400440532013000","f6b706b9-6c66-48e6-a747-c3c0a6046bb8","","","",""
"2026-01-02T06:35:51.096541Z","2026-01-02","DEFAULT","TRADING","BUY","CRYPTO","Bitcoin","BTC","0.0005420000","46146.1605","-25.01","","","EUR","","","","Savings plan execution XF000BTC0017 Bitcoin, quantity: 0.000542","95116b76-1a8a-4e68-be01-824d477e78d8","","","",""
"2026-01-02T07:10:36.733248Z","2026-01-02","DEFAULT","CASH","TRANSFER_INSTANT_INBOUND","","","","","","100.000000","","","EUR","","","","Incoming transfer from Max Mustermann","6af8916b-603a-44d3-b207-978a2acffd0b","","","",""
"2026-01-02T08:49:49.276347Z","2026-01-02","DEFAULT","CASH","CARD_TRANSACTION","","Zalando SE","","","","-84.600000","","","EUR","","","","TR Card Transaction","f6c3f27f-13c9-4db6-927a-15698bd3811e","","","","5691"
"2026-01-02T10:38:08.361287Z","2026-01-02","DEFAULT","TRADING","BUY","STOCK","Microsoft","US5949181045","0.0675040000","370.3471","-25.00","","","EUR","","","","Savings plan execution US5949181045 MICROSOFT  DL-,00000625, quantity: 0.067504","ee4c33f4-21ff-4057-9856-d8d3a98a1bda","","","",""
"2026-01-02T14:04:12.208078Z","2026-01-02","DEFAULT","CASH","CARD_TRANSACTION","","REWE Darmstadt","","","","-19.690000","","","EUR","","","","TR Card Transaction","70023bad-f77f-4f3e-bfbd-111ba4df0271","","","","5411"
"2026-01-02T18:10:03.749013Z","2026-01-02","DEFAULT","TRADING","BUY","FUND","Core MSCI World USD (Acc)","IE00B4L5Y983","0.9439490000","105.9379","-100.00","","","EUR","","","","Savings plan execution IE00B4L5Y983 iShares III plc - iShares Core MSCI World UCITS ETF USD (Acc), quantity: 0.943949","19bef097-ff0b-4f98-8c43-367dee1c5e63","","","",""
"2026-01-02T18:48:55.431642Z","2026-01-02","DEFAULT","TRADING","BUY","FUND","Core S&P 500 USD (Acc)","IE00B5BMR087","0.0855870000","584.1976","-50.00","","","EUR","","","","Savings plan execution IE00B5BMR087 iShares VII plc - iShares Core S&P 500 UCITS ETF USD (Acc), quantity: 0.085587","a69049a5-759f-4582-a403-43588a7a7a3e","","","",""
"2026-01-02T20:56:08.761288Z","2026-01-02","DEFAULT","TRADING","BUY","FUND","FTSE All-World USD (Dist)","IE00B3RBWM25","0.3486940000","143.3923","-50.00","","","EUR","","","","Savings plan execution IE00B3RBWM25 Vanguard FTSE All-World UCITS ETF (USD) Distributing, quantity: 0.348694","8c3da92a-d701-4d9d-9db9-090c09c577b6","","","",""
"2026-01-05T12:54:57.951727Z","2026-01-05","DEFAULT","CASH","CARD_TRANSACTION","","Lidl sagt Danke","","","","-17.860000","","","EUR","","","","TR Card Transaction","e41624fd-91f6-4f98-ac7c-d71fd3f757af","","","","5411"
"2026-01-06T16:08:29.519829Z","2026-01-06","DEFAULT","TRADING","BUY","STOCK","Amazon","US0231351067","0.4707740000","212.4164","-100.00","-1.00","","EUR","","","","Buy trade US0231351067 AMAZON.COM INC. DL-,01, quantity: 0.470774","9f7e5b01-ff32-4eb1-9357-472a1f6b3eb4","","","",""
"2026-01-06T19:15:52.538228Z","2026-01-06","DEFAULT","CASH","TRANSFER_INSTANT_INBOUND","","","","","","150.000000","","","EUR","","","","Incoming transfer from Max Mustermann","c6c7adc9-9b82-49a7-93b6-b3bee21746f6","","","",""
"2026-01-07T14:37:03.761252Z","2026-01-07","DEFAULT","CASH","CARD_TRANSACTION","","Apotheke am Markt","","","","-10.230000","","","EUR","","","","TR Card Transaction","7fddcf97-12b3-4dae-bb80-33f9845a2edc","","","","5912"
"2026-01-07T16:03:09.906098Z","2026-01-07","DEFAULT","CASH","CARD_TRANSACTION","","Rossmann","","","","-21.880000","","","EUR","","","","TR Card Transaction","5500a4ee-1546-4b07-8408-55d44b6ab349","","","","5912"
"2026-01-09T10:57:29.776907Z","2026-01-09","DEFAULT","CASH","TRANSFER_INSTANT_INBOUND","","","","","","50.000000","","","EUR","","","","Incoming transfer from Max Mustermann","23d799d8-6293-4f8d-a68c-b447fb5edaf6","","","",""
"2026-01-09T21:42:32.178591Z","2026-01-09","DEFAULT","CASH","CARD_TRANSACTION","","Zalando SE","","","","-57.390000","","","EUR","","","","TR Card Transaction","e7341fb5-1875-40fc-b375-dd6d04420d3a","","","","5691"
"2026-01-12T13:56:07.889272Z","2026-01-12","DEFAULT","CASH","CARD_TRANSACTION","","Shell Tankstelle","","","","-39.350000","","","EUR","","","","TR Card Transaction","da4fb293-9463-453a-8925-4fea4a99deda","","","","5541"
"2026-01-12T16:26:01.354912Z","2026-01-12","DEFAULT","CASH","CARD_TRANSACTION","","Kino Darmstadt","","","","-9.890000","","","EUR","","","","TR Card Transaction","5d76ecf6-9303-49c5-8eb2-08d9b85ccfa2","","","","7832"
"2026-01-12T16:47:53.515171Z","2026-01-12","DEFAULT","CASH","CARD_TRANSACTION","","Netflix.com","","","","-13.990000","","","EUR","","","","TR Card Transaction","b0c2efdd-29fd-4452-a9dc-235634ace7b2","","","","4899"
"2026-01-12T19:55:52.242880Z","2026-01-12","DEFAULT","CASH","TRANSFER_INSTANT_INBOUND","","","","","","50.000000","","","EUR","","","","Incoming transfer from Max Mustermann","951bd314-eab3-4f7a-a090-e88d2b151288","","","",""
"2026-01-13T09:29:30.734120Z","2026-01-13","DEFAULT","TRADING","BUY","FUND","Core S&P 500 USD (Acc)","IE00B5BMR087","0.5078000000","590.7842","-300.00","-1.00","","EUR","","","","Buy trade IE00B5BMR087 iShares VII plc - iShares Core S&P 500 UCITS ETF USD (Acc), quantity: 0.507800","9b0f5c36-aa9e-42e0-8308-f68eaa0d03ed","","","",""
"2026-01-13T19:25:43.972140Z","2026-01-13","DEFAULT","CASH","TRANSFER_INSTANT_INBOUND","","","","","","350.000000","","","EUR","","","","Incoming transfer from Max Mustermann","642679a4-741a-4e1c-8328-6385bc3696f7","","","",""
"2026-01-15T11:11:14.659737Z","2026-01-15","DEFAULT","CASH","DIVIDEND","STOCK","NVIDIA","US67066G1040","43.5678470000","","0.580000","","-0.15","EUR","0.59","USD","0.990309","Cash Dividend for ISIN US67066G1040","74f6f9b2-06b2-43a6-b819-15e5e4031307","","","",""
"2026-01-17T14:25:36.157643Z","2026-01-17","DEFAULT","CASH","CARD_TRANSACTION","","Shell Tankstelle","","","","-67.480000","","","EUR","","","","TR Card Transaction","726ec106-46d4-47ef-b0b4-b04fa0e90183","","","","5541"
"2026-01-30T08:46:40.695931Z","2026-01-30","DEFAULT","CASH","TRANSFER_INSTANT_INBOUND","","","","","","100.000000","","","EUR","","","","Incoming transfer from Max Mustermann","70ae6d19-98a3-4efc-b74c-de1d91812b10","","","",""
"2026-01-30T20:31:39.558049Z","2026-01-30","DEFAULT","CASH","CARD_TRANSACTION","","Lidl sagt Danke","","","","-33.830000","","","EUR","","","","TR Card Transaction","4b874112-4617-4995-820b-c4e13d652582","","","","5411"
